사고번호,사고일시,요일,시군구,사고내용,사망자수,중상자수,경상자수,부상신고자수,사고유형,법규위반,노면상태,기상상태,도로형태,가해운전자 차종,가해운전자 성별,가해운전자 연령,가해운전자 상해정도,피해운전자 차종,피해운전자 성별,피해운전자 연령,피해운전자 상해정도
2013011100100358,2013년 1월 11일 15시,금요일,인천광역시 연수구 동춘동,경상사고,0,0,1,0,차대차 - 측면직각충돌,안전운전불이행,건조,맑음,교차로 - 교차로안,승용,남,61세,상해없음,이륜,남,25세,경상
2013011100100386,2013년 1월 11일 16시,금요일,인천광역시 중구 운서동,경상사고,0,0,3,0,차대차 - 측면직각충돌,신호위반,건조,맑음,교차로 - 교차로안,화물,남,55세,상해없음,승용,여,30세,경상
2013011100100387,2013년 1월 11일 16시,금요일,인천광역시 서구 석남동,경상사고,0,0,1,0,차대사람 - 기타,안전운전불이행,건조,맑음,단일로 - 기타,기타불명,기타불명,기타불명,기타불명,보행자,남,60세,경상
2013011100100424,2013년 1월 11일 17시,금요일,인천광역시 남구 도화동,경상사고,0,0,2,0,차대차 - 기타,신호위반,건조,맑음,교차로 - 교차로안,승합,남,56세,상해없음,승용,남,35세,경상
2013011100100425,2013년 1월 11일 17시,금요일,인천광역시 서구 가좌동,경상사고,0,0,1,0,차대차 - 추돌 - 진행중,안전운전불이행,건조,맑음,단일로 - 기타,승용,남,45세,상해없음,승용,여,26세,경상
2013011100100469,2013년 1월 11일 18시,금요일,인천광역시 남구 주안동,경상사고,0,0,1,0,차대차 - 추돌 - 주정차중,안전운전불이행,건조,맑음,교차로 - 교차로부근,승용,남,55세,상해없음,승용,남,33세,경상
2013011100100470,2013년 1월 11일 18시,금요일,인천광역시 남구 주안동,경상사고,0,0,1,0,차대차 - 측면직각충돌,안전운전불이행,건조,맑음,단일로 - 기타,화물,남,42세,상해없음,승용,남,59세,경상
2013011100100471,2013년 1월 11일 18시,금요일,인천광역시 남구 숭의동,경상사고,0,0,1,0,차대차 - 측면직각충돌,교차로운행방법위반,건조,맑음,교차로 - 교차로부근,승용,남,43세,상해없음,화물,남,41세,경상
2013011100100472,2013년 1월 11일 18시,금요일,인천광역시 서구 백석동,중상사고,0,1,4,0,차대차 - 기타,안전거리미확보,건조,맑음,단일로 - 기타,화물,남,35세,상해없음,승합,남,41세,경상
2013011100100473,2013년 1월 11일 18시,금요일,인천광역시 연수구 송도동,경상사고,0,0,1,0,차대차 - 기타,안전거리미확보,건조,맑음,단일로 - 교량,승용,남,46세,상해없음,특수,남,56세,경상
2013011100100528,2013년 1월 11일 19시,금요일,인천광역시 부평구 청천동,중상사고,0,1,0,0,차대사람 - 횡단중,안전운전불이행,건조,맑음,교차로 - 교차로부근,화물,남,42세,상해없음,보행자,남,60세,중상
2013011100100529,2013년 1월 11일 19시,금요일,인천광역시 서구 가좌동,경상사고,0,0,1,0,차대사람 - 기타,안전운전불이행,건조,맑음,단일로 - 기타,승용,남,48세,상해없음,보행자,남,37세,경상
2013011100100570,2013년 1월 11일 20시,금요일,인천광역시 남구 주안동,중상사고,0,1,0,0,차대차 - 측면직각충돌,신호위반,건조,맑음,교차로 - 교차로안,승용,남,46세,상해없음,원동기,남,42세,중상
2013011100100609,2013년 1월 11일 21시,금요일,인천광역시 부평구 청천동,중상사고,0,1,1,0,차대사람 - 횡단중,보행자보호의무위반,습기,맑음,교차로 - 교차로부근,승용,남,41세,상해없음,보행자,여,31세,경상
2013011100100610,2013년 1월 11일 21시,금요일,인천광역시 남동구 논현동,경상사고,0,0,1,0,차대차 - 추돌 - 진행중,안전거리미확보,건조,맑음,교차로 - 교차로부근,승용,남,57세,상해없음,승용,남,51세,경상
2013011100100647,2013년 1월 11일 22시,금요일,인천광역시 남동구 간석동,경상사고,0,0,1,0,차대차 - 기타,안전운전불이행,건조,맑음,교차로 - 교차로안,승용,기타불명,기타불명,기타불명,승용,남,52세,상해없음
2013011100100648,2013년 1월 11일 22시,금요일,인천광역시 서구 가정동,경상사고,0,0,1,0,차대차 - 측면직각충돌,안전거리미확보,건조,맑음,기타 - 기타,화물,남,39세,상해없음,승용,남,57세,경상
2013011100100689,2013년 1월 11일 23시,금요일,인천광역시 부평구 부평동,중상사고,0,1,0,0,차대사람 - 횡단중,안전운전불이행,건조,맑음,교차로 - 교차로안,승용,남,27세,상해없음,보행자,여,23세,중상
2013011200100035,2013년 1월 12일 00시,토요일,인천광역시 중구 신흥동3가,경상사고,0,0,2,0,차대차 - 추돌 - 진행중,안전운전불이행,건조,맑음,단일로 - 기타,승용,남,41세,상해없음,승용,남,57세,경상
2013011200100036,2013년 1월 12일 00시,토요일,인천광역시 부평구 부평동,경상사고,0,0,2,0,차대차 - 측면직각충돌,중앙선침범,건조,맑음,단일로 - 기타,승용,여,48세,상해없음,승용,남,44세,경상
2013011200100097,2013년 1월 12일 02시,토요일,인천광역시 남구 관교동,경상사고,0,0,4,0,차대차 - 측면직각충돌,안전거리미확보,기타,흐림,단일로 - 기타,승용,남,48세,상해없음,승용,남,47세,경상
2013011200100098,2013년 1월 12일 02시,토요일,인천광역시 서구 심곡동,경상사고,0,0,1,0,차대차 - 기타,안전거리미확보,건조,맑음,단일로 - 기타,승용,남,25세,상해없음,승용,남,39세,경상
2013011200100117,2013년 1월 12일 03시,토요일,인천광역시 남구 도화동,경상사고,0,0,1,0,차대차 - 측면직각충돌,안전거리미확보,습기,흐림,단일로 - 기타,승용,여,24세,상해없음,승용,남,54세,경상
2013011200100118,2013년 1월 12일 03시,토요일,인천광역시 서구 석남동,중상사고,0,1,0,0,차대사람 - 횡단중,안전운전불이행,습기,맑음,단일로 - 기타,승용,남,48세,상해없음,보행자,남,42세,중상
2013011200100127,2013년 1월 12일 04시,토요일,인천광역시 남구 주안동,중상사고,0,1,1,0,차대차 - 추돌 - 주정차중,안전운전불이행,결빙,눈,단일로 - 기타,승용,남,45세,상해없음,승용,남,27세,경상
2013011200100141,2013년 1월 12일 05시,토요일,인천광역시 부평구 부개동,경상사고,0,0,1,0,차대차 - 측면직각충돌,중앙선침범,결빙,눈,교차로 - 교차로부근,승용,남,35세,상해없음,승용,남,61세,상해없음
2013011200100255,2013년 1월 12일 11시,토요일,인천광역시 남구 주안동,경상사고,0,0,2,0,차대차 - 측면직각충돌,안전운전불이행,습기,맑음,단일로 - 기타,승용,남,51세,상해없음,승용,여,43세,경상
2013011200100256,2013년 1월 12일 11시,토요일,인천광역시 남구 숭의동,부상신고사고,0,0,0,1,차대차 - 측면직각충돌,안전운전불이행,건조,맑음,단일로 - 기타,이륜,남,17세,부상신고,승용,남,55세,상해없음
2013011200100257,2013년 1월 12일 11시,토요일,인천광역시 남구 주안동,중상사고,0,1,0,0,차대사람 - 횡단중,안전운전불이행,습기,맑음,기타 - 기타,승용,남,63세,상해없음,보행자,여,71세,중상
2013011200100292,2013년 1월 12일 12시,토요일,인천광역시 서구 경서동,경상사고,0,0,2,0,차대차 - 측면직각충돌,신호위반,건조,맑음,교차로 - 교차로안,승용,남,60세,상해없음,승용,남,31세,경상
2013011200100320,2013년 1월 12일 13시,토요일,인천광역시 남동구 고잔동,경상사고,0,0,1,0,차대차 - 측면직각충돌,안전운전불이행,건조,맑음,단일로 - 기타,화물,남,57세,상해없음,원동기,남,45세,경상
2013011200100369,2013년 1월 12일 15시,토요일,인천광역시 부평구 삼산동,중상사고,0,1,0,0,차대사람 - 횡단중,안전운전불이행,습기,맑음,교차로 - 교차로안,화물,남,58세,상해없음,보행자,남,52세,중상
2013011200100416,2013년 1월 12일 17시,토요일,인천광역시 중구 운북동,경상사고,0,0,1,0,차대차 - 정면충돌,안전운전불이행,결빙,맑음,단일로 - 기타,화물,남,45세,상해없음,승용,남,56세,경상
2013011200100460,2013년 1월 12일 18시,토요일,인천광역시 계양구 박촌동,경상사고,0,0,1,0,차대차 - 측면직각충돌,안전운전불이행,건조,흐림,교차로 - 교차로안,승용,남,49세,상해없음,승용,남,52세,경상
2013011200100505,2013년 1월 12일 19시,토요일,인천광역시 서구 불로동,중상사고,0,1,2,0,차대차 - 기타,중앙선침범,건조,맑음,단일로 - 기타,승용,남,42세,상해없음,승용,남,37세,중상
2013011200100560,2013년 1월 12일 21시,토요일,인천광역시 부평구 부평동,경상사고,0,0,2,0,차대차 - 기타,안전운전불이행,결빙,맑음,단일로 - 기타,승용,남,49세,상해없음,승용,남,25세,경상
2013011200100561,2013년 1월 12일 21시,토요일,인천광역시 서구 석남동,경상사고,0,0,2,0,차대차 - 측면직각충돌,기타,건조,맑음,교차로 - 교차로안,승용,남,47세,기타불명,승용,남,19세,경상
2013011200100562,2013년 1월 12일 21시,토요일,인천광역시 서구 당하동,경상사고,0,0,1,0,차량단독 - 기타,안전운전불이행,건조,맑음,기타 - 기타,승용,남,52세,상해없음,,,,
2013011200100563,2013년 1월 12일 21시,토요일,인천광역시 계양구 작전동,중상사고,0,1,0,0,차대사람 - 횡단중,신호위반,습기,흐림,교차로 - 교차로부근,승용,남,25세,상해없음,보행자,여,19세,중상
2013011300100018,2013년 1월 13일 00시,일요일,인천광역시 남동구 간석동,경상사고,0,0,1,0,차대차 - 추돌 - 주정차중,안전운전불이행,건조,맑음,단일로 - 기타,승용,남,43세,상해없음,승용,남,41세,경상
2013011300100042,2013년 1월 13일 01시,일요일,인천광역시 부평구 삼산동,중상사고,0,2,1,0,차대차 - 측면직각충돌,안전운전불이행,건조,맑음,단일로 - 기타,승용,남,43세,상해없음,승용,남,50세,중상
2013011300100043,2013년 1월 13일 01시,일요일,인천광역시 남구 도화동,중상사고,0,1,1,0,차대차 - 측면직각충돌,안전운전불이행,건조,맑음,단일로 - 기타,승용,남,24세,상해없음,승용,남,49세,경상
2013011300100072,2013년 1월 13일 03시,일요일,인천광역시 연수구 청학동,중상사고,0,1,0,0,차대차 - 추돌 - 주정차중,안전운전불이행,습기,맑음,교차로 - 교차로부근,승용,남,32세,상해없음,승용,남,63세,중상
2013011300100092,2013년 1월 13일 05시,일요일,인천광역시 연수구 선학동,경상사고,0,0,1,0,차량단독 - 기타,안전운전불이행,건조,맑음,단일로 - 기타,승합,남,51세,상해없음,,,,
2013011300100208,2013년 1월 13일 13시,일요일,인천광역시 부평구 산곡동,중상사고,0,1,0,0,차대사람 - 횡단중,안전운전불이행,건조,맑음,교차로 - 교차로부근,승용,여,24세,상해없음,보행자,여,63세,중상
2013011300100209,2013년 1월 13일 13시,일요일,인천광역시 남동구 남촌동,중상사고,0,4,6,0,차대차 - 측면직각충돌,신호위반,건조,맑음,교차로 - 교차로안,화물,남,43세,경상,승합,남,41세,중상
2013011300100244,2013년 1월 13일 15시,일요일,인천광역시 중구 전동,중상사고,0,2,14,3,차대차 - 추돌 - 주정차중,안전운전불이행,건조,맑음,단일로 - 기타,승합,남,49세,상해없음,화물,남,45세,상해없음
2013011300100245,2013년 1월 13일 15시,일요일,인천광역시 부평구 부평동,부상신고사고,0,0,0,1,차대차 - 기타,기타,건조,맑음,단일로 - 기타,원동기,남,52세,부상신고,승용,여,42세,상해없음
2013011300100246,2013년 1월 13일 15시,일요일,인천광역시 연수구 송도동,경상사고,0,0,2,0,차대차 - 측면직각충돌,안전거리미확보,습기,맑음,단일로 - 기타,승용,남,60세,상해없음,승용,남,60세,상해없음
2013011300100261,2013년 1월 13일 16시,일요일,인천광역시 계양구 병방동,중상사고,0,1,0,0,차대사람 - 횡단중,신호위반,건조,맑음,교차로 - 교차로안,승용,남,54세,상해없음,보행자,여,73세,중상
2013011300100316,2013년 1월 13일 18시,일요일,인천광역시 남구 용현동,경상사고,0,0,1,0,차대차 - 기타,안전운전불이행,건조,맑음,교차로 - 교차로부근,이륜,남,16세,상해없음,승용,남,40세,상해없음
2013011300100317,2013년 1월 13일 18시,일요일,인천광역시 서구 불로동,경상사고,0,0,1,0,차대사람 - 횡단중,안전운전불이행,건조,맑음,단일로 - 기타,승용,여,30세,상해없음,보행자,남,13세,경상
2013011300100318,2013년 1월 13일 18시,일요일,인천광역시 계양구 임학동,중상사고,0,1,0,0,차대사람 - 횡단중,안전운전불이행,건조,맑음,단일로 - 횡단보도상,승합,남,31세,상해없음,보행자,여,26세,중상
2013011300100353,2013년 1월 13일 19시,일요일,인천광역시 부평구 청천동,중상사고,0,1,0,0,차량단독 - 기타,안전운전불이행,건조,맑음,교차로 - 교차로부근,승합,기타불명,기타불명,기타불명,,,,
2013011300100354,2013년 1월 13일 19시,일요일,인천광역시 강화군 양도면,중상사고,0,2,0,0,차대차 - 기타,안전운전불이행,건조,맑음,교차로 - 교차로안,화물,남,55세,상해없음,승용,여,61세,중상
2013011300100378,2013년 1월 13일 20시,일요일,인천광역시 부평구 산곡동,경상사고,0,0,2,0,차대차 - 측면직각충돌,신호위반,건조,맑음,교차로 - 교차로안,승용,남,26세,상해없음,승용,남,54세,경상
2013011300100455,2013년 1월 13일 23시,일요일,인천광역시 남동구 장수동,경상사고,0,0,4,0,차대차 - 추돌 - 진행중,차로위반,건조,맑음,단일로 - 기타,승용,남,25세,상해없음,승용,남,29세,경상
2013011400100020,2013년 1월 14일 01시,월요일,인천광역시 서구 석남동,중상사고,0,1,0,0,차대차 - 측면직각충돌,안전거리미확보,건조,맑음,단일로 - 교량,승용,남,19세,상해없음,승용,남,58세,중상
2013011400100028,2013년 1월 14일 02시,월요일,인천광역시 남동구 간석동,경상사고,0,0,1,0,차대차 - 측면직각충돌,중앙선침범,건조,맑음,단일로 - 기타,승용,남,47세,상해없음,이륜,남,43세,경상
2013011400100089,2013년 1월 14일 07시,월요일,인천광역시 계양구 효성동,사망사고,1,0,0,0,차대사람 - 차도통행중,안전운전불이행,건조,맑음,교차로 - 교차로부근,승합,남,50세,상해없음,보행자,여,83세,사망
2013011400100141,2013년 1월 14일 09시,월요일,인천광역시 남구 학익동,중상사고,0,1,0,0,차대사람 - 기타,안전운전불이행,건조,맑음,단일로 - 기타,승용,남,37세,상해없음,보행자,여,27세,중상
2013011400100169,2013년 1월 14일 10시,월요일,인천광역시 계양구 작전동,중상사고,0,1,0,0,차대사람 - 횡단중,안전운전불이행,건조,맑음,교차로 - 교차로안,화물,남,34세,상해없음,보행자,여,80세,중상
2013011400100190,2013년 1월 14일 11시,월요일,인천광역시 중구 운서동,중상사고,0,2,0,0,차대차 - 정면충돌,신호위반,건조,맑음,교차로 - 교차로안,승용,남,43세,중상,승용,여,56세,중상
2013011400100191,2013년 1월 14일 11시,월요일,인천광역시 부평구 산곡동,중상사고,0,1,0,0,차대사람 - 길가장자리구역통행중,안전운전불이행,기타,기타,단일로 - 기타,승합,남,58세,상해없음,보행자,남,61세,중상
2013011400100192,2013년 1월 14일 11시,월요일,인천광역시 계양구 작전동,경상사고,0,0,1,0,차대차 - 측면직각충돌,안전운전불이행,건조,맑음,교차로 - 교차로부근,승용,기타불명,기타불명,기타불명,승합,남,48세,상해없음
2013011400100209,2013년 1월 14일 12시,월요일,인천광역시 남동구 간석동,경상사고,0,0,1,0,차대차 - 기타,안전거리미확보,건조,맑음,교차로 - 교차로부근,승용,남,54세,상해없음,승용,남,38세,경상
2013011400100210,2013년 1월 14일 12시,월요일,인천광역시 서구 석남동,경상사고,0,0,1,0,차대차 - 측면직각충돌,안전운전불이행,건조,맑음,단일로 - 기타,승용,남,63세,상해없음,화물,남,47세,경상
2013011400100228,2013년 1월 14일 13시,월요일,인천광역시 남구 주안동,중상사고,0,1,0,0,차대차 - 측면직각충돌,신호위반,건조,맑음,교차로 - 교차로부근,화물,남,33세,기타불명,승용,남,57세,중상
2013011400100229,2013년 1월 14일 13시,월요일,인천광역시 남구 관교동,경상사고,0,0,1,0,차대사람 - 기타,안전운전불이행,건조,맑음,단일로 - 기타,승용,여,47세,상해없음,보행자,남,55세,경상
2013011400100274,2013년 1월 14일 15시,월요일,인천광역시 중구 운남동,경상사고,0,0,1,0,차대차 - 측면직각충돌,안전운전불이행,건조,맑음,단일로 - 횡단보도상,승용,남,43세,상해없음,승용,여,45세,경상
2013011400100275,2013년 1월 14일 15시,월요일,인천광역시 부평구 십정동,경상사고,0,0,4,0,차대차 - 기타,안전운전불이행,건조,맑음,단일로 - 기타,승합,남,44세,상해없음,승용,남,34세,경상
2013011400100276,2013년 1월 14일 15시,월요일,인천광역시 서구 당하동,부상신고사고,0,0,0,1,차량단독 - 전도전복,안전운전불이행,건조,맑음,교차로 - 교차로안,원동기,남,42세,부상신고,,,,
2013011400100331,2013년 1월 14일 17시,월요일,인천광역시 남동구 도림동,경상사고,0,0,2,0,차대차 - 추돌 - 주정차중,안전운전불이행,건조,맑음,단일로 - 기타,승용,남,67세,상해없음,승용,여,22세,경상
2013011400100332,2013년 1월 14일 17시,월요일,인천광역시 부평구 부개동,중상사고,0,1,0,0,차대차 - 측면직각충돌,안전거리미확보,건조,맑음,교차로 - 교차로부근,승용,남,44세,상해없음,이륜,남,44세,중상
2013011400100374,2013년 1월 14일 18시,월요일,인천광역시 동구 송림동,경상사고,0,0,2,0,차대차 - 측면직각충돌,안전운전불이행,건조,맑음,교차로 - 교차로부근,승용,남,34세,기타불명,승용,남,42세,경상
2013011400100407,2013년 1월 14일 19시,월요일,인천광역시 옹진군 영흥면,경상사고,0,0,2,0,차대차 - 측면직각충돌,중앙선침범,건조,맑음,교차로 - 교차로부근,승용,여,51세,상해없음,승용,남,47세,경상
2013011400100408,2013년 1월 14일 19시,월요일,인천광역시 남동구 구월동,경상사고,0,0,1,0,차대차 - 측면직각충돌,안전운전불이행,건조,맑음,교차로 - 교차로부근,승용,여,42세,상해없음,승용,남,51세,경상
2013011400100409,2013년 1월 14일 19시,월요일,인천광역시 계양구 병방동,경상사고,0,0,1,0,차대차 - 기타,안전운전불이행,건조,맑음,교차로 - 교차로안,화물,기타불명,기타불명,기타불명,승용,여,30세,경상
2013011400100432,2013년 1월 14일 20시,월요일,인천광역시 남구 주안동,경상사고,0,0,1,0,차대차 - 정면충돌,중앙선침범,건조,맑음,단일로 - 기타,승용,남,46세,상해없음,승용,남,42세,경상
2013011400100433,2013년 1월 14일 20시,월요일,인천광역시 부평구 십정동,경상사고,0,0,1,0,차대차 - 기타,중앙선침범,건조,맑음,단일로 - 기타,승용,기타불명,기타불명,기타불명,이륜,남,51세,경상
2013011400100434,2013년 1월 14일 20시,월요일,인천광역시 남동구 구월동,중상사고,0,1,0,0,차대사람 - 기타,기타,건조,맑음,단일로 - 기타,승합,남,47세,상해없음,보행자,여,53세,중상
2013011400100435,2013년 1월 14일 20시,월요일,인천광역시 서구 연희동,경상사고,0,0,1,0,차대차 - 기타,안전거리미확보,건조,맑음,교차로 - 교차로부근,승용,남,57세,상해없음,승용,남,31세,경상
2013011400100437,2013년 1월 14일 20시,월요일,인천광역시 연수구 청학동,경상사고,0,0,3,0,차대차 - 측면직각충돌,안전운전불이행,건조,맑음,교차로 - 교차로안,승용,남,52세,상해없음,승용,남,39세,경상
2013011400100460,2013년 1월 14일 21시,월요일,인천광역시 남구 도화동,경상사고,0,0,1,0,차대차 - 측면직각충돌,안전거리미확보,건조,맑음,단일로 - 기타,승용,남,64세,상해없음,이륜,남,40세,경상
2013011400100461,2013년 1월 14일 21시,월요일,인천광역시 남동구 간석동,경상사고,0,0,2,0,차대차 - 추돌 - 주정차중,안전거리미확보,건조,맑음,단일로 - 기타,승용,남,33세,상해없음,승용,여,52세,경상
2013011400100462,2013년 1월 14일 21시,월요일,인천광역시 계양구 계산동,경상사고,0,0,1,0,차대사람 - 차도통행중,안전운전불이행,건조,맑음,단일로 - 기타,승용,여,37세,상해없음,보행자,남,29세,경상
2013011400100484,2013년 1월 14일 22시,월요일,인천광역시 남구 도화동,중상사고,0,1,0,0,차대사람 - 횡단중,안전운전불이행,건조,맑음,단일로 - 기타,승용,여,52세,상해없음,보행자,여,72세,중상
2013011400100485,2013년 1월 14일 22시,월요일,인천광역시 남동구 구월동,중상사고,0,1,1,0,차대차 - 추돌 - 주정차중,안전운전불이행,건조,맑음,교차로 - 교차로부근,승용,남,38세,상해없음,승용,남,28세,경상
2013011400100486,2013년 1월 14일 22시,월요일,인천광역시 남동구 만수동,경상사고,0,0,1,0,차대차 - 측면직각충돌,신호위반,건조,맑음,교차로 - 교차로안,이륜,남,16세,상해없음,승용,남,29세,경상
2013011400100513,2013년 1월 14일 23시,월요일,인천광역시 남구 용현동,경상사고,0,0,1,0,차대차 - 측면직각충돌,안전운전불이행,건조,맑음,단일로 - 기타,승용,남,54세,상해없음,승합,남,57세,경상
2013011500100021,2013년 1월 15일 00시,화요일,인천광역시 계양구 계산동,경상사고,0,0,2,0,차대차 - 측면직각충돌,안전운전불이행,건조,맑음,기타 - 기타,승용,남,53세,상해없음,승합,남,60세,경상
2013011500100097,2013년 1월 15일 06시,화요일,인천광역시 부평구 삼산동,경상사고,0,0,1,0,차대사람 - 기타,안전운전불이행,건조,맑음,단일로 - 기타,화물,남,49세,상해없음,보행자,남,70세,경상
2013011500100169,2013년 1월 15일 09시,화요일,인천광역시 부평구 부평동,중상사고,0,1,0,0,차대사람 - 횡단중,신호위반,건조,맑음,교차로 - 교차로안,승용,남,31세,상해없음,보행자,여,7세,중상
2013011500100194,2013년 1월 15일 10시,화요일,인천광역시 부평구 구산동,경상사고,0,0,2,0,차대차 - 측면직각충돌,신호위반,건조,맑음,교차로 - 교차로안,승용,여,52세,상해없음,승용,남,48세,경상
2013011500100267,2013년 1월 15일 14시,화요일,인천광역시 부평구 청천동,경상사고,0,0,2,0,차대차 - 측면직각충돌,교차로운행방법위반,건조,맑음,교차로 - 교차로부근,화물,남,48세,상해없음,승합,남,49세,경상
2013011500100319,2013년 1월 15일 17시,화요일,인천광역시 강화군 강화읍,경상사고,0,0,1,0,차대차 - 추돌 - 진행중,안전운전불이행,건조,맑음,교차로 - 교차로부근,이륜,남,20세,경상,승용,여,36세,상해없음
2013011500100359,2013년 1월 15일 18시,화요일,인천광역시 중구 중산동,경상사고,0,0,1,0,차대차 - 측면직각충돌,신호위반,건조,맑음,교차로 - 교차로안,승용,여,23세,상해없음,승용,남,25세,경상
2013011500100360,2013년 1월 15일 18시,화요일,인천광역시 서구 마전동,부상신고사고,0,0,0,1,차대사람 - 길가장자리구역통행중,안전운전불이행,건조,맑음,기타 - 기타,기타불명,기타불명,기타불명,기타불명,보행자,여,14세,부상신고
2013011500100432,2013년 1월 15일 20시,화요일,인천광역시 남구 숭의동,경상사고,0,0,2,0,차대차 - 추돌 - 주정차중,안전운전불이행,건조,맑음,단일로 - 기타,승용,남,21세,상해없음,승용,여,27세,경상
2013011500100433,2013년 1월 15일 20시,화요일,인천광역시 남구 주안동,경상사고,0,0,4,0,차대차 - 추돌 - 주정차중,안전운전불이행,건조,맑음,단일로 - 기타,승용,남,35세,상해없음,승용,남,21세,경상
2013011500100466,2013년 1월 15일 21시,화요일,인천광역시 옹진군 백령면,중상사고,0,1,0,0,차량단독 - 공작물충돌,안전운전불이행,건조,맑음,단일로 - 기타,화물,남,50세,상해없음,,,,
2013011500100467,2013년 1월 15일 21시,화요일,인천광역시 서구 검암동,중상사고,0,1,0,0,차대사람 - 횡단중,보행자보호의무위반,건조,맑음,단일로 - 횡단보도상,승용,남,22세,상해없음,보행자,남,56세,중상
2013011500100534,2013년 1월 15일 23시,화요일,인천광역시 부평구 청천동,경상사고,0,0,1,0,차대차 - 추돌 - 진행중,안전운전불이행,건조,맑음,교차로 - 교차로부근,승용,남,37세,상해없음,승용,남,55세,경상
2013011500100535,2013년 1월 15일 23시,화요일,인천광역시 서구 가좌동,중상사고,0,1,0,0,차대차 - 추돌 - 진행중,안전운전불이행,건조,맑음,단일로 - 기타,승용,남,54세,상해없음,승용,남,32세,중상
2013011600100022,2013년 1월 16일 00시,수요일,인천광역시 남구 주안동,중상사고,0,1,0,0,차대사람 - 기타,안전운전불이행,습기,맑음,단일로 - 기타,승용,남,48세,상해없음,보행자,남,59세,중상
2013011600100055,2013년 1월 16일 03시,수요일,인천광역시 서구 금곡동,중상사고,0,1,0,0,차대차 - 측면직각충돌,신호위반,결빙,맑음,교차로 - 교차로안,승용,남,62세,상해없음,승용,남,53세,중상
2013011600100072,2013년 1월 16일 05시,수요일,인천광역시 남동구 간석동,경상사고,0,0,1,0,차대차 - 측면직각충돌,신호위반,건조,흐림,교차로 - 교차로안,승용,남,36세,상해없음,승용,남,57세,경상
2013011600100088,2013년 1월 16일 06시,수요일,인천광역시 남동구 논현동,경상사고,0,0,1,0,차대차 - 측면직각충돌,안전거리미확보,건조,흐림,단일로 - 기타,승합,남,58세,상해없음,승용,남,49세,경상
2013011600100109,2013년 1월 16일 07시,수요일,인천광역시 남구 용현동,경상사고,0,0,2,0,차대차 - 기타,신호위반,건조,맑음,교차로 - 교차로안,승합,남,49세,상해없음,승용,남,32세,경상
2013011600100110,2013년 1월 16일 07시,수요일,인천광역시 남구 주안동,경상사고,0,0,1,0,차대차 - 측면직각충돌,신호위반,습기,맑음,단일로 - 횡단보도부근,승용,여,35세,상해없음,승용,남,36세,경상
2013011600100111,2013년 1월 16일 07시,수요일,인천광역시 서구 경서동,경상사고,0,0,1,0,차대사람 - 기타,안전운전불이행,건조,맑음,단일로 - 기타,기타불명,기타불명,기타불명,기타불명,보행자,남,29세,경상
2013011600100178,2013년 1월 16일 10시,수요일,인천광역시 중구 신흥동1가,경상사고,0,0,3,0,차대차 - 추돌 - 주정차중,안전거리미확보,습기,눈,교차로 - 교차로부근,화물,남,40세,상해없음,승용,여,35세,경상
2013011600100179,2013년 1월 16일 10시,수요일,인천광역시 서구 가정동,부상신고사고,0,0,0,1,차대차 - 추돌 - 주정차중,안전운전불이행,건조,맑음,단일로 - 기타,승용,남,37세,상해없음,승용,남,40세,부상신고
2013011600100202,2013년 1월 16일 11시,수요일,인천광역시 부평구 청천동,중상사고,0,1,0,0,차대사람 - 기타,안전운전불이행,결빙,맑음,기타 - 기타,화물,기타불명,기타불명,기타불명,보행자,남,51세,중상
2013011600100220,2013년 1월 16일 12시,수요일,인천광역시 남동구 간석동,경상사고,0,0,1,0,차대차 - 측면직각충돌,교차로운행방법위반,결빙,흐림,교차로 - 교차로안,승용,남,48세,상해없음,원동기,남,22세,경상
2013011600100244,2013년 1월 16일 13시,수요일,인천광역시 남구 주안동,경상사고,0,0,1,0,차대사람 - 길가장자리구역통행중,안전운전불이행,건조,맑음,단일로 - 기타,승용,남,32세,상해없음,보행자,여,17세,경상
2013011600100259,2013년 1월 16일 14시,수요일,인천광역시 남구 용현동,경상사고,0,0,1,0,차대차 - 추돌 - 진행중,안전운전불이행,건조,맑음,단일로 - 기타,승용,남,22세,상해없음,승용,여,29세,경상
2013011600100362,2013년 1월 16일 18시,수요일,인천광역시 부평구 부개동,중상사고,0,1,0,0,차대사람 - 횡단중,보행자보호의무위반,건조,맑음,단일로 - 횡단보도상,승용,남,21세,상해없음,보행자,여,50세,중상
2013011600100363,2013년 1월 16일 18시,수요일,인천광역시 부평구 부개동,중상사고,0,1,0,0,차대사람 - 횡단중,신호위반,습기,맑음,단일로 - 횡단보도상,이륜,남,45세,상해없음,보행자,여,77세,중상
2013011600100412,2013년 1월 16일 19시,수요일,인천광역시 계양구 용종동,경상사고,0,0,1,0,차대차 - 측면직각충돌,안전운전불이행,습기,맑음,교차로 - 교차로안,승용,남,35세,상해없음,이륜,남,32세,경상
2013011600100437,2013년 1월 16일 20시,수요일,인천광역시 남구 주안동,중상사고,0,1,0,0,차대차 - 추돌 - 진행중,안전운전불이행,건조,맑음,기타 - 기타,화물,남,36세,상해없음,승용,여,37세,중상