사고번호,사고일시,요일,시군구,사고내용,사망자수,중상자수,경상자수,부상신고자수,사고유형,법규위반,노면상태,기상상태,도로형태,가해운전자 차종,가해운전자 성별,가해운전자 연령,가해운전자 상해정도,피해운전자 차종,피해운전자 성별,피해운전자 연령,피해운전자 상해정도
2013011600100438,2013년 1월 16일 20시,수요일,인천광역시 계양구 계산동,중상사고,0,1,0,0,차대차 - 측면직각충돌,차로위반,습기,맑음,교차로 - 교차로부근,승용,남,52세,상해없음,원동기,남,25세,중상
2013011600100474,2013년 1월 16일 21시,수요일,인천광역시 서구 당하동,경상사고,0,0,1,0,차대차 - 측면직각충돌,안전운전불이행,건조,맑음,단일로 - 기타,승용,남,47세,상해없음,특수,남,41세,경상
2013011600100505,2013년 1월 16일 22시,수요일,인천광역시 남동구 간석동,경상사고,0,0,2,0,차대차 - 추돌 - 주정차중,안전운전불이행,건조,맑음,단일로 - 기타,승용,여,48세,상해없음,승용,여,55세,경상
2013011600100531,2013년 1월 16일 23시,수요일,인천광역시 강화군 강화읍,경상사고,0,0,1,0,차대차 - 추돌 - 진행중,안전거리미확보,건조,맑음,교차로 - 교차로부근,승용,남,44세,상해없음,승용,여,54세,경상
2013011600100532,2013년 1월 16일 23시,수요일,인천광역시 계양구 노오지동,경상사고,0,0,1,0,차대차 - 측면직각충돌,안전거리미확보,건조,맑음,기타 - 기타,승용,기타불명,기타불명,기타불명,화물,남,23세,경상
2013011700100019,2013년 1월 17일 00시,목요일,인천광역시 남구 주안동,경상사고,0,0,1,0,차대사람 - 횡단중,안전운전불이행,건조,맑음,기타 - 기타,승용,남,31세,상해없음,보행자,남,40세,경상
2013011700100036,2013년 1월 17일 01시,목요일,인천광역시 서구 가좌동,사망사고,1,0,0,0,차대사람 - 횡단중,안전운전불이행,건조,맑음,교차로 - 교차로부근,승용,남,56세,상해없음,보행자,남,24세,사망
2013011700100050,2013년 1월 17일 02시,목요일,인천광역시 연수구 송도동,중상사고,0,1,0,0,차량단독 - 기타,안전운전불이행,적설,맑음,단일로 - 기타,승용,남,40세,상해없음,,,,
2013011700100102,2013년 1월 17일 06시,목요일,인천광역시 계양구 병방동,부상신고사고,0,0,0,1,차대사람 - 차도통행중,안전운전불이행,건조,맑음,단일로 - 기타,기타불명,기타불명,기타불명,기타불명,보행자,여,66세,부상신고
2013011700100122,2013년 1월 17일 07시,목요일,인천광역시 남구 용현동,중상사고,0,1,0,0,차대차 - 추돌 - 주정차중,안전운전불이행,건조,맑음,단일로 - 기타,기타불명,기타불명,기타불명,기타불명,승용,남,27세,중상
2013011700100123,2013년 1월 17일 07시,목요일,인천광역시 연수구 송도동,경상사고,0,0,3,0,차대차 - 기타,신호위반,건조,맑음,교차로 - 교차로안,건설기계,남,51세,상해없음,승용,남,29세,경상
2013011700100172,2013년 1월 17일 09시,목요일,인천광역시 중구 신흥동2가,경상사고,0,0,2,0,차대차 - 추돌 - 진행중,안전운전불이행,건조,맑음,교차로 - 교차로부근,화물,남,48세,경상,승용,남,57세,경상
2013011700100203,2013년 1월 17일 10시,목요일,인천광역시 연수구 연수동,중상사고,0,1,0,0,차대사람 - 횡단중,안전운전불이행,건조,맑음,단일로 - 횡단보도상,화물,남,51세,상해없음,보행자,여,71세,중상
2013011700100225,2013년 1월 17일 11시,목요일,인천광역시 남구 주안동,경상사고,0,0,1,0,차대차 - 측면직각충돌,안전운전불이행,건조,맑음,단일로 - 기타,화물,남,51세,상해없음,화물,남,48세,경상
2013011700100226,2013년 1월 17일 11시,목요일,인천광역시 남동구 구월동,경상사고,0,0,1,0,차대차 - 기타,신호위반,건조,맑음,단일로 - 기타,승용,남,56세,상해없음,이륜,남,23세,경상
2013011700100262,2013년 1월 17일 13시,목요일,인천광역시 서구 경서동,중상사고,0,1,0,0,차대사람 - 횡단중,보행자보호의무위반,건조,맑음,단일로 - 횡단보도상,승용,남,39세,상해없음,보행자,여,18세,중상
2013011700100282,2013년 1월 17일 14시,목요일,인천광역시 서구 연희동,경상사고,0,0,1,0,차대사람 - 기타,안전운전불이행,건조,맑음,교차로 - 교차로부근,승용,여,45세,상해없음,보행자,여,38세,경상
2013011700100329,2013년 1월 17일 16시,목요일,인천광역시 옹진군 영흥면,중상사고,0,1,0,0,차량단독 - 공작물충돌,안전운전불이행,건조,맑음,단일로 - 기타,승용,여,60세,상해없음,,,,
2013011700100330,2013년 1월 17일 16시,목요일,인천광역시 남동구 간석동,부상신고사고,0,0,0,1,차대차 - 측면직각충돌,차로위반,건조,맑음,단일로 - 기타,화물,기타불명,기타불명,기타불명,승용,여,27세,부상신고
2013011700100355,2013년 1월 17일 17시,목요일,인천광역시 연수구 청학동,경상사고,0,0,1,0,차대사람 - 횡단중,신호위반,건조,맑음,교차로 - 교차로안,승용,남,75세,상해없음,보행자,남,2세,경상
2013011700100397,2013년 1월 17일 18시,목요일,인천광역시 남구 주안동,부상신고사고,0,0,0,1,차대사람 - 기타,안전운전불이행,건조,맑음,단일로 - 기타,승용,남,62세,상해없음,보행자,남,60세,부상신고
2013011700100398,2013년 1월 17일 18시,목요일,인천광역시 남구 용현동,경상사고,0,0,1,0,차대사람 - 기타,안전운전불이행,건조,맑음,단일로 - 기타,승용,여,42세,상해없음,보행자,여,50세,경상
2013011700100438,2013년 1월 17일 19시,목요일,인천광역시 남동구 도림동,중상사고,0,1,11,0,차대차 - 측면직각충돌,안전운전불이행,건조,맑음,단일로 - 교량,승용,남,48세,상해없음,승용,남,66세,경상
2013011700100474,2013년 1월 17일 20시,목요일,인천광역시 남구 용현동,경상사고,0,0,2,0,차대차 - 기타,중앙선침범,건조,맑음,단일로 - 기타,승용,남,42세,상해없음,승용,남,47세,경상
2013011700100475,2013년 1월 17일 20시,목요일,인천광역시 남동구 남촌동,경상사고,0,0,1,0,차대차 - 측면직각충돌,안전거리미확보,건조,맑음,단일로 - 교량,승용,남,31세,상해없음,승용,남,26세,경상
2013011700100501,2013년 1월 17일 21시,목요일,인천광역시 연수구 송도동,중상사고,0,1,0,0,차대차 - 기타,안전운전불이행,건조,맑음,단일로 - 횡단보도상,승용,여,49세,상해없음,자전거,여,57세,중상
2013011700100554,2013년 1월 17일 23시,목요일,인천광역시 남구 주안동,경상사고,0,0,1,0,차대사람 - 기타,안전운전불이행,건조,맑음,단일로 - 기타,승용,남,40세,상해없음,보행자,여,26세,경상
2013011800100020,2013년 1월 18일 00시,금요일,인천광역시 남구 주안동,경상사고,0,0,1,0,차대사람 - 기타,안전운전불이행,건조,맑음,단일로 - 기타,승용,남,46세,상해없음,보행자,여,22세,경상
2013011800100021,2013년 1월 18일 00시,금요일,인천광역시 서구 마전동,중상사고,0,1,1,1,차대차 - 정면충돌,중앙선침범,건조,맑음,단일로 - 기타,승용,여,48세,부상신고,승용,남,67세,중상
2013011800100046,2013년 1월 18일 02시,금요일,인천광역시 부평구 삼산동,중상사고,0,2,1,0,차대차 - 추돌 - 주정차중,안전운전불이행,건조,맑음,단일로 - 기타,승용,남,28세,상해없음,승용,남,30세,중상
2013011800100060,2013년 1월 18일 04시,금요일,인천광역시 남동구 장수동,경상사고,0,0,1,0,차대차 - 추돌 - 주정차중,안전운전불이행,건조,맑음,교차로 - 교차로부근,승용,남,27세,상해없음,승용,남,56세,경상
2013011800100142,2013년 1월 18일 08시,금요일,인천광역시 남구 주안동,경상사고,0,0,3,0,차대차 - 추돌 - 진행중,안전운전불이행,건조,맑음,교차로 - 교차로안,승용,남,69세,상해없음,승용,남,53세,상해없음
2013011800100178,2013년 1월 18일 09시,금요일,인천광역시 연수구 동춘동,중상사고,0,1,0,0,차대사람 - 차도통행중,안전운전불이행,건조,맑음,단일로 - 기타,승용,남,30세,상해없음,보행자,여,22세,중상
2013011800100206,2013년 1월 18일 10시,금요일,인천광역시 부평구 부평동,중상사고,0,1,0,0,차대차 - 측면직각충돌,안전운전불이행,건조,맑음,단일로 - 기타,승용,남,49세,상해없음,자전거,여,67세,중상
2013011800100231,2013년 1월 18일 11시,금요일,인천광역시 부평구 산곡동,중상사고,0,1,0,0,차대사람 - 횡단중,안전운전불이행,건조,맑음,단일로 - 횡단보도상,화물,남,45세,상해없음,보행자,남,90세,중상
2013011800100278,2013년 1월 18일 13시,금요일,인천광역시 계양구 계산동,중상사고,0,2,3,0,차대차 - 추돌 - 진행중,안전거리미확보,건조,맑음,교차로 - 교차로부근,승합,남,58세,상해없음,승합,남,46세,경상
2013011800100300,2013년 1월 18일 14시,금요일,인천광역시 부평구 청천동,경상사고,0,0,1,0,차대차 - 기타,안전운전불이행,건조,맑음,단일로 - 기타,승용,남,52세,상해없음,승용,남,41세,경상
2013011800100326,2013년 1월 18일 15시,금요일,인천광역시 중구 운서동,경상사고,0,0,1,0,차대차 - 측면직각충돌,신호위반,건조,맑음,교차로 - 교차로안,화물,남,23세,상해없음,승용,남,54세,경상
2013011800100327,2013년 1월 18일 15시,금요일,인천광역시 남동구 간석동,경상사고,0,0,2,0,차대차 - 측면직각충돌,안전운전불이행,건조,맑음,교차로 - 교차로부근,승용,여,55세,상해없음,승용,남,35세,경상
2013011800100356,2013년 1월 18일 16시,금요일,인천광역시 부평구 산곡동,중상사고,0,1,0,0,차대사람 - 기타,안전운전불이행,건조,맑음,단일로 - 횡단보도부근,승합,남,62세,상해없음,보행자,여,74세,중상
2013011800100357,2013년 1월 18일 16시,금요일,인천광역시 계양구 갈현동,경상사고,0,0,1,0,차대차 - 측면직각충돌,교차로운행방법위반,건조,맑음,교차로 - 교차로안,승용,여,52세,상해없음,승용,여,32세,경상
2013011800100358,2013년 1월 18일 16시,금요일,인천광역시 연수구 송도동,경상사고,0,0,1,0,차대차 - 기타,안전운전불이행,건조,맑음,교차로 - 교차로부근,승용,남,65세,상해없음,자전거,남,15세,경상
2013011800100393,2013년 1월 18일 17시,금요일,인천광역시 부평구 부개동,중상사고,0,1,0,0,차대사람 - 횡단중,신호위반,건조,맑음,단일로 - 횡단보도상,승용,남,30세,상해없음,보행자,여,71세,중상
2013011800100449,2013년 1월 18일 18시,금요일,인천광역시 남구 숭의동,중상사고,0,1,0,0,차대사람 - 횡단중,안전운전불이행,건조,맑음,단일로 - 횡단보도상,화물,남,66세,상해없음,보행자,여,67세,중상
2013011800100450,2013년 1월 18일 18시,금요일,인천광역시 남동구 간석동,경상사고,0,0,1,0,차대차 - 기타,차로위반,건조,맑음,단일로 - 기타,승용,남,52세,상해없음,화물,남,46세,경상
2013011800100451,2013년 1월 18일 18시,금요일,인천광역시 서구 가좌동,경상사고,0,0,3,0,차대차 - 추돌 - 진행중,안전운전불이행,건조,맑음,단일로 - 기타,승용,기타불명,기타불명,기타불명,화물,남,49세,경상
2013011800100452,2013년 1월 18일 18시,금요일,인천광역시 계양구 계산동,중상사고,0,1,0,0,차대사람 - 횡단중,보행자보호의무위반,건조,맑음,단일로 - 횡단보도상,화물,남,54세,상해없음,보행자,여,21세,중상
2013011800100488,2013년 1월 18일 19시,금요일,인천광역시 남구 주안동,경상사고,0,0,1,0,차량단독 - 기타,안전운전불이행,건조,맑음,기타 - 기타,승합,남,58세,상해없음,,,,
2013011800100517,2013년 1월 18일 20시,금요일,인천광역시 서구 연희동,중상사고,0,3,9,0,차대차 - 측면직각충돌,신호위반,건조,맑음,교차로 - 교차로안,승합,남,44세,상해없음,화물,남,32세,중상
2013011800100557,2013년 1월 18일 21시,금요일,인천광역시 부평구 청천동,경상사고,0,0,1,0,차대차 - 기타,안전거리미확보,건조,맑음,단일로 - 기타,승용,남,56세,상해없음,이륜,남,18세,경상
2013011800100558,2013년 1월 18일 21시,금요일,인천광역시 연수구 동춘동,경상사고,0,0,1,0,차대사람 - 횡단중,신호위반,건조,맑음,교차로 - 교차로부근,승용,여,50세,상해없음,보행자,남,46세,경상
2013011800100595,2013년 1월 18일 22시,금요일,인천광역시 서구 가좌동,경상사고,0,0,1,1,차대차 - 기타,신호위반,건조,맑음,교차로 - 교차로안,승용,남,46세,상해없음,승용,남,51세,경상
2013011800100637,2013년 1월 18일 23시,금요일,인천광역시 계양구 작전동,중상사고,0,1,0,0,차대사람 - 횡단중,신호위반,건조,맑음,교차로 - 교차로부근,승용,기타불명,기타불명,기타불명,보행자,남,46세,중상
2013011800100638,2013년 1월 18일 23시,금요일,인천광역시 연수구 송도동,중상사고,0,1,0,0,차대차 - 측면직각충돌,신호위반,건조,맑음,교차로 - 교차로안,승용,여,49세,상해없음,원동기,남,18세,중상
2013011900100024,2013년 1월 19일 00시,토요일,인천광역시 남구 용현동,경상사고,0,0,12,0,차대차 - 추돌 - 주정차중,안전운전불이행,건조,맑음,단일로 - 기타,승용,남,40세,상해없음,화물,남,36세,경상
2013011900100025,2013년 1월 19일 00시,토요일,인천광역시 남구 주안동,경상사고,0,0,1,0,차대차 - 추돌 - 주정차중,안전운전불이행,건조,맑음,교차로 - 교차로부근,승용,남,32세,상해없음,승용,남,47세,경상
2013011900100026,2013년 1월 19일 00시,토요일,인천광역시 서구 석남동,중상사고,0,1,0,0,차대사람 - 기타,안전운전불이행,건조,맑음,단일로 - 기타,승합,남,42세,상해없음,보행자,여,16세,중상
2013011900100027,2013년 1월 19일 00시,토요일,인천광역시 계양구 계산동,중상사고,0,1,0,0,차량단독 - 공작물충돌,안전운전불이행,결빙,맑음,단일로 - 기타,승용,남,51세,상해없음,,,,
2013011900100065,2013년 1월 19일 01시,토요일,인천광역시 서구 공촌동,중상사고,0,3,1,0,차대차 - 추돌 - 주정차중,안전운전불이행,건조,맑음,교차로 - 교차로부근,승용,남,56세,상해없음,승용,남,70세,중상
2013011900100066,2013년 1월 19일 01시,토요일,인천광역시 강화군 강화읍,중상사고,0,4,1,0,차대차 - 정면충돌,중앙선침범,건조,맑음,단일로 - 기타,승용,남,47세,상해없음,승용,남,55세,중상
2013011900100082,2013년 1월 19일 02시,토요일,인천광역시 부평구 삼산동,중상사고,0,2,2,1,차대차 - 추돌 - 진행중,안전운전불이행,건조,맑음,교차로 - 교차로안,승용,남,25세,상해없음,승용,남,49세,경상
2013011900100134,2013년 1월 19일 05시,토요일,인천광역시 남구 주안동,경상사고,0,0,1,0,차대차 - 측면직각충돌,안전거리미확보,건조,맑음,단일로 - 기타,승용,남,36세,상해없음,승용,여,43세,경상
2013011900100143,2013년 1월 19일 06시,토요일,인천광역시 서구 가좌동,경상사고,0,0,3,0,차대차 - 기타,신호위반,건조,맑음,교차로 - 교차로안,승용,남,52세,경상,승용,남,58세,경상
2013011900100186,2013년 1월 19일 08시,토요일,인천광역시 남구 학익동,경상사고,0,0,1,0,차대사람 - 횡단중,신호위반,건조,맑음,단일로 - 횡단보도상,화물,남,49세,상해없음,보행자,여,12세,경상
2013011900100214,2013년 1월 19일 09시,토요일,인천광역시 서구 연희동,경상사고,0,0,1,0,차대차 - 기타,신호위반,건조,맑음,교차로 - 교차로안,승용,남,45세,상해없음,화물,남,42세,경상
2013011900100215,2013년 1월 19일 09시,토요일,인천광역시 부평구 갈산동,중상사고,0,1,0,0,차대사람 - 횡단중,안전운전불이행,습기,맑음,단일로 - 횡단보도상,승용,여,44세,상해없음,보행자,여,81세,중상
2013011900100258,2013년 1월 19일 11시,토요일,인천광역시 남동구 논현동,경상사고,0,0,1,0,차대차 - 측면직각충돌,안전거리미확보,건조,맑음,단일로 - 기타,승용,남,46세,상해없음,승용,남,43세,경상
2013011900100259,2013년 1월 19일 11시,토요일,인천광역시 연수구 동춘동,중상사고,0,1,0,0,차대차 - 측면직각충돌,안전거리미확보,건조,맑음,단일로 - 기타,화물,남,50세,상해없음,승용,여,53세,중상
2013011900100285,2013년 1월 19일 12시,토요일,인천광역시 남구 주안동,경상사고,0,0,1,0,차대사람 - 횡단중,신호위반,건조,맑음,교차로 - 교차로부근,승용,남,39세,상해없음,보행자,여,32세,경상
2013011900100286,2013년 1월 19일 12시,토요일,인천광역시 계양구 박촌동,중상사고,0,1,0,0,차대사람 - 횡단중,안전운전불이행,건조,맑음,교차로 - 교차로안,승용,여,43세,상해없음,보행자,남,75세,중상
2013011900100362,2013년 1월 19일 16시,토요일,인천광역시 남동구 구월동,경상사고,0,0,2,0,차대차 - 추돌 - 진행중,안전거리미확보,건조,맑음,단일로 - 기타,승용,남,25세,상해없음,승용,남,29세,경상
2013011900100422,2013년 1월 19일 18시,토요일,인천광역시 남동구 남촌동,중상사고,0,1,0,0,차대사람 - 횡단중,보행자보호의무위반,건조,맑음,교차로 - 교차로부근,승용,남,23세,상해없음,보행자,남,42세,중상
2013011900100423,2013년 1월 19일 18시,토요일,인천광역시 남동구 도림동,중상사고,0,1,0,0,차대차 - 측면직각충돌,중앙선침범,건조,맑음,단일로 - 기타,승용,남,64세,상해없음,이륜,남,18세,중상
2013011900100424,2013년 1월 19일 18시,토요일,인천광역시 남동구 구월동,경상사고,0,0,2,0,차대차 - 추돌 - 주정차중,안전운전불이행,건조,맑음,교차로 - 교차로안,승용,남,55세,상해없음,승용,여,41세,경상
2013011900100425,2013년 1월 19일 18시,토요일,인천광역시 서구 마전동,경상사고,0,0,1,0,차대차 - 기타,안전거리미확보,습기,맑음,단일로 - 기타,승용,남,44세,상해없음,이륜,남,25세,경상
2013011900100466,2013년 1월 19일 19시,토요일,인천광역시 서구 가정동,경상사고,0,0,1,0,차대차 - 기타,안전운전불이행,건조,맑음,교차로 - 교차로부근,승용,남,57세,경상,화물,남,38세,상해없음
2013011900100502,2013년 1월 19일 20시,토요일,인천광역시 동구 송현동,중상사고,0,1,0,0,차대차 - 기타,안전운전불이행,건조,맑음,단일로 - 기타,승용,남,54세,상해없음,화물,남,53세,중상
2013011900100503,2013년 1월 19일 20시,토요일,인천광역시 남구 용현동,부상신고사고,0,0,0,1,차대사람 - 기타,안전운전불이행,습기,흐림,단일로 - 기타,기타불명,기타불명,기타불명,기타불명,보행자,남,44세,부상신고
2013011900100504,2013년 1월 19일 20시,토요일,인천광역시 부평구 부평동,부상신고사고,0,0,0,1,차대차 - 기타,안전운전불이행,건조,맑음,교차로 - 교차로부근,원동기,남,15세,부상신고,승용,남,48세,상해없음
2013011900100505,2013년 1월 19일 20시,토요일,인천광역시 남동구 논현동,중상사고,0,2,2,0,차대차 - 추돌 - 주정차중,안전운전불이행,건조,맑음,단일로 - 교량,승용,남,50세,상해없음,승용,남,33세,중상
2013011900100545,2013년 1월 19일 21시,토요일,인천광역시 남동구 논현동,경상사고,0,0,2,0,차대차 - 추돌 - 진행중,안전운전불이행,건조,맑음,교차로 - 교차로부근,승용,여,32세,상해없음,승용,남,26세,경상
2013011900100546,2013년 1월 19일 21시,토요일,인천광역시 서구 연희동,경상사고,0,0,1,0,차대차 - 기타,교차로운행방법위반,건조,맑음,교차로 - 교차로안,승용,남,51세,상해없음,이륜,남,16세,경상
2013011900100547,2013년 1월 19일 21시,토요일,인천광역시 서구 석남동,경상사고,0,0,1,0,차대사람 - 기타,안전운전불이행,건조,맑음,단일로 - 기타,승용,남,55세,상해없음,보행자,여,61세,경상
2013011900100548,2013년 1월 19일 21시,토요일,인천광역시 부평구 갈산동,중상사고,0,1,0,0,차대차 - 측면직각충돌,교차로운행방법위반,습기,맑음,단일로 - 기타,승용,남,38세,상해없음,이륜,남,22세,중상
2013011900100612,2013년 1월 19일 23시,토요일,인천광역시 계양구 용종동,경상사고,0,0,1,0,차대차 - 추돌 - 주정차중,안전운전불이행,건조,맑음,단일로 - 기타,화물,남,52세,상해없음,승용,남,28세,경상
2013012000100022,2013년 1월 20일 00시,일요일,인천광역시 남구 주안동,경상사고,0,0,3,0,차대차 - 기타,안전운전불이행,습기,맑음,교차로 - 교차로부근,승용,남,59세,상해없음,승용,남,27세,경상
2013012000100023,2013년 1월 20일 00시,일요일,인천광역시 남구 주안동,중상사고,0,1,0,0,차대차 - 추돌 - 주정차중,안전운전불이행,습기,맑음,단일로 - 기타,승용,남,45세,상해없음,승용,남,48세,상해없음
2013012000100044,2013년 1월 20일 01시,일요일,인천광역시 남구 주안동,경상사고,0,0,1,0,차대사람 - 기타,안전운전불이행,결빙,흐림,교차로 - 교차로부근,기타불명,기타불명,기타불명,기타불명,보행자,남,31세,경상
2013012000100078,2013년 1월 20일 03시,일요일,인천광역시 남동구 장수동,경상사고,0,0,2,0,차대차 - 정면충돌,신호위반,건조,맑음,교차로 - 교차로안,승용,남,21세,상해없음,승용,남,41세,경상
2013012000100079,2013년 1월 20일 03시,일요일,인천광역시 계양구 장기동,경상사고,0,0,1,1,차대차 - 측면직각충돌,신호위반,건조,맑음,교차로 - 교차로안,승용,남,47세,상해없음,승용,남,62세,경상
2013012000100095,2013년 1월 20일 04시,일요일,인천광역시 남구 주안동,중상사고,0,1,1,0,차대차 - 정면충돌,중앙선침범,건조,맑음,교차로 - 교차로부근,승용,남,47세,상해없음,승용,남,47세,경상
2013012000100126,2013년 1월 20일 06시,일요일,인천광역시 서구 경서동,경상사고,0,0,3,0,차대차 - 기타,신호위반,건조,맑음,교차로 - 교차로안,승용,남,47세,상해없음,승용,남,38세,경상
2013012000100127,2013년 1월 20일 06시,일요일,인천광역시 연수구 옥련동,중상사고,0,1,0,0,차대차 - 기타,신호위반,건조,맑음,교차로 - 교차로안,승용,여,36세,상해없음,승용,남,64세,중상
2013012000100137,2013년 1월 20일 07시,일요일,인천광역시 서구 가정동,경상사고,0,0,1,0,차대차 - 기타,안전운전불이행,습기,비,교차로 - 교차로안,승용,남,59세,상해없음,승합,남,40세,경상
2013012000100186,2013년 1월 20일 10시,일요일,인천광역시 남구 도화동,중상사고,0,1,0,0,차대사람 - 횡단중,신호위반,건조,맑음,단일로 - 횡단보도상,승용,남,33세,상해없음,보행자,여,75세,중상
2013012000100187,2013년 1월 20일 10시,일요일,인천광역시 서구 가정동,경상사고,0,0,1,0,차대차 - 기타,안전운전불이행,건조,맑음,단일로 - 기타,승용,남,54세,상해없음,승용,남,41세,경상
2013012000100224,2013년 1월 20일 13시,일요일,인천광역시 남동구 수산동,경상사고,0,0,1,0,차대차 - 추돌 - 진행중,안전운전불이행,기타,기타,교차로 - 교차로부근,승용,여,30세,상해없음,이륜,남,21세,경상
2013012000100251,2013년 1월 20일 15시,일요일,인천광역시 서구 연희동,중상사고,0,1,0,0,차대사람 - 길가장자리구역통행중,안전운전불이행,건조,맑음,단일로 - 기타,승용,남,40세,상해없음,보행자,남,5세,중상
2013012000100380,2013년 1월 20일 20시,일요일,인천광역시 부평구 십정동,경상사고,0,0,1,0,차대사람 - 기타,안전운전불이행,건조,맑음,단일로 - 기타,원동기,남,18세,상해없음,보행자,여,24세,경상
2013012000100381,2013년 1월 20일 20시,일요일,인천광역시 강화군 화도면,중상사고,0,2,0,0,차대사람 - 길가장자리구역통행중,안전운전불이행,건조,맑음,단일로 - 기타,화물,남,24세,상해없음,보행자,여,16세,중상
2013012000100400,2013년 1월 20일 21시,일요일,인천광역시 남동구 도림동,중상사고,0,2,0,1,차대차 - 기타,안전운전불이행,건조,맑음,단일로 - 기타,승용,여,50세,부상신고,원동기,남,17세,중상
2013012000100423,2013년 1월 20일 22시,일요일,인천광역시 남구 도화동,사망사고,1,0,0,0,차대사람 - 횡단중,안전운전불이행,건조,흐림,기타 - 기타,승용,남,58세,상해없음,보행자,남,65세,사망
2013012000100437,2013년 1월 20일 23시,일요일,인천광역시 중구 을왕동,중상사고,0,1,0,0,차량단독 - 공작물충돌,안전운전불이행,건조,맑음,교차로 - 교차로부근,승용,남,23세,상해없음,,,,
2013012100100021,2013년 1월 21일 01시,월요일,인천광역시 남동구 남촌동,사망사고,1,2,0,0,차량단독 - 기타,안전운전불이행,습기,흐림,단일로 - 기타,승용,남,19세,상해없음,,,,
2013012100100022,2013년 1월 21일 01시,월요일,인천광역시 연수구 청학동,중상사고,0,1,0,0,차대사람 - 기타,안전운전불이행,건조,맑음,교차로 - 교차로안,승용,남,31세,상해없음,보행자,남,33세,중상
2013012100100088,2013년 1월 21일 06시,월요일,인천광역시 서구 검암동,경상사고,0,0,1,0,차대사람 - 기타,보행자보호의무위반,습기,비,교차로 - 교차로안,승용,기타불명,기타불명,기타불명,보행자,여,37세,경상
2013012100100122,2013년 1월 21일 07시,월요일,인천광역시 부평구 청천동,중상사고,0,1,0,0,차대차 - 기타,신호위반,습기,비,교차로 - 교차로안,승용,남,47세,상해없음,승용,남,28세,중상
2013012100100123,2013년 1월 21일 07시,월요일,인천광역시 남동구 구월동,경상사고,0,0,1,0,차대사람 - 횡단중,신호위반,습기,비,교차로 - 교차로부근,화물,남,38세,상해없음,보행자,남,30세,경상
2013012100100178,2013년 1월 21일 09시,월요일,인천광역시 남구 주안동,경상사고,0,0,1,0,차대사람 - 횡단중,신호위반,습기,비,단일로 - 기타,승용,남,31세,상해없음,보행자,여,47세,경상
2013012100100179,2013년 1월 21일 09시,월요일,인천광역시 연수구 연수동,경상사고,0,0,1,0,차대차 - 측면직각충돌,교차로운행방법위반,습기,비,교차로 - 교차로안,승용,여,27세,상해없음,승용,여,38세,경상
2013012100100200,2013년 1월 21일 10시,월요일,인천광역시 남동구 남촌동,경상사고,0,0,2,0,차대차 - 측면직각충돌,안전운전불이행,습기,비,교차로 - 교차로안,승용,남,69세,상해없음,승용,남,31세,경상
2013012100100284,2013년 1월 21일 14시,월요일,인천광역시 계양구 작전동,경상사고,0,0,2,0,차대차 - 측면직각충돌,안전운전불이행,건조,맑음,단일로 - 기타,승합,남,73세,상해없음,승용,여,32세,경상
2013012100100285,2013년 1월 21일 14시,월요일,인천광역시 연수구 동춘동,중상사고,0,1,0,0,차대차 - 추돌 - 진행중,안전운전불이행,습기,비,단일로 - 기타,화물,남,32세,상해없음,화물,남,53세,중상
2013012100100340,2013년 1월 21일 16시,월요일,인천광역시 남구 학익동,경상사고,0,0,2,0,차대차 - 추돌 - 주정차중,안전운전불이행,건조,맑음,단일로 - 기타,승합,남,50세,상해없음,승용,남,29세,경상
2013012100100341,2013년 1월 21일 16시,월요일,인천광역시 부평구 청천동,경상사고,0,0,1,0,차대사람 - 기타,기타,습기,비,단일로 - 기타,승합,남,54세,상해없음,보행자,여,61세,경상
2013012100100342,2013년 1월 21일 16시,월요일,인천광역시 서구 경서동,경상사고,0,0,3,0,차대차 - 추돌 - 진행중,안전거리미확보,건조,맑음,단일로 - 기타,화물,남,36세,상해없음,승용,남,58세,경상
2013012100100370,2013년 1월 21일 17시,월요일,인천광역시 중구 항동7가,중상사고,0,1,0,0,차대차 - 측면직각충돌,신호위반,습기,비,교차로 - 교차로안,특수,남,46세,상해없음,승용,남,40세,중상
2013012100100428,2013년 1월 21일 18시,월요일,인천광역시 남동구 남촌동,경상사고,0,0,1,0,차대사람 - 횡단중,보행자보호의무위반,습기,비,교차로 - 교차로안,승용,남,41세,상해없음,보행자,여,18세,경상
2013012100100429,2013년 1월 21일 18시,월요일,인천광역시 남동구 장수동,경상사고,0,0,1,0,차대차 - 측면직각충돌,안전운전불이행,건조,맑음,단일로 - 기타,승용,남,50세,상해없음,승용,남,53세,경상
2013012100100430,2013년 1월 21일 18시,월요일,인천광역시 연수구 선학동,경상사고,0,0,1,0,차량단독 - 기타,안전운전불이행,습기,흐림,단일로 - 기타,승합,남,55세,상해없음,,,,
2013012100100431,2013년 1월 21일 18시,월요일,인천광역시 부평구 부평동,중상사고,0,1,0,0,차대사람 - 횡단중,안전운전불이행,습기,비,교차로 - 교차로부근,승합,남,54세,상해없음,보행자,여,56세,중상