사고번호,사고일시,요일,시군구,사고내용,사망자수,중상자수,경상자수,부상신고자수,사고유형,법규위반,노면상태,기상상태,도로형태,가해운전자 차종,가해운전자 성별,가해운전자 연령,가해운전자 상해정도,피해운전자 차종,피해운전자 성별,피해운전자 연령,피해운전자 상해정도
2013012100100467,2013년 1월 21일 19시,월요일,인천광역시 남구 용현동,경상사고,0,0,2,0,차대차 - 기타,안전운전불이행,습기,비,단일로 - 기타,기타불명,기타불명,기타불명,기타불명,승용,여,29세,경상
2013012100100468,2013년 1월 21일 19시,월요일,인천광역시 부평구 청천동,중상사고,0,1,0,0,차대사람 - 차도통행중,안전운전불이행,습기,비,단일로 - 기타,이륜,남,19세,상해없음,보행자,남,58세,중상
2013012100100502,2013년 1월 21일 20시,월요일,인천광역시 남구 주안동,경상사고,0,0,2,0,차대차 - 기타,안전운전불이행,습기,비,단일로 - 기타,승용,남,47세,상해없음,승용,남,53세,경상
2013012100100503,2013년 1월 21일 20시,월요일,인천광역시 계양구 작전동,중상사고,0,1,0,0,차대사람 - 횡단중,안전운전불이행,건조,맑음,단일로 - 횡단보도상,승용,남,36세,상해없음,보행자,남,75세,중상
2013012100100531,2013년 1월 21일 21시,월요일,인천광역시 남동구 구월동,경상사고,0,0,1,0,차대차 - 추돌 - 진행중,안전운전불이행,습기,비,단일로 - 기타,승용,남,36세,상해없음,승용,남,32세,경상
2013012100100586,2013년 1월 21일 23시,월요일,인천광역시 부평구 청천동,경상사고,0,0,1,0,차대차 - 추돌 - 주정차중,안전운전불이행,건조,맑음,단일로 - 기타,승용,남,32세,상해없음,승용,남,61세,경상
2013012200100032,2013년 1월 22일 00시,화요일,인천광역시 남구 주안동,사망사고,1,0,0,0,차대사람 - 기타,안전운전불이행,습기,흐림,교차로 - 교차로부근,승용,남,27세,상해없음,보행자,여,32세,사망
2013012200100033,2013년 1월 22일 00시,화요일,인천광역시 남구 학익동,경상사고,0,0,1,0,차대차 - 측면직각충돌,신호위반,습기,비,교차로 - 교차로안,승용,남,23세,상해없음,승용,남,42세,경상
2013012200100059,2013년 1월 22일 01시,화요일,인천광역시 부평구 청천동,중상사고,0,2,1,0,차대차 - 정면충돌,중앙선침범,습기,맑음,교차로 - 교차로부근,승용,남,37세,상해없음,승용,여,28세,중상
2013012200100095,2013년 1월 22일 04시,화요일,인천광역시 남동구 간석동,부상신고사고,0,0,0,1,차대차 - 추돌 - 진행중,교차로운행방법위반,건조,맑음,교차로 - 교차로안,승용,남,22세,상해없음,승용,남,49세,상해없음
2013012200100104,2013년 1월 22일 05시,화요일,인천광역시 부평구 부개동,경상사고,0,0,1,0,차대차 - 측면직각충돌,교차로운행방법위반,건조,맑음,교차로 - 교차로안,승용,여,45세,상해없음,승합,남,52세,경상
2013012200100152,2013년 1월 22일 07시,화요일,인천광역시 남동구 구월동,경상사고,0,0,1,0,차대차 - 추돌 - 진행중,중앙선침범,습기,비,교차로 - 교차로부근,승용,여,56세,상해없음,승용,남,41세,경상
2013012200100153,2013년 1월 22일 07시,화요일,인천광역시 남동구 고잔동,경상사고,0,0,1,0,차대차 - 측면직각충돌,중앙선침범,습기,비,단일로 - 기타,승용,남,69세,상해없음,승용,남,33세,경상
2013012200100196,2013년 1월 22일 09시,화요일,인천광역시 남구 주안동,중상사고,0,1,0,0,차대사람 - 기타,신호위반,건조,흐림,단일로 - 기타,승용,여,20세,상해없음,보행자,남,39세,중상
2013012200100214,2013년 1월 22일 10시,화요일,인천광역시 남동구 도림동,경상사고,0,0,1,0,차대차 - 측면직각충돌,안전거리미확보,건조,맑음,단일로 - 기타,승용,남,74세,상해없음,화물,남,36세,경상
2013012200100268,2013년 1월 22일 13시,화요일,인천광역시 계양구 계산동,중상사고,0,1,0,0,차대사람 - 횡단중,안전운전불이행,건조,맑음,단일로 - 기타,승용,남,18세,상해없음,보행자,여,73세,중상
2013012200100286,2013년 1월 22일 14시,화요일,인천광역시 동구 만석동,경상사고,0,0,1,0,차대차 - 기타,안전운전불이행,건조,맑음,단일로 - 기타,승용,남,44세,기타불명,화물,남,26세,경상
2013012200100287,2013년 1월 22일 14시,화요일,인천광역시 남구 학익동,중상사고,0,4,1,0,차대차 - 측면직각충돌,안전운전불이행,건조,흐림,교차로 - 교차로안,승용,남,51세,기타불명,승용,여,64세,중상
2013012200100301,2013년 1월 22일 15시,화요일,인천광역시 남동구 남촌동,경상사고,0,0,1,0,차대차 - 측면직각충돌,안전운전불이행,건조,맑음,단일로 - 기타,화물,남,55세,상해없음,승합,남,39세,경상
2013012200100342,2013년 1월 22일 17시,화요일,인천광역시 서구 심곡동,경상사고,0,0,2,0,차대차 - 기타,안전운전불이행,건조,맑음,단일로 - 기타,승용,여,47세,상해없음,승용,남,44세,경상
2013012200100343,2013년 1월 22일 17시,화요일,인천광역시 계양구 계산동,중상사고,0,1,2,0,차대차 - 추돌 - 주정차중,안전운전불이행,건조,맑음,단일로 - 기타,승용,남,46세,상해없음,승용,남,28세,상해없음
2013012200100377,2013년 1월 22일 18시,화요일,인천광역시 남구 주안동,중상사고,0,1,0,0,차대차 - 측면직각충돌,신호위반,건조,맑음,단일로 - 횡단보도부근,기타불명,기타불명,기타불명,기타불명,자전거,남,41세,중상
2013012200100378,2013년 1월 22일 18시,화요일,인천광역시 남동구 간석동,경상사고,0,0,2,0,차대차 - 측면직각충돌,안전거리미확보,건조,맑음,단일로 - 기타,화물,남,34세,상해없음,승용,남,32세,경상
2013012200100398,2013년 1월 22일 19시,화요일,인천광역시 부평구 십정동,중상사고,0,1,0,0,차대차 - 추돌 - 진행중,안전운전불이행,건조,맑음,단일로 - 기타,승용,남,48세,상해없음,승용,남,35세,중상
2013012200100399,2013년 1월 22일 19시,화요일,인천광역시 남구 학익동,경상사고,0,0,2,0,차대차 - 추돌 - 진행중,안전운전불이행,건조,맑음,단일로 - 기타,기타불명,기타불명,기타불명,기타불명,화물,남,55세,상해없음
2013012200100424,2013년 1월 22일 20시,화요일,인천광역시 서구 경서동,중상사고,0,1,0,0,차대차 - 기타,신호위반,건조,맑음,교차로 - 교차로안,승용,남,66세,상해없음,승용,남,41세,중상
2013012200100425,2013년 1월 22일 20시,화요일,인천광역시 부평구 갈산동,중상사고,0,1,0,0,차대사람 - 차도통행중,중앙선침범,건조,맑음,단일로 - 기타,승용,남,37세,상해없음,보행자,남,58세,중상
2013012200100448,2013년 1월 22일 21시,화요일,인천광역시 서구 신현동,중상사고,0,1,0,0,차대사람 - 기타,안전운전불이행,건조,맑음,교차로 - 교차로부근,승용,남,51세,상해없음,보행자,여,70세,중상
2013012200100492,2013년 1월 22일 22시,화요일,인천광역시 서구 석남동,경상사고,0,0,1,0,차대사람 - 기타,안전운전불이행,건조,맑음,교차로 - 교차로안,승용,남,28세,상해없음,보행자,남,37세,경상
2013012200100530,2013년 1월 22일 23시,화요일,인천광역시 남구 숭의동,중상사고,0,1,0,0,차대차 - 측면직각충돌,직진우회전진행방해,건조,맑음,교차로 - 교차로안,화물,남,34세,상해없음,이륜,남,19세,중상
2013012300100031,2013년 1월 23일 00시,수요일,인천광역시 남구 주안동,중상사고,0,1,0,0,차대차 - 추돌 - 주정차중,안전운전불이행,습기,비,단일로 - 기타,이륜,남,45세,중상,화물,남,56세,기타불명
2013012300100032,2013년 1월 23일 00시,수요일,인천광역시 남동구 간석동,중상사고,0,1,1,0,차대차 - 추돌 - 주정차중,안전운전불이행,습기,비,단일로 - 기타,승용,남,36세,상해없음,승용,남,67세,경상
2013012300100033,2013년 1월 23일 00시,수요일,인천광역시 부평구 삼산동,경상사고,0,0,2,0,차대차 - 추돌 - 주정차중,안전운전불이행,습기,맑음,교차로 - 교차로부근,승합,남,45세,상해없음,승용,남,27세,경상
2013012300100048,2013년 1월 23일 01시,수요일,인천광역시 남구 숭의동,경상사고,0,0,1,0,차대차 - 추돌 - 주정차중,안전운전불이행,건조,맑음,단일로 - 기타,승용,남,39세,상해없음,승용,여,50세,경상
2013012300100049,2013년 1월 23일 01시,수요일,인천광역시 계양구 작전동,경상사고,0,0,1,0,차대차 - 측면직각충돌,신호위반,습기,비,교차로 - 교차로안,승용,기타불명,기타불명,기타불명,승용,남,22세,경상
2013012300100050,2013년 1월 23일 01시,수요일,인천광역시 부평구 부평동,중상사고,0,1,0,0,차대차 - 측면직각충돌,교차로운행방법위반,건조,맑음,교차로 - 교차로안,승용,남,58세,상해없음,승용,남,39세,상해없음
2013012300100070,2013년 1월 23일 02시,수요일,인천광역시 연수구 연수동,중상사고,0,1,0,0,차대차 - 추돌 - 주정차중,안전운전불이행,습기,비,교차로 - 교차로부근,승용,남,40세,상해없음,승용,남,65세,중상
2013012300100071,2013년 1월 23일 02시,수요일,인천광역시 연수구 옥련동,경상사고,0,0,1,0,차대차 - 추돌 - 주정차중,안전운전불이행,건조,맑음,교차로 - 교차로안,승용,남,27세,상해없음,승용,여,53세,경상
2013012300100080,2013년 1월 23일 03시,수요일,인천광역시 남동구 간석동,경상사고,0,0,1,0,차대차 - 측면직각충돌,신호위반,습기,비,단일로 - 기타,승용,남,27세,상해없음,승용,남,34세,경상
2013012300100081,2013년 1월 23일 03시,수요일,인천광역시 서구 가좌동,경상사고,0,0,1,0,차대차 - 기타,안전운전불이행,건조,맑음,교차로 - 교차로부근,승용,남,68세,상해없음,승용,남,70세,경상
2013012300100082,2013년 1월 23일 03시,수요일,인천광역시 부평구 삼산동,경상사고,0,0,3,0,차대차 - 추돌 - 주정차중,안전운전불이행,습기,비,교차로 - 교차로부근,승용,남,47세,상해없음,승합,여,44세,경상
2013012300100121,2013년 1월 23일 06시,수요일,인천광역시 연수구 동춘동,경상사고,0,0,2,0,차대차 - 측면직각충돌,신호위반,습기,비,교차로 - 교차로안,화물,남,54세,상해없음,승용,남,52세,경상
2013012300100146,2013년 1월 23일 07시,수요일,인천광역시 남구 관교동,경상사고,0,0,1,0,차대사람 - 횡단중,신호위반,건조,맑음,단일로 - 기타,승용,여,70세,상해없음,보행자,남,57세,경상
2013012300100147,2013년 1월 23일 07시,수요일,인천광역시 서구 검암동,경상사고,0,0,1,0,차대사람 - 기타,기타,건조,맑음,단일로 - 기타,승합,남,55세,상해없음,보행자,여,72세,경상
2013012300100242,2013년 1월 23일 12시,수요일,인천광역시 동구 금곡동,중상사고,0,1,0,0,차대사람 - 길가장자리구역통행중,안전운전불이행,습기,흐림,교차로 - 교차로부근,승용,남,63세,상해없음,보행자,남,65세,중상
2013012300100315,2013년 1월 23일 16시,수요일,인천광역시 남동구 구월동,중상사고,0,1,1,0,차대차 - 기타,안전거리미확보,건조,맑음,단일로 - 기타,승합,남,35세,상해없음,승합,남,42세,상해없음
2013012300100337,2013년 1월 23일 17시,수요일,인천광역시 남구 관교동,경상사고,0,0,1,0,차대사람 - 횡단중,보행자보호의무위반,건조,맑음,단일로 - 횡단보도상,승용,여,39세,상해없음,보행자,남,7세,경상
2013012300100392,2013년 1월 23일 18시,수요일,인천광역시 서구 원당동,경상사고,0,0,1,0,차대사람 - 기타,안전운전불이행,건조,맑음,교차로 - 교차로안,승용,남,66세,상해없음,보행자,여,28세,경상
2013012300100432,2013년 1월 23일 19시,수요일,인천광역시 서구 연희동,중상사고,0,1,0,0,차대차 - 추돌 - 진행중,안전운전불이행,건조,맑음,교차로 - 교차로부근,승용,기타불명,기타불명,기타불명,화물,남,60세,중상
2013012300100466,2013년 1월 23일 20시,수요일,인천광역시 서구 석남동,경상사고,0,0,1,0,차대차 - 추돌 - 진행중,안전운전불이행,건조,맑음,단일로 - 기타,승용,남,37세,상해없음,승용,남,61세,경상
2013012300100467,2013년 1월 23일 20시,수요일,인천광역시 서구 연희동,경상사고,0,0,1,0,차대차 - 측면직각충돌,신호위반,건조,맑음,교차로 - 교차로안,승용,남,24세,상해없음,승용,남,38세,경상
2013012300100503,2013년 1월 23일 21시,수요일,인천광역시 서구 가정동,중상사고,0,2,2,0,차대차 - 기타,안전운전불이행,건조,맑음,교차로 - 교차로부근,승합,남,62세,상해없음,승용,남,50세,경상
2013012300100540,2013년 1월 23일 22시,수요일,인천광역시 연수구 연수동,경상사고,0,0,1,0,차대차 - 측면직각충돌,신호위반,건조,맑음,단일로 - 기타,승용,남,48세,상해없음,승용,남,59세,경상
2013012300100541,2013년 1월 23일 22시,수요일,인천광역시 연수구 옥련동,경상사고,0,0,1,0,차대차 - 추돌 - 주정차중,안전운전불이행,건조,맑음,단일로 - 기타,승용,남,48세,상해없음,승용,남,28세,경상
2013012300100570,2013년 1월 23일 23시,수요일,인천광역시 서구 심곡동,경상사고,0,0,1,0,차대사람 - 기타,안전운전불이행,건조,맑음,단일로 - 기타,승용,여,39세,상해없음,보행자,남,52세,경상
2013012300100571,2013년 1월 23일 23시,수요일,인천광역시 서구 가정동,경상사고,0,0,3,0,차대차 - 측면직각충돌,안전운전불이행,건조,맑음,단일로 - 기타,승용,남,44세,상해없음,승용,여,24세,경상
2013012400100023,2013년 1월 24일 00시,목요일,인천광역시 서구 검암동,경상사고,0,0,1,0,차대사람 - 기타,신호위반,건조,맑음,교차로 - 교차로부근,승용,남,39세,상해없음,보행자,여,28세,경상
2013012400100024,2013년 1월 24일 00시,목요일,인천광역시 연수구 청학동,경상사고,0,0,1,0,차대차 - 기타,안전운전불이행,건조,맑음,기타 - 기타,승용,남,48세,상해없음,승용,남,27세,경상
2013012400100068,2013년 1월 24일 03시,목요일,인천광역시 서구 석남동,경상사고,0,0,1,0,차대차 - 측면직각충돌,안전운전불이행,건조,맑음,단일로 - 기타,승용,여,33세,상해없음,원동기,남,51세,경상
2013012400100093,2013년 1월 24일 05시,목요일,인천광역시 남구 도화동,중상사고,0,1,0,0,차대사람 - 횡단중,신호위반,건조,맑음,단일로 - 횡단보도상,승합,남,59세,상해없음,보행자,여,55세,중상
2013012400100108,2013년 1월 24일 06시,목요일,인천광역시 남동구 구월동,중상사고,0,1,0,0,차대차 - 정면충돌,중앙선침범,건조,맑음,교차로 - 교차로안,승용,여,31세,상해없음,승용,남,57세,중상
2013012400100146,2013년 1월 24일 07시,목요일,인천광역시 남동구 구월동,중상사고,0,1,0,0,차대사람 - 횡단중,과속,건조,맑음,교차로 - 교차로안,승용,남,30세,상해없음,보행자,남,35세,중상
2013012400100183,2013년 1월 24일 08시,목요일,인천광역시 남동구 논현동,경상사고,0,0,2,0,차대차 - 추돌 - 진행중,안전운전불이행,건조,맑음,단일로 - 기타,승용,남,40세,상해없음,승용,남,40세,경상
2013012400100184,2013년 1월 24일 08시,목요일,인천광역시 서구 왕길동,경상사고,0,0,1,0,차대차 - 측면직각충돌,안전운전불이행,건조,맑음,단일로 - 기타,승용,여,40세,상해없음,화물,남,32세,경상
2013012400100216,2013년 1월 24일 09시,목요일,인천광역시 남구 주안동,경상사고,0,0,1,0,차대사람 - 길가장자리구역통행중,안전운전불이행,건조,맑음,단일로 - 기타,승용,여,45세,상해없음,보행자,남,24세,경상
2013012400100217,2013년 1월 24일 09시,목요일,인천광역시 남동구 만수동,경상사고,0,0,1,0,차대사람 - 기타,안전운전불이행,건조,맑음,단일로 - 기타,화물,남,44세,상해없음,보행자,여,76세,경상
2013012400100337,2013년 1월 24일 14시,목요일,인천광역시 남동구 논현동,중상사고,0,1,0,0,차대차 - 측면직각충돌,안전운전불이행,건조,맑음,교차로 - 교차로안,승용,여,34세,상해없음,자전거,남,11세,중상
2013012400100338,2013년 1월 24일 14시,목요일,인천광역시 강화군 선원면,경상사고,0,0,1,0,차대사람 - 횡단중,안전운전불이행,건조,맑음,단일로 - 기타,화물,남,57세,상해없음,보행자,남,12세,경상
2013012400100365,2013년 1월 24일 15시,목요일,인천광역시 계양구 임학동,중상사고,0,1,0,0,차대사람 - 기타,안전운전불이행,건조,맑음,단일로 - 기타,승용,남,18세,상해없음,보행자,여,68세,중상
2013012400100382,2013년 1월 24일 16시,목요일,인천광역시 남구 주안동,경상사고,0,0,1,0,차대사람 - 기타,안전운전불이행,건조,맑음,단일로 - 기타,승합,남,50세,상해없음,보행자,남,48세,경상
2013012400100414,2013년 1월 24일 17시,목요일,인천광역시 남동구 구월동,경상사고,0,0,1,0,차대차 - 측면직각충돌,안전운전불이행,건조,맑음,교차로 - 교차로안,승용,남,48세,경상,화물,남,56세,상해없음
2013012400100450,2013년 1월 24일 18시,목요일,인천광역시 남동구 논현동,중상사고,0,1,0,0,차대차 - 측면직각충돌,신호위반,건조,맑음,교차로 - 교차로안,승용,남,43세,상해없음,이륜,남,31세,중상
2013012400100451,2013년 1월 24일 18시,목요일,인천광역시 서구 왕길동,사망사고,1,1,1,0,차대차 - 추돌 - 주정차중,안전운전불이행,건조,맑음,교차로 - 교차로부근,승합,남,63세,상해없음,승합,남,34세,기타불명
2013012400100478,2013년 1월 24일 19시,목요일,인천광역시 연수구 동춘동,경상사고,0,0,2,0,차대차 - 추돌 - 주정차중,안전운전불이행,건조,맑음,단일로 - 기타,승용,남,48세,상해없음,승용,남,57세,경상
2013012400100518,2013년 1월 24일 21시,목요일,인천광역시 남구 숭의동,중상사고,0,1,0,0,차대사람 - 기타,안전운전불이행,건조,맑음,단일로 - 기타,승용,남,57세,상해없음,보행자,여,51세,중상
2013012400100550,2013년 1월 24일 22시,목요일,인천광역시 부평구 산곡동,경상사고,0,0,3,0,차대차 - 추돌 - 주정차중,안전운전불이행,건조,맑음,단일로 - 횡단보도부근,승용,남,52세,상해없음,승용,여,24세,경상
2013012400100570,2013년 1월 24일 23시,목요일,인천광역시 남구 주안동,중상사고,0,1,2,0,차대차 - 기타,신호위반,건조,맑음,교차로 - 교차로안,승용,여,49세,상해없음,승용,남,41세,경상
2013012400100571,2013년 1월 24일 23시,목요일,인천광역시 연수구 청학동,경상사고,0,0,1,0,차대차 - 추돌 - 진행중,안전운전불이행,습기,맑음,단일로 - 기타,승용,남,31세,상해없음,승용,여,39세,경상
2013012500100089,2013년 1월 25일 07시,금요일,인천광역시 남구 관교동,중상사고,0,1,0,0,차대차 - 기타,안전운전불이행,건조,맑음,교차로 - 교차로안,승용,여,58세,상해없음,승용,여,22세,중상
2013012500100116,2013년 1월 25일 08시,금요일,인천광역시 남동구 간석동,중상사고,0,1,1,0,차대차 - 측면직각충돌,중앙선침범,건조,맑음,단일로 - 기타,승용,여,48세,상해없음,승합,남,52세,경상
2013012500100117,2013년 1월 25일 08시,금요일,인천광역시 남동구 도림동,중상사고,0,2,1,1,차대차 - 측면직각충돌,신호위반,건조,맑음,교차로 - 교차로안,화물,남,34세,부상신고,승용,남,30세,중상
2013012500100162,2013년 1월 25일 10시,금요일,인천광역시 남동구 구월동,중상사고,0,1,0,0,차대사람 - 보도통행중,신호위반,건조,맑음,단일로 - 횡단보도상,승용,여,47세,상해없음,보행자,여,56세,중상
2013012500100163,2013년 1월 25일 10시,금요일,인천광역시 서구 연희동,중상사고,0,1,1,0,차대차 - 기타,안전운전불이행,건조,맑음,교차로 - 교차로부근,승용,여,44세,상해없음,승용,남,28세,중상
2013012500100183,2013년 1월 25일 11시,금요일,인천광역시 동구 송림동,경상사고,0,0,4,0,차대차 - 측면직각충돌,안전거리미확보,건조,맑음,단일로 - 교량,승용,남,53세,상해없음,승용,남,28세,경상
2013012500100208,2013년 1월 25일 12시,금요일,인천광역시 남구 주안동,경상사고,0,0,5,0,차대차 - 기타,안전운전불이행,건조,맑음,단일로 - 기타,승합,남,62세,상해없음,승합,남,21세,상해없음
2013012500100209,2013년 1월 25일 12시,금요일,인천광역시 남동구 구월동,중상사고,0,1,1,0,차대차 - 측면직각충돌,안전운전불이행,건조,맑음,교차로 - 교차로안,승용,남,60세,중상,승용,남,55세,경상
2013012500100227,2013년 1월 25일 13시,금요일,인천광역시 남동구 만수동,경상사고,0,0,1,0,차대차 - 기타,신호위반,건조,맑음,교차로 - 교차로안,승합,남,32세,상해없음,승용,여,45세,경상
2013012500100228,2013년 1월 25일 13시,금요일,인천광역시 서구 석남동,경상사고,0,0,1,0,차대사람 - 기타,안전운전불이행,건조,맑음,단일로 - 기타,화물,여,58세,상해없음,보행자,남,18세,경상
2013012500100247,2013년 1월 25일 14시,금요일,인천광역시 서구 심곡동,중상사고,0,1,0,0,차대사람 - 횡단중,보행자보호의무위반,건조,맑음,단일로 - 기타,승용,남,63세,상해없음,보행자,여,63세,중상
2013012500100326,2013년 1월 25일 17시,금요일,인천광역시 서구 연희동,중상사고,0,1,1,0,차량단독 - 기타,안전운전불이행,건조,맑음,단일로 - 기타,승용,남,51세,경상,,,,
2013012500100365,2013년 1월 25일 18시,금요일,인천광역시 남동구 구월동,경상사고,0,0,1,0,차대차 - 정면충돌,안전운전불이행,건조,맑음,교차로 - 교차로부근,화물,남,45세,상해없음,승용,남,38세,경상
2013012500100366,2013년 1월 25일 18시,금요일,인천광역시 계양구 계산동,중상사고,0,1,0,0,차대사람 - 횡단중,신호위반,건조,맑음,단일로 - 횡단보도상,이륜,남,31세,상해없음,보행자,여,49세,중상
2013012500100396,2013년 1월 25일 19시,금요일,인천광역시 남구 주안동,경상사고,0,0,1,0,차대차 - 측면직각충돌,안전운전불이행,건조,맑음,단일로 - 기타,승용,남,56세,상해없음,승용,남,27세,경상
2013012500100397,2013년 1월 25일 19시,금요일,인천광역시 부평구 부평동,중상사고,0,1,0,0,차량단독 - 기타,안전운전불이행,건조,맑음,교차로 - 교차로부근,승합,남,60세,상해없음,,,,
2013012500100398,2013년 1월 25일 19시,금요일,인천광역시 남동구 논현동,경상사고,0,0,1,0,차대차 - 추돌 - 주정차중,안전운전불이행,건조,맑음,단일로 - 기타,승용,남,55세,상해없음,화물,남,51세,경상
2013012500100434,2013년 1월 25일 20시,금요일,인천광역시 계양구 계산동,경상사고,0,0,2,0,차대차 - 측면직각충돌,안전운전불이행,건조,맑음,단일로 - 기타,화물,남,51세,상해없음,승용,남,46세,경상
2013012500100435,2013년 1월 25일 20시,금요일,인천광역시 연수구 연수동,경상사고,0,0,1,0,차대차 - 기타,안전운전불이행,건조,맑음,단일로 - 기타,승용,남,54세,상해없음,승용,남,42세,경상
2013012500100459,2013년 1월 25일 21시,금요일,인천광역시 부평구 십정동,경상사고,0,0,1,0,차대사람 - 기타,안전운전불이행,건조,맑음,기타 - 기타,승용,남,45세,기타불명,보행자,여,22세,경상
2013012500100460,2013년 1월 25일 21시,금요일,인천광역시 연수구 송도동,중상사고,0,1,0,0,차대사람 - 횡단중,신호위반,건조,맑음,교차로 - 교차로안,화물,여,35세,상해없음,보행자,여,22세,중상
2013012600100031,2013년 1월 26일 00시,토요일,인천광역시 남동구 만수동,경상사고,0,0,2,0,차대차 - 추돌 - 주정차중,안전운전불이행,건조,맑음,단일로 - 기타,승용,남,31세,상해없음,승용,남,54세,경상
2013012600100056,2013년 1월 26일 01시,토요일,인천광역시 부평구 부평동,중상사고,0,1,1,0,차대차 - 측면직각충돌,안전운전불이행,건조,맑음,단일로 - 기타,화물,남,33세,상해없음,승용,남,30세,중상
2013012600100108,2013년 1월 26일 06시,토요일,인천광역시 남동구 구월동,경상사고,0,0,4,0,차대차 - 추돌 - 주정차중,안전운전불이행,건조,맑음,교차로 - 교차로부근,승용,남,34세,상해없음,승용,남,32세,경상
2013012600100109,2013년 1월 26일 06시,토요일,인천광역시 서구 경서동,중상사고,0,1,0,0,차대차 - 추돌 - 주정차중,안전운전불이행,건조,맑음,단일로 - 기타,승용,남,58세,중상,화물,남,39세,상해없음
2013012600100136,2013년 1월 26일 08시,토요일,인천광역시 남동구 남촌동,경상사고,0,0,1,0,차대차 - 기타,안전운전불이행,건조,맑음,교차로 - 교차로부근,승합,남,50세,기타불명,승용,남,66세,경상
2013012600100137,2013년 1월 26일 08시,토요일,인천광역시 서구 신현동,경상사고,0,0,1,0,차대차 - 추돌 - 진행중,안전운전불이행,건조,맑음,단일로 - 기타,승용,남,33세,상해없음,승용,남,47세,경상
2013012600100139,2013년 1월 26일 08시,토요일,인천광역시 연수구 동춘동,경상사고,0,0,1,0,차대차 - 측면직각충돌,신호위반,건조,맑음,교차로 - 교차로안,승합,남,51세,상해없음,승용,남,50세,경상
2013012600100162,2013년 1월 26일 09시,토요일,인천광역시 남동구 간석동,중상사고,0,1,0,0,차대차 - 측면직각충돌,신호위반,건조,맑음,교차로 - 교차로안,이륜,남,55세,중상,승용,남,54세,상해없음
2013012600100182,2013년 1월 26일 10시,토요일,인천광역시 연수구 송도동,부상신고사고,0,0,0,1,차대차 - 기타,신호위반,건조,맑음,교차로 - 교차로안,화물,남,25세,부상신고,건설기계,남,43세,상해없음
2013012600100216,2013년 1월 26일 12시,토요일,인천광역시 부평구 청천동,중상사고,0,1,0,0,차대사람 - 횡단중,안전운전불이행,건조,맑음,교차로 - 교차로안,이륜,남,36세,상해없음,보행자,남,43세,중상
2013012600100217,2013년 1월 26일 12시,토요일,인천광역시 연수구 연수동,부상신고사고,0,0,0,1,차대사람 - 횡단중,보행자보호의무위반,건조,맑음,단일로 - 횡단보도상,승용,남,55세,상해없음,보행자,남,20세,부상신고
2013012600100264,2013년 1월 26일 14시,토요일,인천광역시 서구 경서동,경상사고,0,0,2,0,차대차 - 기타,중앙선침범,건조,맑음,단일로 - 기타,승용,여,39세,상해없음,승용,여,30세,경상
2013012600100289,2013년 1월 26일 15시,토요일,인천광역시 남구 주안동,경상사고,0,0,1,0,차대차 - 기타,안전운전불이행,건조,맑음,단일로 - 기타,승용,남,42세,상해없음,승용,남,47세,경상
2013012600100290,2013년 1월 26일 15시,토요일,인천광역시 서구 석남동,중상사고,0,1,0,0,차대차 - 측면직각충돌,안전운전불이행,건조,맑음,단일로 - 기타,화물,남,51세,상해없음,승용,남,44세,중상
2013012600100316,2013년 1월 26일 16시,토요일,인천광역시 서구 공촌동,중상사고,0,1,2,0,차대차 - 추돌 - 진행중,안전운전불이행,건조,맑음,단일로 - 기타,승합,남,50세,기타불명,승용,남,23세,중상
2013012600100317,2013년 1월 26일 16시,토요일,인천광역시 연수구 옥련동,경상사고,0,0,2,0,차대차 - 추돌 - 진행중,안전운전불이행,건조,맑음,단일로 - 기타,화물,남,54세,상해없음,승용,남,63세,경상
2013012600100397,2013년 1월 26일 19시,토요일,인천광역시 부평구 구산동,경상사고,0,0,2,0,차대차 - 측면직각충돌,교차로운행방법위반,건조,맑음,교차로 - 교차로안,승용,남,54세,상해없음,승용,남,54세,경상
2013012600100444,2013년 1월 26일 21시,토요일,인천광역시 남동구 간석동,중상사고,0,1,0,0,차대사람 - 기타,안전운전불이행,건조,맑음,단일로 - 기타,원동기,남,38세,상해없음,보행자,여,65세,중상
2013012600100445,2013년 1월 26일 21시,토요일,인천광역시 서구 가좌동,중상사고,0,1,0,0,차대사람 - 기타,기타,건조,맑음,단일로 - 교량,원동기,남,16세,상해없음,보행자,여,39세,중상
2013012600100472,2013년 1월 26일 22시,토요일,인천광역시 부평구 부평동,경상사고,0,0,1,0,차대차 - 기타,안전거리미확보,건조,맑음,교차로 - 교차로부근,승합,남,63세,상해없음,승용,남,53세,상해없음
2013012600100473,2013년 1월 26일 22시,토요일,인천광역시 남동구 논현동,중상사고,0,2,0,0,차대차 - 추돌 - 주정차중,안전거리미확보,건조,맑음,단일로 - 기타,승용,남,39세,상해없음,승용,남,29세,중상
2013012700100010,2013년 1월 27일 00시,일요일,인천광역시 계양구 서운동,경상사고,0,0,4,0,차대차 - 정면충돌,중앙선침범,건조,맑음,단일로 - 기타,승용,남,46세,상해없음,승용,남,37세,경상
2013012700100011,2013년 1월 27일 00시,일요일,인천광역시 연수구 연수동,중상사고,0,2,0,0,차대차 - 기타,안전운전불이행,건조,맑음,교차로 - 교차로안,승용,남,57세,상해없음,승용,남,32세,중상