사고번호,사고일시,요일,시군구,사고내용,사망자수,중상자수,경상자수,부상신고자수,사고유형,법규위반,노면상태,기상상태,도로형태,가해운전자 차종,가해운전자 성별,가해운전자 연령,가해운전자 상해정도,피해운전자 차종,피해운전자 성별,피해운전자 연령,피해운전자 상해정도
2013012700100032,2013년 1월 27일 01시,일요일,인천광역시 계양구 용종동,경상사고,0,0,2,0,차량단독 - 기타,안전운전불이행,건조,맑음,단일로 - 기타,승용,남,49세,상해없음,,,,
2013012700100061,2013년 1월 27일 03시,일요일,인천광역시 남구 학익동,중상사고,0,2,0,0,차대사람 - 횡단중,안전운전불이행,건조,맑음,단일로 - 기타,승용,남,54세,상해없음,보행자,남,32세,중상
2013012700100233,2013년 1월 27일 14시,일요일,인천광역시 남구 주안동,경상사고,0,0,1,0,차대차 - 기타,안전거리미확보,건조,맑음,단일로 - 기타,승합,남,64세,상해없음,승합,남,29세,경상
2013012700100234,2013년 1월 27일 14시,일요일,인천광역시 부평구 갈산동,경상사고,0,0,1,0,차대차 - 측면직각충돌,교차로운행방법위반,건조,맑음,교차로 - 교차로안,승용,남,59세,상해없음,이륜,남,19세,경상
2013012700100306,2013년 1월 27일 18시,일요일,인천광역시 남동구 논현동,경상사고,0,0,1,0,차대사람 - 차도통행중,안전운전불이행,건조,맑음,단일로 - 기타,승용,남,52세,상해없음,보행자,여,52세,경상
2013012700100335,2013년 1월 27일 19시,일요일,인천광역시 남구 학익동,경상사고,0,0,1,0,차대차 - 기타,신호위반,건조,맑음,교차로 - 교차로안,승용,여,51세,상해없음,승용,남,42세,경상
2013012700100353,2013년 1월 27일 20시,일요일,인천광역시 부평구 갈산동,중상사고,0,1,0,0,차대사람 - 횡단중,안전운전불이행,건조,맑음,단일로 - 기타,이륜,남,18세,상해없음,보행자,여,62세,중상
2013012700100370,2013년 1월 27일 21시,일요일,인천광역시 연수구 송도동,중상사고,0,1,0,0,차대차 - 측면직각충돌,신호위반,건조,맑음,교차로 - 교차로안,승합,남,49세,상해없음,승용,남,35세,중상
2013012700100378,2013년 1월 27일 22시,일요일,인천광역시 부평구 부평동,경상사고,0,0,1,1,차대차 - 측면직각충돌,신호위반,건조,맑음,교차로 - 교차로안,원동기,남,41세,부상신고,승합,남,32세,경상
2013012700100379,2013년 1월 27일 22시,일요일,인천광역시 서구 가좌동,경상사고,0,0,7,0,차대차 - 추돌 - 주정차중,안전운전불이행,건조,맑음,교차로 - 교차로부근,승용,남,27세,상해없음,승용,남,35세,경상
2013012800100011,2013년 1월 28일 00시,월요일,인천광역시 연수구 동춘동,경상사고,0,0,2,0,차대차 - 추돌 - 주정차중,안전운전불이행,건조,맑음,기타 - 기타,승용,남,22세,상해없음,승용,남,23세,경상
2013012800100049,2013년 1월 28일 06시,월요일,인천광역시 남동구 논현동,경상사고,0,0,1,0,차대차 - 측면직각충돌,신호위반,건조,맑음,교차로 - 교차로안,승용,남,48세,상해없음,건설기계,남,42세,경상
2013012800100050,2013년 1월 28일 06시,월요일,인천광역시 계양구 선주지동,중상사고,0,1,0,0,차대차 - 정면충돌,중앙선침범,건조,맑음,단일로 - 기타,화물,남,53세,상해없음,승용,남,51세,중상
2013012800100051,2013년 1월 28일 06시,월요일,인천광역시 남구 학익동,중상사고,0,1,0,0,차대차 - 측면직각충돌,안전거리미확보,건조,맑음,기타 - 기타,화물,남,46세,상해없음,화물,남,55세,중상
2013012800100130,2013년 1월 28일 09시,월요일,인천광역시 부평구 산곡동,부상신고사고,0,0,0,1,차대차 - 기타,안전운전불이행,건조,맑음,교차로 - 교차로안,승용,남,54세,상해없음,승합,남,38세,부상신고
2013012800100176,2013년 1월 28일 11시,월요일,인천광역시 남동구 구월동,중상사고,0,1,0,0,차대사람 - 차도통행중,안전운전불이행,건조,맑음,단일로 - 기타,화물,남,39세,상해없음,보행자,남,69세,중상
2013012800100195,2013년 1월 28일 12시,월요일,인천광역시 남구 용현동,경상사고,0,0,1,0,차대사람 - 길가장자리구역통행중,안전운전불이행,건조,흐림,단일로 - 기타,승용,여,39세,상해없음,보행자,여,27세,경상
2013012800100218,2013년 1월 28일 13시,월요일,인천광역시 남동구 구월동,중상사고,0,1,0,0,차대사람 - 기타,안전운전불이행,기타,맑음,단일로 - 기타,승용,여,55세,상해없음,보행자,여,66세,중상
2013012800100264,2013년 1월 28일 15시,월요일,인천광역시 남구 용현동,경상사고,0,0,1,0,차대사람 - 기타,안전운전불이행,건조,맑음,단일로 - 기타,승합,남,52세,상해없음,보행자,남,54세,경상
2013012800100265,2013년 1월 28일 15시,월요일,인천광역시 부평구 부평동,경상사고,0,0,1,0,차대차 - 기타,신호위반,건조,맑음,단일로 - 기타,승용,남,40세,상해없음,이륜,남,17세,경상
2013012800100318,2013년 1월 28일 17시,월요일,인천광역시 남동구 논현동,중상사고,0,1,0,0,차대사람 - 기타,신호위반,건조,맑음,교차로 - 교차로부근,화물,남,31세,상해없음,보행자,남,7세,중상
2013012800100319,2013년 1월 28일 17시,월요일,인천광역시 서구 가좌동,경상사고,0,0,1,0,차대차 - 추돌 - 진행중,안전운전불이행,건조,맑음,단일로 - 기타,승용,남,23세,상해없음,승용,남,56세,경상
2013012800100355,2013년 1월 28일 18시,월요일,인천광역시 서구 심곡동,경상사고,0,0,1,0,차대차 - 기타,안전거리미확보,건조,맑음,교차로 - 교차로부근,승용,여,49세,상해없음,승용,여,47세,경상
2013012800100406,2013년 1월 28일 20시,월요일,인천광역시 서구 석남동,경상사고,0,0,2,0,차대사람 - 기타,안전운전불이행,건조,맑음,단일로 - 기타,승용,남,54세,상해없음,보행자,남,17세,경상
2013012900100018,2013년 1월 29일 00시,화요일,인천광역시 강화군 강화읍,중상사고,0,1,0,0,차량단독 - 전도전복,안전운전불이행,건조,맑음,단일로 - 기타,승용,남,28세,상해없음,,,,
2013012900100051,2013년 1월 29일 03시,화요일,인천광역시 남동구 논현동,경상사고,0,0,2,0,차대차 - 추돌 - 주정차중,안전운전불이행,건조,맑음,교차로 - 교차로부근,승용,남,44세,상해없음,승용,남,45세,경상
2013012900100060,2013년 1월 29일 04시,화요일,인천광역시 남구 주안동,경상사고,0,0,1,0,차대차 - 기타,안전운전불이행,건조,맑음,단일로 - 기타,기타불명,기타불명,기타불명,기타불명,승용,남,55세,기타불명
2013012900100065,2013년 1월 29일 05시,화요일,인천광역시 남동구 구월동,경상사고,0,0,1,0,차대차 - 추돌 - 주정차중,안전운전불이행,건조,맑음,단일로 - 기타,승용,남,60세,상해없음,승용,남,72세,경상
2013012900100066,2013년 1월 29일 05시,화요일,인천광역시 서구 신현동,경상사고,0,0,3,0,차대차 - 측면직각충돌,신호위반,건조,맑음,교차로 - 교차로안,승용,여,39세,상해없음,승용,남,28세,경상
2013012900100110,2013년 1월 29일 07시,화요일,인천광역시 연수구 송도동,경상사고,0,0,1,0,차대차 - 추돌 - 진행중,교차로운행방법위반,건조,맑음,교차로 - 교차로안,건설기계,남,55세,상해없음,승용,여,32세,경상
2013012900100357,2013년 1월 29일 18시,화요일,인천광역시 연수구 연수동,경상사고,0,0,1,0,차대차 - 기타,안전운전불이행,건조,흐림,교차로 - 교차로안,화물,남,56세,상해없음,자전거,남,17세,경상
2013012900100380,2013년 1월 29일 19시,화요일,인천광역시 남구 학익동,경상사고,0,0,1,0,차대차 - 측면직각충돌,안전운전불이행,건조,맑음,단일로 - 기타,승용,여,28세,상해없음,자전거,남,64세,경상
2013012900100401,2013년 1월 29일 20시,화요일,인천광역시 남동구 간석동,중상사고,0,1,0,0,차대차 - 기타,안전운전불이행,기타,기타,단일로 - 횡단보도상,화물,남,43세,상해없음,자전거,남,73세,중상
2013012900100402,2013년 1월 29일 20시,화요일,인천광역시 연수구 동춘동,경상사고,0,0,1,0,차대사람 - 횡단중,신호위반,건조,맑음,교차로 - 교차로부근,승합,남,60세,상해없음,보행자,남,28세,경상
2013012900100454,2013년 1월 29일 22시,화요일,인천광역시 연수구 선학동,경상사고,0,0,1,0,차대차 - 기타,안전운전불이행,건조,맑음,단일로 - 기타,승용,남,37세,상해없음,승합,남,58세,경상
2013013000100021,2013년 1월 30일 00시,수요일,인천광역시 남동구 논현동,경상사고,0,0,1,0,차대차 - 측면직각충돌,안전운전불이행,건조,맑음,단일로 - 기타,승용,남,25세,상해없음,화물,남,59세,경상
2013013000100022,2013년 1월 30일 00시,수요일,인천광역시 서구 마전동,경상사고,0,0,1,0,차대차 - 추돌 - 진행중,안전운전불이행,건조,맑음,교차로 - 교차로부근,승용,남,55세,상해없음,승용,남,64세,경상
2013013000100080,2013년 1월 30일 05시,수요일,인천광역시 동구 송림동,경상사고,0,0,1,0,차대차 - 추돌 - 주정차중,안전운전불이행,건조,맑음,교차로 - 교차로부근,승용,남,70세,상해없음,승용,남,28세,경상
2013013000100094,2013년 1월 30일 06시,수요일,인천광역시 남동구 논현동,중상사고,0,5,0,0,차대차 - 추돌 - 진행중,안전운전불이행,건조,맑음,교차로 - 교차로부근,승용,남,38세,상해없음,승합,여,55세,중상
2013013000100095,2013년 1월 30일 06시,수요일,인천광역시 남동구 구월동,경상사고,0,0,1,0,차대차 - 측면직각충돌,신호위반,건조,맑음,교차로 - 교차로안,승합,남,42세,상해없음,승용,남,54세,경상
2013013000100196,2013년 1월 30일 10시,수요일,인천광역시 연수구 송도동,경상사고,0,0,2,0,차대차 - 측면직각충돌,신호위반,건조,맑음,교차로 - 교차로안,승용,남,51세,상해없음,승용,남,28세,경상
2013013000100222,2013년 1월 30일 11시,수요일,인천광역시 남동구 구월동,중상사고,0,2,1,0,차대차 - 추돌 - 진행중,안전운전불이행,건조,흐림,교차로 - 교차로안,승용,남,62세,상해없음,승용,남,57세,경상
2013013000100251,2013년 1월 30일 12시,수요일,인천광역시 부평구 산곡동,중상사고,0,1,0,0,차대차 - 기타,신호위반,건조,맑음,교차로 - 교차로부근,화물,남,35세,상해없음,이륜,남,50세,중상
2013013000100272,2013년 1월 30일 13시,수요일,인천광역시 서구 심곡동,경상사고,0,0,1,0,차대차 - 추돌 - 주정차중,안전운전불이행,건조,맑음,단일로 - 기타,승용,남,42세,상해없음,승용,남,31세,경상
2013013000100311,2013년 1월 30일 15시,수요일,인천광역시 남구 숭의동,경상사고,0,0,2,0,차대차 - 추돌 - 진행중,안전운전불이행,건조,맑음,교차로 - 교차로부근,화물,남,41세,상해없음,승용,여,28세,경상
2013013000100312,2013년 1월 30일 15시,수요일,인천광역시 남동구 수산동,경상사고,0,0,2,0,차대차 - 측면직각충돌,안전운전불이행,건조,흐림,단일로 - 기타,승용,남,29세,상해없음,승합,남,49세,상해없음
2013013000100334,2013년 1월 30일 16시,수요일,인천광역시 연수구 송도동,경상사고,0,0,1,0,차대사람 - 차도통행중,안전운전불이행,건조,맑음,단일로 - 기타,승합,남,52세,상해없음,보행자,여,50세,경상
2013013000100366,2013년 1월 30일 17시,수요일,인천광역시 남구 주안동,경상사고,0,0,2,0,차대차 - 기타,신호위반,건조,맑음,교차로 - 교차로안,승합,남,62세,상해없음,화물,남,33세,경상
2013013000100445,2013년 1월 30일 19시,수요일,인천광역시 중구 신포동,경상사고,0,0,1,0,차대사람 - 기타,안전운전불이행,건조,맑음,단일로 - 기타,승용,남,32세,상해없음,보행자,여,38세,경상
2013013000100446,2013년 1월 30일 19시,수요일,인천광역시 부평구 갈산동,경상사고,0,0,1,0,차대차 - 기타,안전운전불이행,건조,맑음,단일로 - 기타,승용,남,47세,상해없음,승용,남,39세,경상
2013013000100499,2013년 1월 30일 21시,수요일,인천광역시 남구 주안동,경상사고,0,0,3,0,차대차 - 추돌 - 주정차중,안전운전불이행,건조,맑음,교차로 - 교차로부근,승용,남,51세,상해없음,승용,남,45세,경상
2013013000100500,2013년 1월 30일 21시,수요일,인천광역시 남동구 간석동,경상사고,0,0,4,0,차대차 - 기타,차로위반,건조,맑음,교차로 - 교차로부근,승용,남,30세,상해없음,승용,남,31세,경상
2013013000100528,2013년 1월 30일 22시,수요일,인천광역시 계양구 계산동,중상사고,0,1,0,0,차대사람 - 횡단중,안전운전불이행,건조,맑음,단일로 - 기타,화물,남,41세,상해없음,보행자,남,50세,중상
2013013000100529,2013년 1월 30일 22시,수요일,인천광역시 연수구 옥련동,경상사고,0,0,2,0,차대차 - 정면충돌,교차로운행방법위반,건조,맑음,교차로 - 교차로안,승용,남,42세,상해없음,승용,남,36세,경상
2013013000100551,2013년 1월 30일 23시,수요일,인천광역시 남동구 간석동,중상사고,0,1,1,0,차대차 - 정면충돌,안전운전불이행,건조,맑음,단일로 - 기타,승용,여,29세,상해없음,승용,남,53세,중상
2013013000100552,2013년 1월 30일 23시,수요일,인천광역시 서구 연희동,경상사고,0,0,3,0,차대차 - 추돌 - 진행중,안전거리미확보,건조,맑음,단일로 - 기타,승용,남,33세,상해없음,승용,여,42세,경상
2013013000100553,2013년 1월 30일 23시,수요일,인천광역시 서구 가정동,경상사고,0,0,1,0,차대차 - 추돌 - 진행중,안전운전불이행,건조,맑음,단일로 - 기타,승용,기타불명,기타불명,기타불명,승용,남,46세,경상
2013013100100017,2013년 1월 31일 00시,목요일,인천광역시 부평구 청천동,중상사고,0,1,3,0,차대차 - 기타,신호위반,건조,맑음,교차로 - 교차로안,승용,남,31세,상해없음,승용,남,33세,상해없음
2013013100100018,2013년 1월 31일 00시,목요일,인천광역시 남동구 논현동,중상사고,0,1,0,0,차량단독 - 공작물충돌,안전운전불이행,건조,맑음,단일로 - 기타,승용,남,29세,상해없음,,,,
2013013100100019,2013년 1월 31일 00시,목요일,인천광역시 계양구 계산동,중상사고,0,2,0,0,차대차 - 정면충돌,안전운전불이행,건조,맑음,단일로 - 기타,승용,남,50세,중상,승용,남,59세,기타불명
2013013100100030,2013년 1월 31일 01시,목요일,인천광역시 남구 주안동,경상사고,0,0,1,0,차대사람 - 길가장자리구역통행중,안전운전불이행,건조,맑음,단일로 - 기타,기타불명,기타불명,기타불명,기타불명,보행자,남,27세,경상
2013013100100031,2013년 1월 31일 01시,목요일,인천광역시 서구 신현동,부상신고사고,0,0,0,1,차대차 - 기타,안전운전불이행,건조,맑음,교차로 - 교차로부근,원동기,남,24세,부상신고,화물,남,51세,기타불명
2013013100100152,2013년 1월 31일 08시,목요일,인천광역시 동구 화평동,경상사고,0,0,1,0,차대사람 - 기타,안전운전불이행,건조,맑음,교차로 - 교차로부근,승용,남,64세,상해없음,보행자,여,37세,경상
2013013100100153,2013년 1월 31일 08시,목요일,인천광역시 서구 심곡동,경상사고,0,0,2,0,차대차 - 기타,안전운전불이행,건조,맑음,교차로 - 교차로안,승용,남,48세,상해없음,승용,남,56세,경상
2013013100100184,2013년 1월 31일 09시,목요일,인천광역시 남구 문학동,부상신고사고,0,0,0,3,차대차 - 측면직각충돌,안전거리미확보,건조,맑음,기타 - 기타,승용,기타불명,기타불명,기타불명,승용,남,26세,부상신고
2013013100100226,2013년 1월 31일 11시,목요일,인천광역시 남동구 구월동,경상사고,0,0,1,0,차대차 - 추돌 - 주정차중,안전운전불이행,건조,맑음,단일로 - 횡단보도부근,승용,남,51세,상해없음,승용,남,66세,상해없음
2013013100100250,2013년 1월 31일 12시,목요일,인천광역시 남동구 구월동,중상사고,0,1,0,0,차대차 - 기타,안전운전불이행,건조,맑음,교차로 - 교차로안,승용,여,46세,상해없음,자전거,남,73세,중상
2013013100100280,2013년 1월 31일 13시,목요일,인천광역시 남구 주안동,경상사고,0,0,1,0,차대사람 - 기타,안전운전불이행,건조,맑음,교차로 - 교차로부근,승용,남,29세,상해없음,보행자,남,74세,경상
2013013100100281,2013년 1월 31일 13시,목요일,인천광역시 남동구 만수동,부상신고사고,0,0,0,1,차대차 - 추돌 - 주정차중,안전운전불이행,건조,맑음,단일로 - 기타,화물,남,43세,부상신고,화물,남,28세,상해없음
2013013100100306,2013년 1월 31일 14시,목요일,인천광역시 남동구 논현동,경상사고,0,0,1,0,차대사람 - 차도통행중,안전운전불이행,건조,맑음,단일로 - 기타,승용,남,31세,상해없음,보행자,남,48세,경상
2013013100100307,2013년 1월 31일 14시,목요일,인천광역시 연수구 선학동,경상사고,0,0,6,0,차대차 - 추돌 - 주정차중,안전운전불이행,건조,맑음,단일로 - 기타,화물,남,30세,상해없음,화물,남,72세,경상
2013013100100410,2013년 1월 31일 18시,목요일,인천광역시 남구 주안동,경상사고,0,0,1,0,차대차 - 측면직각충돌,신호위반,기타,맑음,단일로 - 기타,승용,여,24세,상해없음,승용,남,43세,경상
2013013100100411,2013년 1월 31일 18시,목요일,인천광역시 서구 가정동,경상사고,0,0,3,0,차대차 - 측면직각충돌,안전운전불이행,건조,맑음,기타 - 기타,승합,남,41세,상해없음,승용,여,26세,경상
2013013100100412,2013년 1월 31일 18시,목요일,인천광역시 부평구 부평동,경상사고,0,0,1,0,차대사람 - 횡단중,보행자보호의무위반,건조,맑음,단일로 - 횡단보도상,승용,남,63세,기타불명,보행자,남,13세,경상
2013013100100438,2013년 1월 31일 19시,목요일,인천광역시 남구 학익동,경상사고,0,0,1,0,차대차 - 측면직각충돌,안전운전불이행,건조,맑음,교차로 - 교차로안,승용,남,46세,상해없음,승용,남,37세,경상
2013013100100439,2013년 1월 31일 19시,목요일,인천광역시 계양구 계산동,중상사고,0,1,0,0,차대차 - 측면직각충돌,신호위반,건조,맑음,교차로 - 교차로안,승용,남,63세,상해없음,이륜,남,42세,중상
2013013100100440,2013년 1월 31일 19시,목요일,인천광역시 연수구 청학동,사망사고,1,0,0,0,차대사람 - 횡단중,보행자보호의무위반,건조,흐림,교차로 - 교차로안,승합,남,68세,상해없음,보행자,남,74세,사망
2013013100100469,2013년 1월 31일 20시,목요일,인천광역시 서구 심곡동,중상사고,0,1,0,0,차대사람 - 횡단중,안전운전불이행,습기,맑음,단일로 - 기타,이륜,남,27세,상해없음,보행자,남,42세,중상
2013013100100470,2013년 1월 31일 20시,목요일,인천광역시 부평구 부평동,중상사고,0,1,0,0,차대사람 - 횡단중,안전운전불이행,건조,맑음,단일로 - 기타,승용,남,31세,상해없음,보행자,남,21세,중상
2013013100100563,2013년 1월 31일 23시,목요일,인천광역시 남구 주안동,부상신고사고,0,0,0,1,차대차 - 측면직각충돌,안전운전불이행,건조,맑음,단일로 - 기타,기타불명,기타불명,기타불명,기타불명,이륜,남,18세,부상신고
2013020100100046,2013년 2월 1일 01시,금요일,인천광역시 남구 주안동,중상사고,0,2,0,0,차대차 - 추돌 - 주정차중,안전운전불이행,습기,비,단일로 - 기타,승용,남,40세,상해없음,승용,남,57세,중상
2013020100100067,2013년 2월 1일 02시,금요일,인천광역시 남구 주안동,경상사고,0,0,2,0,차대차 - 추돌 - 주정차중,안전운전불이행,습기,비,단일로 - 기타,승용,남,33세,상해없음,승용,남,30세,경상
2013020100100078,2013년 2월 1일 03시,금요일,인천광역시 중구 신흥동1가,경상사고,0,0,1,0,차대사람 - 횡단중,안전운전불이행,습기,비,교차로 - 교차로부근,승용,남,28세,상해없음,보행자,남,50세,경상
2013020100100079,2013년 2월 1일 03시,금요일,인천광역시 남구 주안동,중상사고,0,1,0,0,차대사람 - 횡단중,안전운전불이행,습기,비,교차로 - 교차로부근,승용,남,65세,상해없음,보행자,남,55세,중상
2013020100100080,2013년 2월 1일 03시,금요일,인천광역시 계양구 작전동,중상사고,0,1,0,0,차량단독 - 공작물충돌,안전운전불이행,습기,비,단일로 - 기타,이륜,남,45세,중상,,,,
2013020100100081,2013년 2월 1일 03시,금요일,인천광역시 연수구 옥련동,경상사고,0,0,1,0,차대차 - 기타,안전운전불이행,습기,비,교차로 - 교차로안,승용,남,54세,상해없음,승용,남,47세,경상
2013020100100082,2013년 2월 1일 03시,금요일,인천광역시 부평구 부평동,경상사고,0,0,5,0,차대차 - 측면직각충돌,신호위반,습기,비,교차로 - 교차로안,승용,남,24세,상해없음,승용,남,27세,경상
2013020100100093,2013년 2월 1일 04시,금요일,인천광역시 남동구 남촌동,경상사고,0,0,2,0,차대차 - 기타,안전운전불이행,습기,비,단일로 - 기타,승용,남,52세,상해없음,승용,남,29세,경상
2013020100100113,2013년 2월 1일 05시,금요일,인천광역시 부평구 십정동,경상사고,0,0,3,0,차대차 - 측면직각충돌,신호위반,습기,비,교차로 - 교차로안,승용,남,54세,상해없음,승합,남,37세,경상
2013020100100114,2013년 2월 1일 05시,금요일,인천광역시 남동구 만수동,중상사고,0,1,0,0,차대사람 - 기타,안전운전불이행,건조,맑음,단일로 - 기타,승용,남,46세,상해없음,보행자,남,53세,중상
2013020100100115,2013년 2월 1일 05시,금요일,인천광역시 계양구 계산동,중상사고,0,2,0,0,차대사람 - 횡단중,신호위반,습기,비,교차로 - 교차로부근,승용,남,29세,상해없음,보행자,남,51세,중상
2013020100100163,2013년 2월 1일 07시,금요일,인천광역시 중구 신흥동1가,경상사고,0,0,1,0,차대차 - 측면직각충돌,안전운전불이행,건조,맑음,단일로 - 기타,승용,남,63세,상해없음,승용,여,30세,경상
2013020100100164,2013년 2월 1일 07시,금요일,인천광역시 남구 숭의동,경상사고,0,0,1,0,차대차 - 측면직각충돌,신호위반,습기,비,교차로 - 교차로안,승용,남,28세,상해없음,승용,남,56세,경상
2013020100100165,2013년 2월 1일 07시,금요일,인천광역시 서구 경서동,중상사고,0,1,0,0,차대차 - 추돌 - 진행중,안전운전불이행,건조,맑음,단일로 - 기타,승용,여,34세,상해없음,승용,남,54세,중상
2013020100100224,2013년 2월 1일 09시,금요일,인천광역시 중구 을왕동,중상사고,0,1,1,0,차대차 - 추돌 - 진행중,안전운전불이행,습기,비,교차로 - 교차로부근,승합,남,64세,상해없음,화물,남,48세,중상
2013020100100225,2013년 2월 1일 09시,금요일,인천광역시 부평구 부평동,경상사고,0,0,2,0,차대차 - 측면직각충돌,안전운전불이행,습기,비,교차로 - 교차로부근,승용,남,27세,상해없음,승합,남,47세,경상
2013020100100240,2013년 2월 1일 10시,금요일,인천광역시 부평구 청천동,경상사고,0,0,1,1,차대차 - 측면직각충돌,차로위반,건조,맑음,단일로 - 기타,승합,남,45세,상해없음,승합,남,48세,경상
2013020100100306,2013년 2월 1일 13시,금요일,인천광역시 서구 당하동,경상사고,0,0,1,0,차대차 - 기타,안전운전불이행,건조,맑음,교차로 - 교차로안,승용,남,43세,상해없음,승합,남,50세,경상
2013020100100345,2013년 2월 1일 15시,금요일,인천광역시 연수구 송도동,중상사고,0,1,0,0,차대차 - 측면직각충돌,교차로운행방법위반,습기,흐림,교차로 - 교차로안,화물,남,40세,상해없음,승용,남,44세,중상
2013020100100373,2013년 2월 1일 16시,금요일,인천광역시 남동구 고잔동,경상사고,0,0,1,0,차대차 - 추돌 - 진행중,안전운전불이행,습기,흐림,단일로 - 기타,승용,남,60세,상해없음,화물,남,25세,경상
2013020100100442,2013년 2월 1일 18시,금요일,인천광역시 서구 석남동,경상사고,0,0,1,0,차대차 - 측면직각충돌,신호위반,결빙,흐림,교차로 - 교차로안,이륜,남,28세,경상,승용,남,49세,상해없음
2013020100100443,2013년 2월 1일 18시,금요일,인천광역시 부평구 부개동,경상사고,0,0,1,0,차대차 - 추돌 - 진행중,안전운전불이행,습기,비,단일로 - 기타,승용,남,44세,상해없음,승용,남,30세,경상
2013020100100444,2013년 2월 1일 18시,금요일,인천광역시 부평구 부개동,경상사고,0,0,1,0,차대사람 - 기타,보행자보호의무위반,건조,맑음,단일로 - 횡단보도상,승합,남,61세,상해없음,보행자,여,39세,경상
2013020100100488,2013년 2월 1일 19시,금요일,인천광역시 남구 숭의동,중상사고,0,1,0,0,차대사람 - 횡단중,안전운전불이행,습기,흐림,기타 - 기타,승용,남,42세,상해없음,보행자,남,13세,중상
2013020100100489,2013년 2월 1일 19시,금요일,인천광역시 연수구 옥련동,경상사고,0,0,1,0,차대차 - 측면직각충돌,안전운전불이행,결빙,맑음,단일로 - 기타,승용,여,39세,상해없음,승용,남,40세,경상
2013020100100520,2013년 2월 1일 20시,금요일,인천광역시 서구 석남동,중상사고,0,1,4,0,차대차 - 추돌 - 진행중,안전운전불이행,건조,맑음,교차로 - 교차로부근,승용,남,48세,상해없음,승용,여,35세,중상
2013020100100521,2013년 2월 1일 20시,금요일,인천광역시 서구 당하동,경상사고,0,0,1,0,차대차 - 측면직각충돌,안전운전불이행,건조,맑음,단일로 - 기타,승용,남,46세,상해없음,승용,남,56세,경상
2013020100100550,2013년 2월 1일 21시,금요일,인천광역시 부평구 갈산동,경상사고,0,0,1,0,차대사람 - 기타,안전운전불이행,건조,맑음,단일로 - 기타,승용,남,46세,상해없음,보행자,남,33세,경상
2013020200100051,2013년 2월 2일 01시,토요일,인천광역시 남구 용현동,경상사고,0,0,1,0,차대차 - 기타,중앙선침범,건조,맑음,기타 - 기타,승용,남,52세,상해없음,원동기,남,31세,경상
2013020200100052,2013년 2월 2일 01시,토요일,인천광역시 부평구 부개동,경상사고,0,0,1,0,차대사람 - 기타,안전운전불이행,건조,맑음,단일로 - 횡단보도상,기타불명,기타불명,기타불명,기타불명,보행자,남,45세,경상
2013020200100088,2013년 2월 2일 03시,토요일,인천광역시 남동구 구월동,경상사고,0,0,2,0,차대차 - 정면충돌,신호위반,건조,맑음,교차로 - 교차로안,승용,여,48세,상해없음,승용,남,42세,경상
2013020200100089,2013년 2월 2일 03시,토요일,인천광역시 연수구 연수동,중상사고,0,1,1,0,차대차 - 측면직각충돌,교차로운행방법위반,건조,맑음,단일로 - 기타,승용,남,50세,상해없음,승용,남,26세,경상
2013020200100104,2013년 2월 2일 04시,토요일,인천광역시 부평구 부평동,경상사고,0,0,1,0,차대사람 - 차도통행중,안전운전불이행,건조,맑음,단일로 - 기타,승용,남,23세,상해없음,보행자,남,36세,경상
2013020200100116,2013년 2월 2일 05시,토요일,인천광역시 서구 가좌동,경상사고,0,0,1,0,차대사람 - 차도통행중,안전운전불이행,건조,맑음,단일로 - 기타,승용,남,28세,상해없음,보행자,남,51세,경상
2013020200100128,2013년 2월 2일 06시,토요일,인천광역시 남구 도화동,경상사고,0,0,1,0,차대차 - 기타,신호위반,건조,맑음,교차로 - 교차로안,이륜,남,19세,상해없음,승용,남,53세,상해없음
2013020200100168,2013년 2월 2일 08시,토요일,인천광역시 남동구 장수동,경상사고,0,0,1,0,차대차 - 기타,안전운전불이행,건조,맑음,단일로 - 기타,화물,남,48세,상해없음,승용,여,31세,경상
2013020200100169,2013년 2월 2일 08시,토요일,인천광역시 서구 가좌동,경상사고,0,0,1,0,차대차 - 추돌 - 주정차중,안전거리미확보,건조,맑음,교차로 - 교차로부근,승용,남,54세,상해없음,승용,여,24세,경상
2013020200100302,2013년 2월 2일 13시,토요일,인천광역시 남동구 논현동,사망사고,1,0,0,0,차대사람 - 기타,안전운전불이행,건조,맑음,단일로 - 기타,건설기계,남,64세,상해없음,보행자,남,47세,사망
2013020200100395,2013년 2월 2일 17시,토요일,인천광역시 남동구 만수동,경상사고,0,0,1,0,차대차 - 추돌 - 진행중,안전거리미확보,건조,맑음,단일로 - 기타,승용,남,67세,상해없음,승용,남,59세,상해없음
2013020200100433,2013년 2월 2일 18시,토요일,인천광역시 동구 송림동,경상사고,0,0,4,0,차대차 - 추돌 - 진행중,안전거리미확보,건조,맑음,교차로 - 교차로부근,승용,남,43세,상해없음,화물,남,62세,경상
2013020200100434,2013년 2월 2일 18시,토요일,인천광역시 부평구 부평동,경상사고,0,0,1,0,차대차 - 기타,안전운전불이행,건조,맑음,단일로 - 기타,승용,여,52세,상해없음,승합,남,45세,상해없음