사고번호,사고일시,요일,시군구,사고내용,사망자수,중상자수,경상자수,부상신고자수,사고유형,법규위반,노면상태,기상상태,도로형태,가해운전자 차종,가해운전자 성별,가해운전자 연령,가해운전자 상해정도,피해운전자 차종,피해운전자 성별,피해운전자 연령,피해운전자 상해정도
2013021400100081,2013년 2월 14일 07시,목요일,인천광역시 연수구 동춘동,경상사고,0,0,1,0,차대차 - 기타,안전운전불이행,건조,맑음,단일로 - 기타,승용,남,31세,상해없음,이륜,남,58세,경상
2013021400100107,2013년 2월 14일 08시,목요일,인천광역시 계양구 작전동,중상사고,0,1,1,0,차대차 - 추돌 - 진행중,안전운전불이행,건조,맑음,단일로 - 기타,승용,여,60세,상해없음,화물,남,29세,경상
2013021400100128,2013년 2월 14일 09시,목요일,인천광역시 서구 당하동,경상사고,0,0,2,0,차대차 - 추돌 - 진행중,안전거리미확보,건조,맑음,단일로 - 기타,승합,남,50세,상해없음,승용,남,43세,경상
2013021400100129,2013년 2월 14일 09시,목요일,인천광역시 부평구 부평동,중상사고,0,1,0,0,차대사람 - 기타,기타,건조,맑음,기타 - 기타,승용,남,43세,상해없음,보행자,여,62세,중상
2013021400100130,2013년 2월 14일 09시,목요일,인천광역시 부평구 갈산동,중상사고,0,1,0,0,차대사람 - 기타,안전운전불이행,건조,맑음,기타 - 기타,화물,남,56세,상해없음,보행자,남,60세,중상
2013021400100192,2013년 2월 14일 12시,목요일,인천광역시 남구 숭의동,경상사고,0,0,2,0,차대차 - 추돌 - 주정차중,안전운전불이행,건조,맑음,교차로 - 교차로부근,승용,남,60세,상해없음,승용,남,48세,경상
2013021400100243,2013년 2월 14일 14시,목요일,인천광역시 남구 숭의동,경상사고,0,0,4,0,차대차 - 측면직각충돌,안전운전불이행,적설,맑음,교차로 - 교차로부근,화물,남,71세,상해없음,승용,남,38세,경상
2013021400100412,2013년 2월 14일 20시,목요일,인천광역시 남구 도화동,경상사고,0,0,1,0,차대차 - 측면직각충돌,교차로운행방법위반,건조,맑음,교차로 - 교차로안,승용,남,56세,상해없음,승용,남,64세,상해없음
2013021400100413,2013년 2월 14일 20시,목요일,인천광역시 남구 용현동,경상사고,0,0,1,0,차대차 - 측면직각충돌,안전운전불이행,건조,맑음,교차로 - 교차로부근,승용,남,31세,상해없음,승용,여,45세,경상
2013021400100435,2013년 2월 14일 21시,목요일,인천광역시 계양구 계산동,경상사고,0,0,1,0,차대차 - 측면직각충돌,안전거리미확보,건조,맑음,단일로 - 기타,승용,남,28세,상해없음,원동기,남,19세,경상
2013021400100467,2013년 2월 14일 22시,목요일,인천광역시 남구 도화동,경상사고,0,0,1,0,차대차 - 기타,안전거리미확보,건조,맑음,단일로 - 기타,승용,남,71세,상해없음,승용,남,61세,상해없음
2013021400100468,2013년 2월 14일 22시,목요일,인천광역시 부평구 부평동,경상사고,0,0,1,0,차대사람 - 길가장자리구역통행중,안전운전불이행,습기,맑음,단일로 - 기타,승용,여,51세,상해없음,보행자,남,18세,경상
2013021400100494,2013년 2월 14일 23시,목요일,인천광역시 남구 관교동,중상사고,0,1,0,0,차대차 - 기타,중앙선침범,건조,맑음,단일로 - 기타,승용,남,57세,상해없음,승용,남,35세,중상
2013021400100495,2013년 2월 14일 23시,목요일,인천광역시 남구 주안동,경상사고,0,0,1,0,차대차 - 측면직각충돌,안전거리미확보,건조,맑음,단일로 - 기타,승용,남,55세,상해없음,승용,남,34세,경상
2013021500100014,2013년 2월 15일 00시,금요일,인천광역시 동구 화수동,경상사고,0,0,1,0,차대차 - 추돌 - 주정차중,안전운전불이행,습기,맑음,교차로 - 교차로부근,승용,남,65세,상해없음,승용,남,34세,경상
2013021500100052,2013년 2월 15일 02시,금요일,인천광역시 서구 석남동,중상사고,0,1,0,0,차대사람 - 차도통행중,안전운전불이행,건조,맑음,단일로 - 기타,승용,남,25세,상해없음,보행자,여,19세,중상
2013021500100059,2013년 2월 15일 03시,금요일,인천광역시 부평구 부평동,중상사고,0,1,0,0,차량단독 - 전도전복,기타,건조,맑음,단일로 - 기타,승용,남,63세,중상,,,,
2013021500100072,2013년 2월 15일 04시,금요일,인천광역시 서구 가좌동,중상사고,0,1,0,0,차대차 - 추돌 - 진행중,중앙선침범,결빙,맑음,단일로 - 기타,화물,남,68세,상해없음,승합,남,52세,중상
2013021500100087,2013년 2월 15일 06시,금요일,인천광역시 남구 용현동,중상사고,0,1,0,0,차대사람 - 횡단중,안전운전불이행,건조,맑음,단일로 - 횡단보도부근,승합,남,65세,상해없음,보행자,여,64세,중상
2013021500100134,2013년 2월 15일 08시,금요일,인천광역시 중구 운남동,중상사고,0,1,0,0,차대차 - 측면직각충돌,신호위반,건조,맑음,교차로 - 교차로안,승용,남,52세,상해없음,승용,여,42세,중상
2013021500100135,2013년 2월 15일 08시,금요일,인천광역시 남동구 만수동,중상사고,0,1,1,0,차대차 - 측면직각충돌,안전거리미확보,건조,맑음,단일로 - 기타,승용,남,25세,상해없음,승합,남,33세,상해없음
2013021500100136,2013년 2월 15일 08시,금요일,인천광역시 연수구 송도동,경상사고,0,0,1,0,차대사람 - 기타,안전운전불이행,결빙,맑음,교차로 - 교차로안,건설기계,남,54세,상해없음,보행자,남,60세,경상
2013021500100165,2013년 2월 15일 09시,금요일,인천광역시 서구 심곡동,경상사고,0,0,1,0,차대사람 - 기타,안전운전불이행,건조,맑음,단일로 - 기타,승용,남,65세,상해없음,보행자,여,15세,경상
2013021500100210,2013년 2월 15일 11시,금요일,인천광역시 부평구 십정동,경상사고,0,0,1,0,차대차 - 측면직각충돌,안전운전불이행,건조,맑음,단일로 - 기타,승용,남,58세,상해없음,승용,남,69세,경상
2013021500100255,2013년 2월 15일 13시,금요일,인천광역시 남구 용현동,경상사고,0,0,1,0,차대차 - 측면직각충돌,안전운전불이행,건조,맑음,단일로 - 기타,화물,남,54세,상해없음,승용,여,40세,경상
2013021500100256,2013년 2월 15일 13시,금요일,인천광역시 남동구 구월동,경상사고,0,0,1,0,차대사람 - 횡단중,안전운전불이행,건조,맑음,교차로 - 교차로부근,기타불명,기타불명,기타불명,기타불명,보행자,여,25세,경상
2013021500100257,2013년 2월 15일 13시,금요일,인천광역시 계양구 효성동,중상사고,0,1,0,0,차대사람 - 차도통행중,안전운전불이행,건조,맑음,교차로 - 교차로안,승합,남,46세,상해없음,보행자,여,33세,중상
2013021500100286,2013년 2월 15일 14시,금요일,인천광역시 남구 용현동,경상사고,0,0,1,0,차대사람 - 기타,안전운전불이행,기타,맑음,단일로 - 기타,승합,남,46세,상해없음,보행자,남,52세,경상
2013021500100287,2013년 2월 15일 14시,금요일,인천광역시 서구 검암동,경상사고,0,0,1,0,차대차 - 기타,안전거리미확보,건조,맑음,교차로 - 교차로안,승용,여,45세,상해없음,승합,남,50세,상해없음
2013021500100367,2013년 2월 15일 17시,금요일,인천광역시 서구 경서동,경상사고,0,0,1,0,차대차 - 정면충돌,중앙선침범,건조,맑음,교차로 - 교차로부근,승용,여,35세,상해없음,승용,여,54세,경상
2013021500100399,2013년 2월 15일 18시,금요일,인천광역시 남동구 구월동,경상사고,0,0,1,0,차대차 - 측면직각충돌,안전운전불이행,건조,맑음,교차로 - 교차로안,승용,남,66세,상해없음,승용,남,25세,경상
2013021500100419,2013년 2월 15일 19시,금요일,인천광역시 남동구 논현동,경상사고,0,0,1,0,차대차 - 측면직각충돌,안전운전불이행,건조,맑음,기타 - 기타,승용,남,51세,상해없음,승용,남,67세,상해없음
2013021500100439,2013년 2월 15일 20시,금요일,인천광역시 서구 당하동,경상사고,0,0,2,0,차대사람 - 횡단중,안전운전불이행,건조,맑음,단일로 - 횡단보도상,승용,기타불명,기타불명,기타불명,보행자,여,15세,경상
2013021500100480,2013년 2월 15일 21시,금요일,인천광역시 중구 신흥동2가,경상사고,0,0,1,0,차대차 - 측면직각충돌,안전운전불이행,건조,맑음,교차로 - 교차로안,승용,남,42세,상해없음,승용,남,55세,상해없음
2013021500100481,2013년 2월 15일 21시,금요일,인천광역시 부평구 일신동,중상사고,0,1,1,0,차대차 - 추돌 - 진행중,안전운전불이행,건조,맑음,단일로 - 기타,승용,남,37세,상해없음,승합,남,56세,경상
2013021500100509,2013년 2월 15일 22시,금요일,인천광역시 남동구 남촌동,경상사고,0,0,2,0,차대차 - 추돌 - 주정차중,안전운전불이행,건조,맑음,단일로 - 기타,승용,남,50세,상해없음,승용,남,38세,경상
2013021600100023,2013년 2월 16일 00시,토요일,인천광역시 서구 마전동,경상사고,0,0,2,0,차대차 - 추돌 - 주정차중,안전거리미확보,건조,맑음,단일로 - 기타,승용,여,33세,상해없음,승용,남,53세,경상
2013021600100044,2013년 2월 16일 01시,토요일,인천광역시 남구 주안동,경상사고,0,0,1,0,차대차 - 측면직각충돌,안전운전불이행,건조,맑음,단일로 - 기타,승용,남,33세,상해없음,이륜,남,28세,경상
2013021600100045,2013년 2월 16일 01시,토요일,인천광역시 연수구 청학동,중상사고,0,1,0,0,차대차 - 기타,안전운전불이행,건조,맑음,교차로 - 교차로안,승용,남,38세,상해없음,승용,남,51세,중상
2013021600100071,2013년 2월 16일 03시,토요일,인천광역시 부평구 일신동,경상사고,0,0,2,0,차대차 - 기타,안전운전불이행,건조,맑음,단일로 - 기타,승용,남,27세,상해없음,승용,남,50세,경상
2013021600100085,2013년 2월 16일 04시,토요일,인천광역시 서구 심곡동,경상사고,0,0,1,0,차대차 - 기타,안전운전불이행,건조,맑음,단일로 - 기타,승용,남,25세,상해없음,승용,남,31세,경상
2013021600100092,2013년 2월 16일 05시,토요일,인천광역시 부평구 청천동,사망사고,1,0,0,0,차대사람 - 기타,안전운전불이행,건조,맑음,단일로 - 기타,승합,남,48세,상해없음,보행자,여,70세,사망
2013021600100093,2013년 2월 16일 05시,토요일,인천광역시 남동구 구월동,중상사고,0,2,2,0,차대차 - 측면직각충돌,안전거리미확보,건조,맑음,단일로 - 기타,승용,남,33세,상해없음,승용,남,25세,중상
2013021600100094,2013년 2월 16일 05시,토요일,인천광역시 남동구 간석동,중상사고,0,2,0,0,차대차 - 추돌 - 주정차중,안전거리미확보,건조,맑음,단일로 - 기타,승용,남,21세,상해없음,승용,남,39세,중상
2013021600100095,2013년 2월 16일 05시,토요일,인천광역시 남동구 남촌동,중상사고,0,1,0,0,차대차 - 기타,신호위반,건조,맑음,교차로 - 교차로안,승용,남,37세,상해없음,승용,여,56세,중상
2013021600100133,2013년 2월 16일 07시,토요일,인천광역시 부평구 일신동,경상사고,0,0,1,0,차대차 - 측면직각충돌,안전운전불이행,건조,맑음,단일로 - 기타,승용,남,32세,기타불명,승용,남,22세,경상
2013021600100219,2013년 2월 16일 11시,토요일,인천광역시 남동구 구월동,중상사고,0,1,0,0,차대사람 - 기타,보행자보호의무위반,건조,맑음,교차로 - 교차로부근,승용,남,53세,상해없음,보행자,여,26세,중상
2013021600100220,2013년 2월 16일 11시,토요일,인천광역시 남동구 구월동,중상사고,0,1,0,0,차대차 - 측면직각충돌,신호위반,건조,맑음,교차로 - 교차로안,승용,남,56세,상해없음,승용,남,55세,중상
2013021600100221,2013년 2월 16일 11시,토요일,인천광역시 서구 연희동,경상사고,0,0,1,0,차대차 - 추돌 - 진행중,안전운전불이행,건조,맑음,단일로 - 기타,승용,남,31세,상해없음,승용,남,33세,경상
2013021600100241,2013년 2월 16일 12시,토요일,인천광역시 서구 석남동,경상사고,0,0,1,0,차대차 - 측면직각충돌,안전운전불이행,결빙,맑음,단일로 - 기타,승용,남,44세,상해없음,승합,남,33세,경상
2013021600100356,2013년 2월 16일 17시,토요일,인천광역시 서구 석남동,중상사고,0,1,0,0,차대차 - 측면직각충돌,안전운전불이행,건조,맑음,교차로 - 교차로안,승합,남,43세,상해없음,자전거,남,17세,중상
2013021600100383,2013년 2월 16일 18시,토요일,인천광역시 남구 용현동,중상사고,0,1,0,0,차대사람 - 횡단중,안전운전불이행,건조,맑음,단일로 - 횡단보도상,승용,남,38세,상해없음,보행자,남,55세,중상
2013021600100384,2013년 2월 16일 18시,토요일,인천광역시 남구 주안동,중상사고,0,1,0,0,차대사람 - 보도통행중,중앙선침범,건조,맑음,단일로 - 횡단보도상,원동기,남,32세,상해없음,보행자,남,58세,중상
2013021600100385,2013년 2월 16일 18시,토요일,인천광역시 부평구 청천동,경상사고,0,0,1,0,차대차 - 측면직각충돌,안전운전불이행,건조,맑음,교차로 - 교차로부근,화물,남,51세,상해없음,승용,남,30세,경상
2013021600100409,2013년 2월 16일 19시,토요일,인천광역시 연수구 송도동,경상사고,0,0,3,1,차대차 - 기타,안전운전불이행,건조,맑음,교차로 - 교차로부근,승용,남,43세,상해없음,승용,남,46세,경상
2013021600100434,2013년 2월 16일 20시,토요일,인천광역시 남동구 논현동,중상사고,0,1,0,0,차대차 - 정면충돌,교차로운행방법위반,건조,맑음,교차로 - 교차로안,승용,여,50세,상해없음,이륜,남,17세,중상
2013021600100435,2013년 2월 16일 20시,토요일,인천광역시 계양구 작전동,경상사고,0,0,1,0,차대차 - 추돌 - 주정차중,안전운전불이행,건조,맑음,단일로 - 기타,승용,남,65세,상해없음,승용,남,23세,경상
2013021600100454,2013년 2월 16일 21시,토요일,인천광역시 연수구 옥련동,경상사고,0,0,1,0,차대차 - 기타,안전운전불이행,건조,맑음,교차로 - 교차로부근,승합,남,26세,상해없음,승용,여,46세,경상
2013021600100490,2013년 2월 16일 23시,토요일,인천광역시 남구 숭의동,경상사고,0,0,1,0,차대차 - 추돌 - 주정차중,안전운전불이행,건조,맑음,교차로 - 교차로부근,승용,남,44세,상해없음,승용,여,40세,경상
2013021600100491,2013년 2월 16일 23시,토요일,인천광역시 남구 문학동,경상사고,0,0,2,0,차대차 - 추돌 - 주정차중,안전운전불이행,건조,맑음,단일로 - 기타,승용,남,23세,상해없음,승용,남,30세,경상
2013021600100492,2013년 2월 16일 23시,토요일,인천광역시 부평구 부평동,경상사고,0,0,2,0,차대차 - 추돌 - 진행중,안전운전불이행,건조,맑음,단일로 - 기타,승용,남,35세,상해없음,승용,여,28세,경상
2013021600100493,2013년 2월 16일 23시,토요일,인천광역시 서구 경서동,경상사고,0,0,3,0,차대차 - 기타,신호위반,건조,맑음,교차로 - 교차로안,승용,남,41세,상해없음,승용,남,46세,경상
2013021700100035,2013년 2월 17일 02시,일요일,인천광역시 남구 숭의동,경상사고,0,0,1,0,차량단독 - 공작물충돌,안전운전불이행,건조,맑음,교차로 - 교차로부근,승용,남,64세,상해없음,,,,
2013021700100063,2013년 2월 17일 05시,일요일,인천광역시 남동구 간석동,경상사고,0,0,2,0,차대차 - 추돌 - 주정차중,안전운전불이행,건조,맑음,교차로 - 교차로부근,승용,남,31세,상해없음,승합,남,48세,상해없음
2013021700100073,2013년 2월 17일 06시,일요일,인천광역시 남구 주안동,중상사고,0,1,0,0,차대사람 - 횡단중,안전운전불이행,건조,맑음,단일로 - 횡단보도상,승용,남,58세,상해없음,보행자,여,77세,중상
2013021700100074,2013년 2월 17일 06시,일요일,인천광역시 부평구 부평동,경상사고,0,0,1,0,차대차 - 측면직각충돌,신호위반,건조,맑음,교차로 - 교차로안,승용,남,69세,상해없음,승용,남,36세,경상
2013021700100086,2013년 2월 17일 07시,일요일,인천광역시 서구 가좌동,경상사고,0,0,1,0,차대차 - 측면직각충돌,안전운전불이행,건조,맑음,단일로 - 기타,승합,남,65세,상해없음,승용,여,26세,경상
2013021700100103,2013년 2월 17일 09시,일요일,인천광역시 연수구 연수동,경상사고,0,0,2,0,차대차 - 기타,안전운전불이행,건조,맑음,교차로 - 교차로부근,승용,여,26세,상해없음,승용,여,31세,경상
2013021700100135,2013년 2월 17일 11시,일요일,인천광역시 남구 도화동,경상사고,0,0,1,0,차대차 - 측면직각충돌,안전운전불이행,건조,맑음,단일로 - 기타,승용,남,47세,상해없음,승용,여,34세,경상
2013021700100164,2013년 2월 17일 13시,일요일,인천광역시 남구 주안동,경상사고,0,0,2,0,차대차 - 측면직각충돌,안전운전불이행,건조,맑음,단일로 - 기타,화물,남,54세,상해없음,승합,남,50세,상해없음
2013021700100165,2013년 2월 17일 13시,일요일,인천광역시 부평구 부평동,경상사고,0,0,2,0,차대차 - 측면직각충돌,기타,건조,맑음,교차로 - 교차로부근,승합,남,39세,상해없음,승용,여,41세,경상
2013021700100192,2013년 2월 17일 14시,일요일,인천광역시 서구 가좌동,중상사고,0,1,0,0,차대사람 - 기타,안전운전불이행,습기,흐림,단일로 - 기타,승용,남,19세,상해없음,보행자,여,78세,중상
2013021700100193,2013년 2월 17일 14시,일요일,인천광역시 계양구 작전동,중상사고,0,1,0,0,차대사람 - 횡단중,안전운전불이행,건조,맑음,단일로 - 기타,승용,남,36세,상해없음,보행자,여,55세,중상
2013021700100212,2013년 2월 17일 15시,일요일,인천광역시 남동구 구월동,경상사고,0,0,1,1,차대차 - 추돌 - 진행중,안전운전불이행,건조,맑음,단일로 - 기타,승용,남,48세,부상신고,승용,남,53세,경상
2013021700100233,2013년 2월 17일 16시,일요일,인천광역시 동구 송림동,경상사고,0,0,3,0,차대차 - 측면직각충돌,차로위반,건조,맑음,교차로 - 교차로부근,승합,여,51세,상해없음,승용,여,35세,경상
2013021700100234,2013년 2월 17일 16시,일요일,인천광역시 서구 석남동,경상사고,0,0,1,0,차대사람 - 기타,안전운전불이행,건조,맑음,단일로 - 기타,승용,남,49세,상해없음,보행자,여,11세,경상
2013021700100267,2013년 2월 17일 18시,일요일,인천광역시 남동구 구월동,경상사고,0,0,2,0,차대차 - 추돌 - 주정차중,안전운전불이행,건조,맑음,단일로 - 기타,승용,남,24세,기타불명,이륜,남,17세,경상
2013021700100290,2013년 2월 17일 19시,일요일,인천광역시 연수구 연수동,경상사고,0,0,2,0,차대차 - 측면직각충돌,교차로운행방법위반,건조,맑음,교차로 - 교차로안,승합,남,39세,상해없음,승용,남,53세,상해없음
2013021700100340,2013년 2월 17일 21시,일요일,인천광역시 부평구 부평동,경상사고,0,0,2,0,차대사람 - 횡단중,안전운전불이행,건조,맑음,단일로 - 기타,승용,여,47세,상해없음,보행자,여,23세,경상
2013021700100358,2013년 2월 17일 22시,일요일,인천광역시 연수구 송도동,경상사고,0,0,2,0,차대사람 - 횡단중,신호위반,건조,맑음,단일로 - 횡단보도상,승용,남,46세,상해없음,보행자,여,28세,경상
2013021700100382,2013년 2월 17일 23시,일요일,인천광역시 남동구 간석동,경상사고,0,0,1,0,차대사람 - 보도통행중,신호위반,건조,맑음,단일로 - 기타,승용,남,31세,상해없음,보행자,여,42세,경상
2013021700100383,2013년 2월 17일 23시,일요일,인천광역시 부평구 부평동,경상사고,0,0,3,0,차대차 - 측면직각충돌,차로위반,결빙,맑음,단일로 - 기타,승용,남,53세,상해없음,승용,남,45세,경상
2013021800100021,2013년 2월 18일 01시,월요일,인천광역시 부평구 부평동,중상사고,0,2,1,0,차대사람 - 보도통행중,안전운전불이행,건조,맑음,단일로 - 기타,승용,남,28세,상해없음,보행자,여,21세,중상
2013021800100049,2013년 2월 18일 05시,월요일,인천광역시 부평구 청천동,중상사고,0,1,0,0,차대사람 - 횡단중,안전운전불이행,건조,맑음,교차로 - 교차로안,승용,남,50세,상해없음,보행자,여,70세,중상
2013021800100062,2013년 2월 18일 06시,월요일,인천광역시 서구 석남동,중상사고,0,1,0,0,차대차 - 측면직각충돌,안전운전불이행,건조,맑음,단일로 - 기타,승용,남,46세,상해없음,원동기,남,25세,중상
2013021800100063,2013년 2월 18일 06시,월요일,인천광역시 서구 석남동,경상사고,0,0,2,0,차대차 - 기타,안전운전불이행,결빙,기타,단일로 - 기타,승용,남,49세,상해없음,승용,여,40세,경상
2013021800100147,2013년 2월 18일 10시,월요일,인천광역시 남구 학익동,중상사고,0,1,0,0,차대사람 - 기타,안전운전불이행,적설,맑음,단일로 - 기타,승합,남,36세,상해없음,보행자,여,73세,중상
2013021800100177,2013년 2월 18일 11시,월요일,인천광역시 계양구 작전동,중상사고,0,1,0,0,차대사람 - 기타,기타,건조,맑음,단일로 - 기타,승합,남,63세,상해없음,보행자,여,79세,중상
2013021800100198,2013년 2월 18일 12시,월요일,인천광역시 연수구 연수동,경상사고,0,0,1,0,차대차 - 추돌 - 주정차중,안전운전불이행,건조,맑음,교차로 - 교차로부근,승용,남,61세,상해없음,승용,남,58세,경상
2013021800100219,2013년 2월 18일 13시,월요일,인천광역시 남구 주안동,경상사고,0,0,1,0,차대차 - 측면직각충돌,교차로운행방법위반,건조,맑음,단일로 - 기타,승용,남,65세,상해없음,승용,남,27세,경상
2013021800100306,2013년 2월 18일 17시,월요일,인천광역시 남구 주안동,경상사고,0,0,1,0,차대사람 - 기타,안전운전불이행,건조,맑음,단일로 - 기타,승용,남,66세,상해없음,보행자,남,27세,경상
2013021800100333,2013년 2월 18일 18시,월요일,인천광역시 계양구 작전동,경상사고,0,0,2,0,차대차 - 측면직각충돌,교차로운행방법위반,건조,맑음,교차로 - 교차로안,승용,남,47세,상해없음,승용,남,54세,경상
2013021800100334,2013년 2월 18일 18시,월요일,인천광역시 연수구 청학동,중상사고,0,1,1,0,차대차 - 기타,안전운전불이행,건조,맑음,단일로 - 기타,승용,남,57세,상해없음,승용,남,37세,경상
2013021800100364,2013년 2월 18일 19시,월요일,인천광역시 남구 용현동,중상사고,0,1,0,0,차대사람 - 기타,안전운전불이행,건조,맑음,단일로 - 기타,승용,남,38세,상해없음,보행자,여,32세,중상
2013021800100365,2013년 2월 18일 19시,월요일,인천광역시 연수구 송도동,경상사고,0,0,1,0,차대차 - 기타,신호위반,건조,맑음,교차로 - 교차로안,이륜,남,42세,상해없음,승용,여,30세,경상
2013021800100391,2013년 2월 18일 20시,월요일,인천광역시 남동구 고잔동,중상사고,0,1,0,0,차대차 - 측면직각충돌,안전운전불이행,건조,맑음,교차로 - 교차로안,화물,남,56세,상해없음,자전거,남,62세,중상
2013021800100392,2013년 2월 18일 20시,월요일,인천광역시 서구 가좌동,경상사고,0,0,1,0,차대사람 - 기타,안전운전불이행,건조,맑음,기타 - 기타,승용,남,18세,상해없음,보행자,여,30세,경상
2013021800100427,2013년 2월 18일 21시,월요일,인천광역시 부평구 청천동,경상사고,0,0,1,0,차대차 - 추돌 - 주정차중,안전운전불이행,건조,맑음,교차로 - 교차로부근,승용,남,21세,상해없음,승용,남,33세,경상
2013021800100460,2013년 2월 18일 22시,월요일,인천광역시 남구 주안동,부상신고사고,0,0,0,1,차대사람 - 차도통행중,안전운전불이행,건조,맑음,단일로 - 기타,승용,남,26세,상해없음,보행자,여,54세,부상신고
2013021800100461,2013년 2월 18일 22시,월요일,인천광역시 서구 연희동,경상사고,0,0,1,1,차대차 - 기타,교차로운행방법위반,건조,맑음,교차로 - 교차로안,승용,남,49세,부상신고,승용,여,55세,상해없음
2013021800100462,2013년 2월 18일 22시,월요일,인천광역시 계양구 계산동,중상사고,0,1,0,0,차대차 - 측면직각충돌,중앙선침범,건조,맑음,단일로 - 기타,승용,남,46세,상해없음,이륜,남,17세,중상
2013021800100496,2013년 2월 18일 23시,월요일,인천광역시 남동구 논현동,경상사고,0,0,1,0,차대차 - 추돌 - 주정차중,안전운전불이행,건조,맑음,단일로 - 기타,승용,남,33세,상해없음,화물,남,44세,경상
2013021800100497,2013년 2월 18일 23시,월요일,인천광역시 연수구 청학동,부상신고사고,0,0,0,2,차대차 - 기타,안전거리미확보,건조,맑음,단일로 - 기타,승용,여,46세,상해없음,이륜,남,19세,부상신고
2013021900100056,2013년 2월 19일 04시,화요일,인천광역시 남동구 구월동,사망사고,1,0,0,0,차대사람 - 횡단중,안전운전불이행,건조,맑음,단일로 - 기타,승합,남,47세,상해없음,보행자,남,58세,사망
2013021900100067,2013년 2월 19일 05시,화요일,인천광역시 중구 항동7가,중상사고,0,1,0,0,차대차 - 측면직각충돌,신호위반,건조,맑음,교차로 - 교차로안,화물,남,47세,상해없음,승용,남,56세,중상
2013021900100068,2013년 2월 19일 05시,화요일,인천광역시 부평구 산곡동,부상신고사고,0,0,0,1,차대차 - 측면직각충돌,안전운전불이행,건조,맑음,단일로 - 기타,승용,남,65세,상해없음,자전거,남,64세,부상신고
2013021900100069,2013년 2월 19일 05시,화요일,인천광역시 부평구 부평동,중상사고,0,1,0,0,차대차 - 측면직각충돌,교차로운행방법위반,건조,맑음,교차로 - 교차로안,승용,남,54세,상해없음,이륜,남,70세,중상
2013021900100107,2013년 2월 19일 08시,화요일,인천광역시 부평구 십정동,중상사고,0,1,0,0,차대사람 - 횡단중,보행자보호의무위반,건조,맑음,단일로 - 횡단보도상,승용,여,41세,상해없음,보행자,여,12세,중상
2013021900100166,2013년 2월 19일 11시,화요일,인천광역시 남구 용현동,경상사고,0,0,1,0,차대차 - 측면직각충돌,안전거리미확보,건조,맑음,단일로 - 기타,승합,남,48세,상해없음,승용,여,18세,경상
2013021900100167,2013년 2월 19일 11시,화요일,인천광역시 남동구 논현동,경상사고,0,0,1,0,차대차 - 측면직각충돌,안전운전불이행,건조,맑음,교차로 - 교차로부근,승용,남,38세,상해없음,승용,남,45세,경상
2013021900100168,2013년 2월 19일 11시,화요일,인천광역시 서구 검암동,경상사고,0,0,1,0,차대차 - 기타,안전운전불이행,건조,맑음,교차로 - 교차로부근,화물,남,60세,상해없음,승용,남,45세,경상
2013021900100169,2013년 2월 19일 11시,화요일,인천광역시 연수구 연수동,경상사고,0,0,1,0,차대사람 - 횡단중,보행자보호의무위반,건조,맑음,교차로 - 교차로안,기타불명,기타불명,기타불명,기타불명,보행자,여,33세,경상
2013021900100189,2013년 2월 19일 12시,화요일,인천광역시 연수구 연수동,경상사고,0,0,1,0,차대차 - 측면직각충돌,중앙선침범,건조,맑음,단일로 - 기타,승용,남,32세,상해없음,승용,남,57세,상해없음
2013021900100221,2013년 2월 19일 13시,화요일,인천광역시 중구 운서동,중상사고,0,1,0,0,차대차 - 기타,과속,건조,맑음,단일로 - 기타,승합,남,54세,상해없음,승용,남,64세,중상
2013021900100222,2013년 2월 19일 13시,화요일,인천광역시 서구 왕길동,중상사고,0,2,1,0,차대차 - 기타,신호위반,건조,맑음,교차로 - 교차로안,승합,남,64세,경상,승용,남,39세,중상
2013021900100274,2013년 2월 19일 15시,화요일,인천광역시 남구 용현동,경상사고,0,0,1,0,차대사람 - 길가장자리구역통행중,안전운전불이행,결빙,맑음,단일로 - 기타,승합,남,58세,상해없음,보행자,남,52세,경상
2013021900100275,2013년 2월 19일 15시,화요일,인천광역시 남동구 도림동,중상사고,0,1,0,0,차대차 - 측면직각충돌,신호위반,건조,맑음,교차로 - 교차로안,화물,남,58세,상해없음,승용,남,41세,중상
2013021900100328,2013년 2월 19일 17시,화요일,인천광역시 남구 주안동,중상사고,0,1,0,0,차대사람 - 기타,안전운전불이행,건조,맑음,단일로 - 기타,화물,남,36세,상해없음,보행자,여,68세,중상
2013021900100329,2013년 2월 19일 17시,화요일,인천광역시 연수구 송도동,중상사고,0,1,1,0,차대차 - 기타,안전운전불이행,건조,맑음,교차로 - 교차로안,승용,여,43세,상해없음,승용,여,52세,중상
2013021900100362,2013년 2월 19일 18시,화요일,인천광역시 서구 석남동,중상사고,0,1,0,0,차대사람 - 횡단중,신호위반,건조,맑음,단일로 - 기타,원동기,남,16세,상해없음,보행자,여,51세,중상
2013021900100387,2013년 2월 19일 19시,화요일,인천광역시 연수구 청학동,경상사고,0,0,2,0,차대차 - 기타,안전운전불이행,건조,맑음,교차로 - 교차로부근,승용,여,32세,상해없음,승용,남,54세,경상
2013021900100423,2013년 2월 19일 20시,화요일,인천광역시 남동구 간석동,경상사고,0,0,2,0,차대차 - 추돌 - 주정차중,안전운전불이행,건조,맑음,단일로 - 기타,승용,남,37세,상해없음,승용,여,23세,경상