사고번호,사고일시,요일,시군구,사고내용,사망자수,중상자수,경상자수,부상신고자수,사고유형,법규위반,노면상태,기상상태,도로형태,가해운전자 차종,가해운전자 성별,가해운전자 연령,가해운전자 상해정도,피해운전자 차종,피해운전자 성별,피해운전자 연령,피해운전자 상해정도
2013021900100446,2013년 2월 19일 21시,화요일,인천광역시 강화군 양도면,중상사고,0,1,0,0,차대사람 - 횡단중,안전운전불이행,건조,맑음,단일로 - 기타,승용,남,34세,상해없음,보행자,여,58세,중상
2013021900100473,2013년 2월 19일 22시,화요일,인천광역시 동구 송림동,중상사고,0,1,0,0,차대차 - 기타,안전운전불이행,건조,맑음,교차로 - 교차로안,승용,기타불명,기타불명,기타불명,이륜,남,38세,중상
2013021900100474,2013년 2월 19일 22시,화요일,인천광역시 계양구 계산동,경상사고,0,0,1,0,차대사람 - 차도통행중,안전운전불이행,건조,맑음,교차로 - 교차로안,승용,남,34세,상해없음,보행자,남,48세,경상
2013021900100475,2013년 2월 19일 22시,화요일,인천광역시 부평구 부개동,경상사고,0,0,1,0,차대사람 - 기타,신호위반,건조,맑음,교차로 - 교차로안,이륜,남,16세,상해없음,보행자,여,22세,경상
2013021900100476,2013년 2월 19일 22시,화요일,인천광역시 부평구 부평동,경상사고,0,0,1,0,차량단독 - 기타,안전운전불이행,건조,맑음,단일로 - 기타,승합,남,51세,상해없음,,,,
2013022000100020,2013년 2월 20일 00시,수요일,인천광역시 남구 용현동,경상사고,0,0,1,0,차대차 - 정면충돌,중앙선침범,건조,맑음,교차로 - 교차로부근,승용,여,32세,상해없음,화물,남,56세,경상
2013022000100021,2013년 2월 20일 00시,수요일,인천광역시 부평구 부평동,경상사고,0,0,1,0,차대차 - 기타,안전운전불이행,건조,맑음,단일로 - 기타,승용,남,53세,상해없음,이륜,남,18세,경상
2013022000100048,2013년 2월 20일 02시,수요일,인천광역시 계양구 작전동,경상사고,0,0,1,0,차대차 - 측면직각충돌,신호위반,습기,맑음,교차로 - 교차로안,승용,여,45세,상해없음,승용,여,46세,경상
2013022000100076,2013년 2월 20일 06시,수요일,인천광역시 남구 숭의동,중상사고,0,2,0,0,차대차 - 기타,중앙선침범,건조,맑음,단일로 - 기타,자전거,남,73세,중상,이륜,남,55세,중상
2013022000100077,2013년 2월 20일 06시,수요일,인천광역시 남구 주안동,경상사고,0,0,1,0,차대차 - 추돌 - 진행중,안전거리미확보,건조,맑음,교차로 - 교차로부근,화물,남,48세,상해없음,화물,남,40세,경상
2013022000100090,2013년 2월 20일 07시,수요일,인천광역시 남구 용현동,경상사고,0,0,2,0,차대차 - 추돌 - 주정차중,안전운전불이행,건조,맑음,교차로 - 교차로부근,화물,여,52세,상해없음,승용,남,42세,경상
2013022000100147,2013년 2월 20일 09시,수요일,인천광역시 계양구 작전동,경상사고,0,0,1,0,차대차 - 추돌 - 주정차중,안전운전불이행,건조,맑음,교차로 - 교차로부근,승용,남,44세,상해없음,승용,여,36세,경상
2013022000100172,2013년 2월 20일 10시,수요일,인천광역시 서구 석남동,중상사고,0,1,0,0,차대사람 - 기타,기타,건조,맑음,단일로 - 기타,승용,여,32세,상해없음,보행자,여,42세,중상
2013022000100191,2013년 2월 20일 11시,수요일,인천광역시 부평구 부평동,중상사고,0,1,0,0,차대사람 - 횡단중,보행자보호의무위반,건조,맑음,단일로 - 횡단보도상,승용,여,46세,상해없음,보행자,남,78세,중상
2013022000100205,2013년 2월 20일 12시,수요일,인천광역시 남동구 구월동,중상사고,0,1,0,0,차대차 - 기타,안전운전불이행,건조,맑음,단일로 - 기타,승용,남,73세,상해없음,이륜,남,31세,중상
2013022000100206,2013년 2월 20일 12시,수요일,인천광역시 남동구 간석동,중상사고,0,1,0,0,차대차 - 측면직각충돌,신호위반,건조,맑음,단일로 - 횡단보도부근,승용,남,43세,상해없음,승용,남,37세,중상
2013022000100226,2013년 2월 20일 13시,수요일,인천광역시 남동구 남촌동,중상사고,0,2,1,0,차대차 - 측면직각충돌,신호위반,건조,맑음,교차로 - 교차로안,화물,남,70세,상해없음,승용,여,31세,중상
2013022000100272,2013년 2월 20일 15시,수요일,인천광역시 서구 석남동,중상사고,0,1,0,0,차대사람 - 기타,안전운전불이행,건조,맑음,단일로 - 횡단보도상,승용,여,68세,상해없음,보행자,남,75세,중상
2013022000100345,2013년 2월 20일 18시,수요일,인천광역시 남구 용현동,경상사고,0,0,2,0,차대차 - 기타,안전운전불이행,건조,맑음,단일로 - 기타,승용,여,53세,상해없음,승용,여,43세,경상
2013022000100346,2013년 2월 20일 18시,수요일,인천광역시 남구 주안동,경상사고,0,0,1,0,차대차 - 기타,안전운전불이행,건조,맑음,단일로 - 기타,화물,남,45세,상해없음,화물,남,39세,경상
2013022000100394,2013년 2월 20일 20시,수요일,인천광역시 남동구 구월동,중상사고,0,1,0,0,차대사람 - 횡단중,안전운전불이행,건조,맑음,교차로 - 교차로안,승용,남,37세,상해없음,보행자,여,51세,중상
2013022000100395,2013년 2월 20일 20시,수요일,인천광역시 연수구 청학동,중상사고,0,1,0,0,차대사람 - 차도통행중,안전운전불이행,건조,맑음,단일로 - 기타,원동기,남,16세,상해없음,보행자,남,50세,중상
2013022000100443,2013년 2월 20일 22시,수요일,인천광역시 계양구 계산동,경상사고,0,0,1,0,차대차 - 측면직각충돌,안전운전불이행,건조,맑음,단일로 - 기타,승용,남,33세,상해없음,승용,남,49세,경상
2013022000100444,2013년 2월 20일 22시,수요일,인천광역시 계양구 용종동,경상사고,0,0,1,0,차대차 - 기타,신호위반,건조,맑음,교차로 - 교차로안,승합,남,60세,상해없음,이륜,남,16세,상해없음
2013022000100462,2013년 2월 20일 23시,수요일,인천광역시 남동구 만수동,경상사고,0,0,1,0,차대사람 - 차도통행중,안전운전불이행,건조,맑음,단일로 - 기타,승용,남,39세,상해없음,보행자,남,33세,경상
2013022100100020,2013년 2월 21일 00시,목요일,인천광역시 부평구 청천동,경상사고,0,0,1,0,차대차 - 추돌 - 진행중,교차로운행방법위반,건조,맑음,교차로 - 교차로부근,승용,남,25세,상해없음,승용,남,54세,경상
2013022100100021,2013년 2월 21일 00시,목요일,인천광역시 서구 신현동,경상사고,0,0,3,0,차대차 - 기타,신호위반,건조,맑음,교차로 - 교차로안,승용,여,28세,경상,승용,남,47세,경상
2013022100100036,2013년 2월 21일 01시,목요일,인천광역시 남동구 남촌동,중상사고,0,2,3,0,차대차 - 정면충돌,신호위반,건조,맑음,교차로 - 교차로안,이륜,남,17세,중상,승용,남,54세,경상
2013022100100046,2013년 2월 21일 02시,목요일,인천광역시 서구 가좌동,경상사고,0,0,2,0,차대차 - 기타,안전거리미확보,건조,맑음,단일로 - 기타,승용,남,35세,경상,승용,남,54세,경상
2013022100100047,2013년 2월 21일 02시,목요일,인천광역시 서구 왕길동,중상사고,0,1,0,0,차대사람 - 기타,안전운전불이행,건조,맑음,단일로 - 기타,승용,남,36세,상해없음,보행자,남,40세,중상
2013022100100063,2013년 2월 21일 04시,목요일,인천광역시 계양구 임학동,중상사고,0,1,0,0,차대사람 - 길가장자리구역통행중,교차로운행방법위반,건조,맑음,교차로 - 교차로안,승용,남,58세,상해없음,보행자,여,68세,중상
2013022100100086,2013년 2월 21일 06시,목요일,인천광역시 부평구 부평동,중상사고,0,1,1,0,차대차 - 측면직각충돌,중앙선침범,건조,맑음,교차로 - 교차로부근,화물,남,43세,중상,승용,남,44세,경상
2013022100100087,2013년 2월 21일 06시,목요일,인천광역시 남동구 구월동,경상사고,0,0,1,0,차대차 - 정면충돌,안전운전불이행,결빙,맑음,단일로 - 기타,승용,남,46세,상해없음,승용,남,62세,경상
2013022100100100,2013년 2월 21일 07시,목요일,인천광역시 남구 용현동,중상사고,0,2,1,0,차대차 - 측면직각충돌,중앙선침범,건조,맑음,단일로 - 기타,승용,남,33세,상해없음,승용,남,35세,중상
2013022100100122,2013년 2월 21일 08시,목요일,인천광역시 남동구 고잔동,중상사고,0,1,1,0,차대차 - 정면충돌,안전운전불이행,건조,맑음,교차로 - 교차로안,승용,남,62세,상해없음,승용,남,32세,경상
2013022100100123,2013년 2월 21일 08시,목요일,인천광역시 서구 석남동,중상사고,0,3,1,0,차대차 - 추돌 - 주정차중,안전운전불이행,건조,맑음,단일로 - 기타,화물,남,22세,중상,승합,남,40세,중상
2013022100100182,2013년 2월 21일 10시,목요일,인천광역시 부평구 청천동,중상사고,0,1,0,0,차대사람 - 기타,안전운전불이행,습기,흐림,단일로 - 기타,승용,남,40세,상해없음,보행자,남,31세,중상
2013022100100183,2013년 2월 21일 10시,목요일,인천광역시 강화군 강화읍,사망사고,1,0,0,0,차대차 - 기타,안전운전불이행,건조,맑음,단일로 - 기타,원동기,남,81세,사망,승용,남,45세,상해없음
2013022100100229,2013년 2월 21일 12시,목요일,인천광역시 남동구 만수동,경상사고,0,0,1,0,차대차 - 추돌 - 진행중,안전운전불이행,건조,맑음,단일로 - 기타,승용,여,30세,상해없음,화물,남,44세,상해없음
2013022100100320,2013년 2월 21일 16시,목요일,인천광역시 부평구 부개동,경상사고,0,0,2,0,차대차 - 측면직각충돌,신호위반,건조,맑음,교차로 - 교차로안,승용,남,55세,상해없음,이륜,남,17세,경상
2013022100100321,2013년 2월 21일 16시,목요일,인천광역시 남동구 논현동,경상사고,0,0,3,0,차대차 - 추돌 - 진행중,안전운전불이행,건조,맑음,단일로 - 기타,승용,남,53세,상해없음,승용,여,50세,경상
2013022100100351,2013년 2월 21일 17시,목요일,인천광역시 남동구 간석동,중상사고,0,1,0,0,차대차 - 추돌 - 진행중,교차로운행방법위반,건조,맑음,교차로 - 교차로안,승용,남,25세,상해없음,원동기,남,19세,중상
2013022100100375,2013년 2월 21일 18시,목요일,인천광역시 남동구 만수동,중상사고,0,1,1,0,차대차 - 측면직각충돌,신호위반,건조,맑음,교차로 - 교차로안,승용,남,31세,상해없음,승용,남,37세,중상
2013022100100411,2013년 2월 21일 19시,목요일,인천광역시 부평구 구산동,경상사고,0,0,1,0,차대차 - 추돌 - 주정차중,안전운전불이행,건조,맑음,단일로 - 기타,화물,남,45세,상해없음,승용,남,44세,경상
2013022100100479,2013년 2월 21일 22시,목요일,인천광역시 중구 송월동2가,중상사고,0,1,1,0,차대차 - 기타,중앙선침범,건조,맑음,미분류 - 미분류,승용,여,60세,상해없음,승합,남,56세,경상
2013022100100480,2013년 2월 21일 22시,목요일,인천광역시 중구 운서동,경상사고,0,0,1,0,차대차 - 기타,안전운전불이행,건조,맑음,단일로 - 기타,승용,기타불명,기타불명,기타불명,이륜,남,44세,경상
2013022100100481,2013년 2월 21일 22시,목요일,인천광역시 남동구 구월동,경상사고,0,0,1,0,차대차 - 측면직각충돌,안전거리미확보,건조,맑음,단일로 - 기타,승용,여,44세,상해없음,승용,여,54세,경상
2013022100100482,2013년 2월 21일 22시,목요일,인천광역시 연수구 동춘동,중상사고,0,1,0,0,차대사람 - 기타,기타,건조,맑음,교차로 - 교차로안,승합,남,53세,상해없음,보행자,여,64세,중상
2013022100100483,2013년 2월 21일 22시,목요일,인천광역시 계양구 병방동,중상사고,0,1,0,0,차대차 - 추돌 - 진행중,안전운전불이행,건조,맑음,단일로 - 기타,승용,여,44세,상해없음,승용,남,40세,중상
2013022100100517,2013년 2월 21일 23시,목요일,인천광역시 중구 유동,경상사고,0,0,1,0,차대차 - 측면직각충돌,안전운전불이행,건조,맑음,교차로 - 교차로안,승용,남,47세,상해없음,승용,여,31세,경상
2013022100100518,2013년 2월 21일 23시,목요일,인천광역시 남구 주안동,경상사고,0,0,1,0,차대차 - 추돌 - 주정차중,안전운전불이행,건조,맑음,기타 - 기타,승용,남,26세,상해없음,승용,남,52세,경상
2013022200100022,2013년 2월 22일 00시,금요일,인천광역시 남동구 도림동,중상사고,0,2,0,0,차대차 - 추돌 - 주정차중,안전운전불이행,건조,흐림,단일로 - 기타,승용,여,32세,중상,화물,남,43세,중상
2013022200100036,2013년 2월 22일 01시,금요일,인천광역시 남구 주안동,경상사고,0,0,1,0,차대사람 - 기타,보행자보호의무위반,건조,맑음,단일로 - 기타,기타불명,기타불명,기타불명,기타불명,보행자,남,34세,경상
2013022200100037,2013년 2월 22일 01시,금요일,인천광역시 계양구 용종동,중상사고,0,1,0,0,차대차 - 추돌 - 진행중,안전운전불이행,건조,흐림,단일로 - 기타,승용,남,47세,상해없음,승용,남,54세,중상
2013022200100052,2013년 2월 22일 02시,금요일,인천광역시 남동구 논현동,경상사고,0,0,2,0,차대차 - 추돌 - 진행중,안전운전불이행,건조,맑음,단일로 - 기타,승용,여,49세,상해없음,승용,남,54세,상해없음
2013022200100067,2013년 2월 22일 04시,금요일,인천광역시 남동구 간석동,중상사고,0,1,2,0,차대차 - 측면직각충돌,신호위반,적설,눈,교차로 - 교차로안,승용,남,40세,상해없음,승용,남,56세,경상
2013022200100068,2013년 2월 22일 04시,금요일,인천광역시 남동구 구월동,경상사고,0,0,4,0,차대차 - 측면직각충돌,신호위반,건조,맑음,교차로 - 교차로안,승용,남,55세,경상,승용,남,44세,경상
2013022200100106,2013년 2월 22일 06시,금요일,인천광역시 계양구 선주지동,중상사고,0,3,0,0,차대차 - 측면직각충돌,중앙선침범,결빙,눈,단일로 - 기타,승용,여,44세,상해없음,승용,남,42세,중상
2013022200100119,2013년 2월 22일 07시,금요일,인천광역시 계양구 계산동,경상사고,0,0,1,0,차량단독 - 기타,안전운전불이행,습기,흐림,단일로 - 기타,승합,남,51세,상해없음,,,,
2013022200100145,2013년 2월 22일 08시,금요일,인천광역시 중구 신포동,경상사고,0,0,2,0,차대차 - 측면직각충돌,교차로운행방법위반,건조,맑음,교차로 - 교차로안,승용,남,44세,경상,승용,남,59세,경상
2013022200100146,2013년 2월 22일 08시,금요일,인천광역시 계양구 작전동,경상사고,0,0,1,0,차대차 - 측면직각충돌,안전운전불이행,건조,맑음,교차로 - 교차로부근,승용,남,46세,상해없음,자전거,여,52세,경상
2013022200100181,2013년 2월 22일 09시,금요일,인천광역시 남동구 구월동,경상사고,0,0,1,0,차대차 - 추돌 - 진행중,안전거리미확보,건조,맑음,교차로 - 교차로안,화물,남,25세,상해없음,승용,남,40세,경상
2013022200100212,2013년 2월 22일 10시,금요일,인천광역시 남구 용현동,경상사고,0,0,1,0,차대차 - 측면직각충돌,안전운전불이행,건조,맑음,단일로 - 기타,승용,남,40세,상해없음,화물,남,38세,경상
2013022200100213,2013년 2월 22일 10시,금요일,인천광역시 남동구 논현동,경상사고,0,0,1,2,차대차 - 측면직각충돌,교차로운행방법위반,습기,맑음,교차로 - 교차로안,승용,남,59세,상해없음,화물,남,53세,부상신고
2013022200100214,2013년 2월 22일 10시,금요일,인천광역시 계양구 작전동,중상사고,0,1,0,0,차대사람 - 횡단중,신호위반,건조,맑음,단일로 - 횡단보도상,승용,남,30세,상해없음,보행자,여,56세,중상
2013022200100215,2013년 2월 22일 10시,금요일,인천광역시 계양구 병방동,경상사고,0,0,1,0,차대차 - 기타,안전운전불이행,건조,맑음,미분류 - 미분류,화물,남,31세,상해없음,승용,남,48세,경상
2013022200100239,2013년 2월 22일 11시,금요일,인천광역시 남동구 논현동,경상사고,0,0,3,0,차대차 - 측면직각충돌,신호위반,건조,맑음,교차로 - 교차로안,승용,여,44세,경상,승용,남,28세,경상
2013022200100318,2013년 2월 22일 14시,금요일,인천광역시 계양구 계산동,경상사고,0,0,1,0,차대사람 - 횡단중,신호위반,건조,맑음,기타 - 기타,승용,남,74세,상해없음,보행자,여,20세,경상
2013022200100341,2013년 2월 22일 15시,금요일,인천광역시 서구 원당동,경상사고,0,0,3,0,차대차 - 추돌 - 진행중,안전운전불이행,건조,맑음,교차로 - 교차로안,승용,여,52세,상해없음,승용,남,32세,경상
2013022200100370,2013년 2월 22일 16시,금요일,인천광역시 계양구 작전동,경상사고,0,0,1,0,차대차 - 측면직각충돌,안전운전불이행,건조,맑음,교차로 - 교차로안,자전거,여,51세,경상,승용,남,52세,상해없음
2013022200100391,2013년 2월 22일 17시,금요일,인천광역시 남구 주안동,경상사고,0,0,1,0,차대차 - 측면직각충돌,안전운전불이행,건조,맑음,단일로 - 기타,승용,남,61세,상해없음,승합,남,34세,경상
2013022200100425,2013년 2월 22일 18시,금요일,인천광역시 중구 항동7가,경상사고,0,0,6,0,차대차 - 측면직각충돌,신호위반,건조,맑음,교차로 - 교차로안,승용,남,67세,경상,승용,남,26세,경상
2013022200100426,2013년 2월 22일 18시,금요일,인천광역시 남동구 만수동,경상사고,0,0,1,0,차대차 - 측면직각충돌,안전거리미확보,건조,맑음,교차로 - 교차로부근,승용,남,30세,경상,승합,남,51세,상해없음
2013022200100464,2013년 2월 22일 19시,금요일,인천광역시 중구 신흥동3가,경상사고,0,0,1,0,차대차 - 측면직각충돌,안전운전불이행,건조,맑음,교차로 - 교차로안,화물,남,50세,상해없음,승용,여,44세,경상
2013022200100465,2013년 2월 22일 19시,금요일,인천광역시 남구 주안동,경상사고,0,0,1,0,차대차 - 측면직각충돌,중앙선침범,건조,맑음,교차로 - 교차로부근,승합,남,59세,상해없음,승용,남,32세,경상
2013022200100466,2013년 2월 22일 19시,금요일,인천광역시 남동구 장수동,경상사고,0,0,2,0,차대차 - 측면직각충돌,차로위반,건조,맑음,단일로 - 기타,승용,남,57세,상해없음,승용,남,50세,경상
2013022200100467,2013년 2월 22일 19시,금요일,인천광역시 서구 당하동,중상사고,0,1,0,0,차대차 - 측면직각충돌,신호위반,건조,맑음,단일로 - 기타,승용,여,38세,상해없음,이륜,남,29세,중상
2013022200100504,2013년 2월 22일 20시,금요일,인천광역시 남동구 남촌동,경상사고,0,0,1,0,차대사람 - 기타,안전운전불이행,건조,맑음,단일로 - 기타,승용,남,53세,상해없음,보행자,남,28세,경상
2013022200100540,2013년 2월 22일 21시,금요일,인천광역시 남구 주안동,경상사고,0,0,1,0,차대차 - 기타,안전거리미확보,건조,맑음,교차로 - 교차로부근,승용,남,27세,상해없음,승용,남,56세,경상
2013022200100541,2013년 2월 22일 21시,금요일,인천광역시 부평구 산곡동,경상사고,0,0,1,0,차대차 - 추돌 - 진행중,안전운전불이행,건조,맑음,단일로 - 기타,승용,남,22세,상해없음,승용,남,45세,경상
2013022200100542,2013년 2월 22일 21시,금요일,인천광역시 남동구 간석동,경상사고,0,0,1,0,차대차 - 기타,기타,기타,기타,교차로 - 교차로부근,승용,남,53세,상해없음,원동기,남,25세,경상
2013022200100543,2013년 2월 22일 21시,금요일,인천광역시 계양구 작전동,경상사고,0,0,1,0,차대차 - 측면직각충돌,교차로운행방법위반,건조,맑음,교차로 - 교차로안,승용,남,41세,상해없음,이륜,여,34세,경상
2013022200100544,2013년 2월 22일 21시,금요일,인천광역시 연수구 옥련동,경상사고,0,0,2,0,차대차 - 추돌 - 진행중,안전거리미확보,건조,맑음,단일로 - 기타,승용,남,36세,상해없음,승용,여,48세,경상
2013022200100572,2013년 2월 22일 22시,금요일,인천광역시 남구 주안동,경상사고,0,0,1,0,차대차 - 기타,중앙선침범,건조,맑음,교차로 - 교차로부근,승용,남,40세,상해없음,이륜,남,31세,경상
2013022200100605,2013년 2월 22일 23시,금요일,인천광역시 남동구 간석동,경상사고,0,0,1,0,차대차 - 추돌 - 진행중,중앙선침범,건조,맑음,교차로 - 교차로부근,승용,여,45세,상해없음,승용,남,25세,경상
2013022300100028,2013년 2월 23일 00시,토요일,인천광역시 남동구 고잔동,중상사고,0,1,0,0,차대차 - 측면직각충돌,신호위반,건조,맑음,교차로 - 교차로안,화물,남,30세,상해없음,승용,남,45세,중상
2013022300100051,2013년 2월 23일 01시,토요일,인천광역시 남동구 만수동,경상사고,0,0,1,0,차대차 - 추돌 - 주정차중,안전운전불이행,건조,맑음,교차로 - 교차로부근,승용,여,34세,기타불명,승용,여,65세,경상
2013022300100098,2013년 2월 23일 04시,토요일,인천광역시 서구 가정동,경상사고,0,0,1,0,차대차 - 추돌 - 진행중,신호위반,건조,맑음,교차로 - 교차로안,승용,남,43세,상해없음,승용,남,50세,경상
2013022300100133,2013년 2월 23일 06시,토요일,인천광역시 중구 운서동,중상사고,0,2,0,0,차대차 - 측면직각충돌,안전운전불이행,건조,맑음,단일로 - 기타,승용,남,40세,기타불명,승용,남,29세,중상
2013022300100134,2013년 2월 23일 06시,토요일,인천광역시 계양구 작전동,경상사고,0,0,1,0,차대사람 - 차도통행중,안전운전불이행,건조,맑음,교차로 - 교차로안,승용,남,38세,상해없음,보행자,남,21세,경상
2013022300100149,2013년 2월 23일 07시,토요일,인천광역시 부평구 청천동,경상사고,0,0,1,0,차대사람 - 기타,안전운전불이행,건조,맑음,교차로 - 교차로부근,승용,남,40세,상해없음,보행자,여,65세,경상
2013022300100150,2013년 2월 23일 07시,토요일,인천광역시 부평구 삼산동,경상사고,0,0,1,0,차대차 - 추돌 - 주정차중,안전거리미확보,건조,맑음,단일로 - 기타,승용,남,55세,경상,승용,남,49세,상해없음
2013022300100178,2013년 2월 23일 08시,토요일,인천광역시 남구 주안동,경상사고,0,0,1,0,차대차 - 기타,안전거리미확보,건조,맑음,단일로 - 기타,화물,남,55세,상해없음,승용,여,37세,경상
2013022300100179,2013년 2월 23일 08시,토요일,인천광역시 부평구 부개동,경상사고,0,0,1,0,차대사람 - 횡단중,신호위반,건조,맑음,단일로 - 횡단보도상,승용,남,25세,상해없음,보행자,여,21세,경상
2013022300100231,2013년 2월 23일 10시,토요일,인천광역시 부평구 부평동,중상사고,0,1,1,0,차대차 - 기타,신호위반,건조,맑음,교차로 - 교차로안,승용,남,62세,상해없음,승용,남,55세,경상
2013022300100232,2013년 2월 23일 10시,토요일,인천광역시 남동구 간석동,경상사고,0,0,1,0,차대차 - 측면직각충돌,교차로운행방법위반,건조,맑음,교차로 - 교차로부근,승용,남,55세,상해없음,승용,여,37세,경상
2013022300100257,2013년 2월 23일 11시,토요일,인천광역시 서구 백석동,경상사고,0,0,1,0,차대차 - 기타,교차로운행방법위반,건조,맑음,교차로 - 교차로안,승용,남,52세,상해없음,승용,남,60세,경상
2013022300100320,2013년 2월 23일 13시,토요일,인천광역시 연수구 청학동,경상사고,0,0,1,0,차대차 - 측면직각충돌,교차로운행방법위반,건조,맑음,교차로 - 교차로안,승용,남,49세,상해없음,승용,남,32세,경상
2013022300100342,2013년 2월 23일 14시,토요일,인천광역시 남구 관교동,경상사고,0,0,2,0,차대차 - 기타,안전운전불이행,건조,맑음,교차로 - 교차로안,승용,여,61세,상해없음,승용,남,28세,경상
2013022300100343,2013년 2월 23일 14시,토요일,인천광역시 남동구 만수동,경상사고,0,0,1,0,차대사람 - 횡단중,안전운전불이행,건조,맑음,교차로 - 교차로안,승용,남,63세,상해없음,보행자,남,63세,경상
2013022300100344,2013년 2월 23일 14시,토요일,인천광역시 남동구 논현동,경상사고,0,0,2,0,차대차 - 측면직각충돌,교차로운행방법위반,건조,맑음,교차로 - 교차로안,승용,여,52세,상해없음,화물,남,30세,경상
2013022300100345,2013년 2월 23일 14시,토요일,인천광역시 남구 용현동,경상사고,0,0,1,0,차대차 - 측면직각충돌,안전거리미확보,건조,맑음,단일로 - 기타,기타불명,기타불명,기타불명,기타불명,승용,남,32세,경상
2013022300100405,2013년 2월 23일 16시,토요일,인천광역시 부평구 부평동,경상사고,0,0,1,0,차대사람 - 기타,안전운전불이행,건조,맑음,단일로 - 기타,승용,여,50세,상해없음,보행자,여,11세,경상
2013022300100425,2013년 2월 23일 17시,토요일,인천광역시 남구 주안동,중상사고,0,1,1,0,차대사람 - 횡단중,신호위반,건조,맑음,단일로 - 기타,승용,남,63세,상해없음,보행자,여,59세,중상
2013022300100426,2013년 2월 23일 17시,토요일,인천광역시 부평구 십정동,경상사고,0,0,1,0,차대차 - 기타,교차로운행방법위반,건조,맑음,단일로 - 기타,승용,남,52세,상해없음,승용,남,48세,경상
2013022300100501,2013년 2월 23일 19시,토요일,인천광역시 남구 숭의동,중상사고,0,1,0,0,차대사람 - 횡단중,신호위반,건조,맑음,단일로 - 횡단보도상,승용,여,49세,상해없음,보행자,남,44세,중상
2013022300100502,2013년 2월 23일 19시,토요일,인천광역시 남동구 간석동,중상사고,0,1,0,0,차대사람 - 기타,안전운전불이행,건조,맑음,교차로 - 교차로안,화물,남,38세,상해없음,보행자,여,58세,중상
2013022300100533,2013년 2월 23일 20시,토요일,인천광역시 계양구 계산동,중상사고,0,1,0,0,차대차 - 측면직각충돌,신호위반,건조,맑음,교차로 - 교차로안,원동기,남,30세,중상,승용,남,61세,상해없음
2013022300100563,2013년 2월 23일 21시,토요일,인천광역시 동구 송림동,중상사고,0,1,0,0,차대차 - 추돌 - 주정차중,안전운전불이행,습기,맑음,교차로 - 교차로안,승용,남,42세,상해없음,승용,남,57세,중상
2013022300100564,2013년 2월 23일 21시,토요일,인천광역시 옹진군 영흥면,경상사고,0,0,2,0,차대차 - 추돌 - 주정차중,안전운전불이행,건조,맑음,기타 - 기타,승용,남,23세,기타불명,화물,남,40세,경상
2013022300100565,2013년 2월 23일 21시,토요일,인천광역시 남구 문학동,경상사고,0,0,1,0,차대차 - 측면직각충돌,안전운전불이행,건조,맑음,교차로 - 교차로부근,승용,남,43세,상해없음,이륜,남,32세,경상
2013022300100585,2013년 2월 23일 22시,토요일,인천광역시 서구 석남동,경상사고,0,0,1,0,차대차 - 기타,안전운전불이행,건조,맑음,단일로 - 기타,승용,남,29세,상해없음,승용,남,56세,경상
2013022400100035,2013년 2월 24일 00시,일요일,인천광역시 남구 숭의동,경상사고,0,0,3,1,차대차 - 측면직각충돌,신호위반,건조,맑음,교차로 - 교차로안,승용,여,56세,상해없음,승용,남,47세,경상
2013022400100074,2013년 2월 24일 02시,일요일,인천광역시 서구 석남동,경상사고,0,0,3,0,차대차 - 정면충돌,중앙선침범,건조,맑음,단일로 - 기타,승합,남,23세,상해없음,승용,남,50세,경상
2013022400100087,2013년 2월 24일 03시,일요일,인천광역시 남동구 구월동,중상사고,0,1,1,0,차대차 - 측면직각충돌,신호위반,건조,맑음,교차로 - 교차로안,승용,남,36세,상해없음,승용,남,55세,중상
2013022400100098,2013년 2월 24일 04시,일요일,인천광역시 남구 주안동,경상사고,0,0,2,1,차대차 - 추돌 - 주정차중,안전운전불이행,건조,맑음,단일로 - 기타,승용,남,29세,상해없음,승용,남,48세,경상
2013022400100151,2013년 2월 24일 08시,일요일,인천광역시 부평구 산곡동,중상사고,0,1,1,0,차대차 - 측면직각충돌,신호위반,건조,맑음,교차로 - 교차로안,이륜,남,40세,중상,승용,남,42세,경상
2013022400100193,2013년 2월 24일 10시,일요일,인천광역시 남구 주안동,경상사고,0,0,2,0,차대차 - 측면직각충돌,안전운전불이행,건조,맑음,단일로 - 기타,승용,남,29세,상해없음,승용,남,66세,경상
2013022400100194,2013년 2월 24일 10시,일요일,인천광역시 부평구 부평동,중상사고,0,1,0,0,차대사람 - 차도통행중,안전운전불이행,건조,맑음,단일로 - 기타,승용,남,68세,상해없음,보행자,여,20세,중상
2013022400100195,2013년 2월 24일 10시,일요일,인천광역시 남동구 만수동,중상사고,0,2,1,0,차대차 - 측면직각충돌,안전운전불이행,건조,맑음,단일로 - 기타,승용,남,75세,상해없음,승용,남,37세,중상
2013022400100249,2013년 2월 24일 13시,일요일,인천광역시 계양구 임학동,중상사고,0,1,1,1,차대차 - 측면직각충돌,교차로운행방법위반,건조,맑음,교차로 - 교차로안,승용,남,31세,상해없음,승합,남,39세,상해없음