사고번호,사고일시,요일,시군구,사고내용,사망자수,중상자수,경상자수,부상신고자수,사고유형,법규위반,노면상태,기상상태,도로형태,가해운전자 차종,가해운전자 성별,가해운전자 연령,가해운전자 상해정도,피해운전자 차종,피해운전자 성별,피해운전자 연령,피해운전자 상해정도
2013030100100375,2013년 3월 1일 16시,금요일,인천광역시 남동구 구월동,경상사고,0,0,2,0,차대차 - 측면직각충돌,안전운전불이행,건조,맑음,교차로 - 교차로부근,승용,남,63세,상해없음,화물,남,28세,경상
2013030100100400,2013년 3월 1일 17시,금요일,인천광역시 중구 운서동,중상사고,0,2,0,0,차대차 - 정면충돌,중앙선침범,건조,맑음,단일로 - 기타,승용,남,48세,상해없음,승용,남,27세,중상
2013030100100457,2013년 3월 1일 19시,금요일,인천광역시 계양구 작전동,경상사고,0,0,1,0,차대차 - 측면직각충돌,안전운전불이행,건조,맑음,단일로 - 기타,화물,남,43세,상해없음,자전거,남,15세,경상
2013030100100500,2013년 3월 1일 21시,금요일,인천광역시 부평구 청천동,경상사고,0,0,4,0,차대차 - 기타,안전운전불이행,건조,맑음,교차로 - 교차로부근,승용,남,52세,상해없음,승용,남,32세,경상
2013030100100527,2013년 3월 1일 22시,금요일,인천광역시 남동구 구월동,경상사고,0,0,1,0,차대차 - 측면직각충돌,안전운전불이행,건조,맑음,단일로 - 기타,승용,남,31세,상해없음,승용,여,43세,경상
2013030100100543,2013년 3월 1일 23시,금요일,인천광역시 남동구 간석동,경상사고,0,0,1,0,차대사람 - 기타,안전운전불이행,건조,맑음,단일로 - 기타,승용,남,37세,상해없음,보행자,남,39세,경상
2013030200100023,2013년 3월 2일 00시,토요일,인천광역시 부평구 부평동,중상사고,0,1,0,0,차대차 - 측면직각충돌,신호위반,건조,맑음,교차로 - 교차로안,승합,남,44세,상해없음,원동기,남,27세,중상
2013030200100072,2013년 3월 2일 04시,토요일,인천광역시 서구 왕길동,부상신고사고,0,0,0,1,차량단독 - 공작물충돌,안전운전불이행,건조,맑음,교차로 - 교차로부근,승용,남,21세,부상신고,,,,
2013030200100080,2013년 3월 2일 05시,토요일,인천광역시 남동구 만수동,경상사고,0,0,1,0,차대사람 - 기타,안전운전불이행,건조,맑음,단일로 - 기타,승용,남,57세,상해없음,보행자,여,51세,경상
2013030200100094,2013년 3월 2일 06시,토요일,인천광역시 부평구 부평동,중상사고,0,1,0,0,차대사람 - 횡단중,안전운전불이행,건조,맑음,단일로 - 기타,승합,남,56세,상해없음,보행자,남,21세,중상
2013030200100136,2013년 3월 2일 09시,토요일,인천광역시 남구 주안동,중상사고,0,1,0,0,차량단독 - 기타,안전운전불이행,건조,맑음,교차로 - 교차로부근,승용,남,58세,상해없음,,,,
2013030200100159,2013년 3월 2일 10시,토요일,인천광역시 부평구 산곡동,경상사고,0,0,4,0,차대차 - 측면직각충돌,중앙선침범,건조,맑음,단일로 - 기타,승용,남,32세,상해없음,승용,남,34세,경상
2013030200100160,2013년 3월 2일 10시,토요일,인천광역시 부평구 부평동,경상사고,0,0,1,0,차대사람 - 횡단중,안전운전불이행,건조,맑음,단일로 - 횡단보도상,화물,남,52세,상해없음,보행자,남,58세,경상
2013030200100205,2013년 3월 2일 12시,토요일,인천광역시 동구 송림동,경상사고,0,0,1,0,차대사람 - 차도통행중,안전운전불이행,건조,맑음,단일로 - 기타,승용,남,44세,상해없음,보행자,여,22세,경상
2013030200100206,2013년 3월 2일 12시,토요일,인천광역시 강화군 길상면,중상사고,0,1,0,0,차대차 - 추돌 - 진행중,안전운전불이행,건조,맑음,교차로 - 교차로안,승용,남,72세,상해없음,승용,여,38세,중상
2013030200100224,2013년 3월 2일 13시,토요일,인천광역시 남동구 논현동,경상사고,0,0,2,0,차대차 - 기타,안전운전불이행,건조,맑음,미분류 - 미분류,승합,남,54세,상해없음,승용,여,40세,경상
2013030200100225,2013년 3월 2일 13시,토요일,인천광역시 남동구 만수동,중상사고,0,1,1,0,차대차 - 측면직각충돌,교차로운행방법위반,건조,맑음,교차로 - 교차로안,이륜,여,37세,중상,승용,남,57세,경상
2013030200100246,2013년 3월 2일 14시,토요일,인천광역시 계양구 서운동,경상사고,0,0,1,0,차대차 - 추돌 - 진행중,안전운전불이행,건조,맑음,미분류 - 미분류,승용,남,54세,상해없음,승용,남,52세,상해없음
2013030200100328,2013년 3월 2일 17시,토요일,인천광역시 서구 금곡동,경상사고,0,0,2,0,차대차 - 기타,안전운전불이행,건조,맑음,교차로 - 교차로안,화물,기타불명,기타불명,기타불명,승용,여,54세,경상
2013030200100351,2013년 3월 2일 18시,토요일,인천광역시 남동구 논현동,중상사고,0,1,0,0,차대차 - 추돌 - 진행중,안전거리미확보,건조,맑음,교차로 - 교차로부근,승용,남,46세,상해없음,승용,남,44세,중상
2013030200100379,2013년 3월 2일 19시,토요일,인천광역시 남동구 간석동,중상사고,0,5,0,0,차대차 - 측면직각충돌,교차로운행방법위반,건조,맑음,교차로 - 교차로안,승용,남,51세,상해없음,승용,남,27세,중상
2013030200100380,2013년 3월 2일 19시,토요일,인천광역시 남동구 구월동,경상사고,0,0,1,0,차대차 - 측면직각충돌,안전운전불이행,건조,맑음,교차로 - 교차로부근,승용,남,38세,상해없음,승용,남,42세,경상
2013030200100480,2013년 3월 2일 23시,토요일,인천광역시 중구 을왕동,사망사고,1,3,0,0,차량단독 - 공작물충돌,안전운전불이행,건조,맑음,교차로 - 교차로안,승용,남,18세,사망,,,,
2013030200100481,2013년 3월 2일 23시,토요일,인천광역시 남구 주안동,경상사고,0,0,1,0,차대사람 - 횡단중,안전운전불이행,건조,맑음,단일로 - 기타,승용,남,53세,상해없음,보행자,남,42세,경상
2013030200100482,2013년 3월 2일 23시,토요일,인천광역시 남동구 구월동,경상사고,0,0,2,0,차대차 - 정면충돌,신호위반,건조,맑음,교차로 - 교차로안,승용,여,27세,상해없음,승합,남,44세,경상
2013030200100483,2013년 3월 2일 23시,토요일,인천광역시 서구 검암동,경상사고,0,0,1,0,차대사람 - 기타,안전운전불이행,건조,맑음,단일로 - 기타,기타불명,기타불명,기타불명,기타불명,보행자,여,34세,경상
2013030200100484,2013년 3월 2일 23시,토요일,인천광역시 계양구 병방동,중상사고,0,1,0,0,차대사람 - 차도통행중,안전운전불이행,건조,맑음,단일로 - 기타,승용,남,52세,상해없음,보행자,남,29세,중상
2013030300100117,2013년 3월 3일 08시,일요일,인천광역시 남구 도화동,경상사고,0,0,1,0,차대차 - 추돌 - 주정차중,안전운전불이행,건조,맑음,단일로 - 횡단보도부근,승용,남,32세,기타불명,승용,남,29세,경상
2013030300100124,2013년 3월 3일 09시,일요일,인천광역시 중구 북성동1가,중상사고,0,1,1,0,차대차 - 측면직각충돌,안전운전불이행,건조,맑음,교차로 - 교차로부근,승용,남,26세,경상,승용,남,29세,상해없음
2013030300100204,2013년 3월 3일 14시,일요일,인천광역시 남동구 논현동,경상사고,0,0,4,0,차대차 - 측면직각충돌,안전운전불이행,건조,맑음,단일로 - 기타,승용,여,45세,상해없음,승용,남,42세,경상
2013030300100229,2013년 3월 3일 15시,일요일,인천광역시 연수구 옥련동,경상사고,0,0,1,0,차대차 - 기타,안전운전불이행,건조,맑음,기타 - 기타,승용,여,45세,상해없음,승용,남,44세,경상
2013030300100258,2013년 3월 3일 16시,일요일,인천광역시 남동구 간석동,경상사고,0,0,5,0,차대차 - 정면충돌,신호위반,건조,맑음,교차로 - 교차로안,승용,여,57세,상해없음,승용,남,54세,경상
2013030300100307,2013년 3월 3일 18시,일요일,인천광역시 부평구 부평동,중상사고,0,1,0,0,차대사람 - 기타,안전운전불이행,건조,맑음,단일로 - 기타,승용,남,29세,상해없음,보행자,여,83세,중상
2013030300100308,2013년 3월 3일 18시,일요일,인천광역시 서구 가정동,경상사고,0,0,3,0,차대차 - 측면직각충돌,안전운전불이행,건조,맑음,단일로 - 기타,승용,남,46세,상해없음,승합,남,48세,경상
2013030300100309,2013년 3월 3일 18시,일요일,인천광역시 서구 가좌동,경상사고,0,0,2,0,차대차 - 추돌 - 주정차중,안전운전불이행,건조,맑음,단일로 - 기타,승용,남,40세,상해없음,특수,남,44세,상해없음
2013030300100339,2013년 3월 3일 19시,일요일,인천광역시 남동구 논현동,경상사고,0,0,1,0,차대차 - 측면직각충돌,교차로운행방법위반,건조,맑음,교차로 - 교차로안,승용,남,24세,상해없음,이륜,남,32세,경상
2013030300100358,2013년 3월 3일 20시,일요일,인천광역시 남구 용현동,경상사고,0,0,5,0,차대차 - 측면직각충돌,안전운전불이행,건조,맑음,교차로 - 교차로안,승용,남,20세,상해없음,승용,남,51세,경상
2013030300100378,2013년 3월 3일 21시,일요일,인천광역시 남동구 논현동,경상사고,0,0,1,1,차대차 - 추돌 - 주정차중,안전거리미확보,건조,맑음,단일로 - 기타,승용,남,27세,상해없음,승용,여,27세,경상
2013030400100075,2013년 3월 4일 07시,월요일,인천광역시 남동구 간석동,경상사고,0,0,1,0,차량단독 - 기타,기타,건조,맑음,단일로 - 기타,승합,남,57세,상해없음,,,,
2013030400100099,2013년 3월 4일 08시,월요일,인천광역시 서구 마전동,경상사고,0,0,1,0,차대차 - 추돌 - 주정차중,안전거리미확보,건조,맑음,교차로 - 교차로안,화물,남,50세,상해없음,승용,남,43세,경상
2013030400100123,2013년 3월 4일 09시,월요일,인천광역시 서구 마전동,경상사고,0,0,1,0,차대차 - 측면직각충돌,교차로운행방법위반,건조,맑음,교차로 - 교차로안,승용,여,43세,상해없음,승용,여,38세,경상
2013030400100157,2013년 3월 4일 10시,월요일,인천광역시 남구 주안동,중상사고,0,1,0,0,차대사람 - 횡단중,안전운전불이행,건조,맑음,단일로 - 횡단보도상,승용,여,43세,상해없음,보행자,남,80세,중상
2013030400100180,2013년 3월 4일 11시,월요일,인천광역시 남구 문학동,경상사고,0,0,1,0,차대차 - 측면직각충돌,교차로운행방법위반,건조,맑음,교차로 - 교차로안,승용,남,68세,상해없음,승용,남,37세,경상
2013030400100210,2013년 3월 4일 12시,월요일,인천광역시 남구 주안동,경상사고,0,0,1,0,차대차 - 측면직각충돌,안전운전불이행,건조,맑음,단일로 - 기타,승용,남,25세,상해없음,승용,남,50세,상해없음
2013030400100211,2013년 3월 4일 12시,월요일,인천광역시 남동구 구월동,중상사고,0,1,0,0,차량단독 - 기타,안전운전불이행,건조,맑음,단일로 - 기타,승합,남,44세,기타불명,,,,
2013030400100212,2013년 3월 4일 12시,월요일,인천광역시 남동구 남촌동,경상사고,0,0,1,0,차대사람 - 기타,안전운전불이행,건조,맑음,단일로 - 기타,승합,남,30세,상해없음,보행자,남,58세,경상
2013030400100238,2013년 3월 4일 13시,월요일,인천광역시 연수구 송도동,중상사고,0,2,0,0,차대차 - 측면직각충돌,신호위반,건조,맑음,교차로 - 교차로안,승용,남,30세,상해없음,화물,남,28세,중상
2013030400100290,2013년 3월 4일 15시,월요일,인천광역시 옹진군 영흥면,경상사고,0,0,1,0,차대차 - 기타,안전운전불이행,건조,맑음,단일로 - 기타,화물,남,63세,상해없음,이륜,남,77세,경상
2013030400100338,2013년 3월 4일 17시,월요일,인천광역시 서구 검암동,중상사고,0,1,0,0,차대차 - 기타,안전운전불이행,건조,맑음,교차로 - 교차로부근,건설기계,남,40세,상해없음,승용,남,51세,중상
2013030400100339,2013년 3월 4일 17시,월요일,인천광역시 강화군 내가면,중상사고,0,1,0,0,차대차 - 추돌 - 주정차중,중앙선침범,건조,맑음,단일로 - 기타,승용,남,58세,상해없음,이륜,남,60세,중상
2013030400100383,2013년 3월 4일 18시,월요일,인천광역시 남구 학익동,경상사고,0,0,1,0,차대차 - 추돌 - 진행중,안전운전불이행,건조,맑음,교차로 - 교차로안,승용,남,55세,상해없음,승용,여,43세,경상
2013030400100417,2013년 3월 4일 19시,월요일,인천광역시 동구 송현동,경상사고,0,0,4,0,차대차 - 기타,안전운전불이행,건조,맑음,교차로 - 교차로안,승용,여,46세,기타불명,승용,남,33세,상해없음
2013030400100418,2013년 3월 4일 19시,월요일,인천광역시 남동구 논현동,경상사고,0,0,1,0,차대차 - 측면직각충돌,교차로운행방법위반,건조,맑음,교차로 - 교차로부근,승합,남,47세,상해없음,승용,남,54세,경상
2013030400100470,2013년 3월 4일 21시,월요일,인천광역시 부평구 부평동,중상사고,0,1,0,0,차대사람 - 횡단중,안전운전불이행,건조,맑음,단일로 - 기타,승용,여,41세,상해없음,보행자,여,54세,중상
2013030400100494,2013년 3월 4일 22시,월요일,인천광역시 남구 주안동,경상사고,0,0,3,0,차대차 - 추돌 - 주정차중,안전운전불이행,건조,맑음,단일로 - 기타,승용,남,19세,기타불명,승용,남,25세,경상
2013030400100495,2013년 3월 4일 22시,월요일,인천광역시 서구 석남동,경상사고,0,0,1,0,차대차 - 측면직각충돌,안전운전불이행,건조,맑음,미분류 - 미분류,승합,남,36세,상해없음,원동기,남,48세,경상
2013030400100496,2013년 3월 4일 22시,월요일,인천광역시 서구 검암동,중상사고,0,1,0,0,차대차 - 기타,신호위반,건조,맑음,교차로 - 교차로안,승합,남,53세,상해없음,이륜,남,38세,중상
2013030400100512,2013년 3월 4일 23시,월요일,인천광역시 옹진군 북도면,사망사고,1,0,0,0,차량단독 - 공작물충돌,안전운전불이행,건조,맑음,단일로 - 기타,화물,남,26세,사망,,,,
2013030400100513,2013년 3월 4일 23시,월요일,인천광역시 남구 주안동,경상사고,0,0,2,0,차대차 - 추돌 - 진행중,안전운전불이행,건조,흐림,단일로 - 기타,승용,남,47세,상해없음,승용,남,44세,경상
2013030400100514,2013년 3월 4일 23시,월요일,인천광역시 남동구 간석동,경상사고,0,0,1,0,차대차 - 측면직각충돌,교차로운행방법위반,건조,맑음,교차로 - 교차로부근,승용,남,59세,상해없음,승용,남,29세,경상
2013030400100515,2013년 3월 4일 23시,월요일,인천광역시 계양구 평동,중상사고,0,1,4,0,차대차 - 추돌 - 진행중,안전운전불이행,건조,맑음,단일로 - 기타,승용,남,33세,경상,승용,남,37세,중상
2013030500100022,2013년 3월 5일 01시,화요일,인천광역시 계양구 작전동,중상사고,0,1,3,0,차대차 - 추돌 - 진행중,안전운전불이행,건조,맑음,단일로 - 기타,승용,남,32세,상해없음,승합,여,30세,경상
2013030500100023,2013년 3월 5일 01시,화요일,인천광역시 연수구 선학동,경상사고,0,0,2,0,차대사람 - 기타,안전운전불이행,건조,맑음,단일로 - 기타,승용,남,28세,상해없음,보행자,남,39세,경상
2013030500100031,2013년 3월 5일 02시,화요일,인천광역시 연수구 연수동,중상사고,0,1,0,0,차대차 - 추돌 - 진행중,안전운전불이행,건조,맑음,단일로 - 기타,화물,남,25세,상해없음,화물,남,42세,중상
2013030500100045,2013년 3월 5일 03시,화요일,인천광역시 부평구 십정동,경상사고,0,0,2,0,차대차 - 기타,안전운전불이행,건조,맑음,교차로 - 교차로부근,승용,여,52세,기타불명,승용,남,21세,경상
2013030500100046,2013년 3월 5일 03시,화요일,인천광역시 남동구 서창동,경상사고,0,0,1,0,차대차 - 측면직각충돌,안전운전불이행,건조,맑음,교차로 - 교차로안,승용,남,43세,상해없음,승용,남,39세,경상
2013030500100054,2013년 3월 5일 04시,화요일,인천광역시 부평구 삼산동,중상사고,0,1,0,0,차대차 - 측면직각충돌,안전거리미확보,건조,맑음,단일로 - 기타,승용,남,33세,상해없음,승용,남,44세,중상
2013030500100071,2013년 3월 5일 06시,화요일,인천광역시 남동구 논현동,경상사고,0,0,1,0,차대사람 - 횡단중,안전운전불이행,건조,맑음,교차로 - 교차로안,승용,여,42세,상해없음,보행자,남,20세,경상
2013030500100101,2013년 3월 5일 07시,화요일,인천광역시 중구 중산동,경상사고,0,0,1,0,차대차 - 정면충돌,안전운전불이행,건조,맑음,단일로 - 기타,승용,여,32세,상해없음,승용,여,45세,경상
2013030500100239,2013년 3월 5일 12시,화요일,인천광역시 남구 도화동,경상사고,0,0,2,0,차대사람 - 횡단중,보행자보호의무위반,건조,맑음,교차로 - 교차로부근,기타불명,기타불명,기타불명,기타불명,보행자,여,30세,경상
2013030500100240,2013년 3월 5일 12시,화요일,인천광역시 남동구 간석동,경상사고,0,0,1,0,차대사람 - 기타,안전운전불이행,건조,맑음,단일로 - 기타,승용,남,31세,상해없음,보행자,여,69세,경상
2013030500100241,2013년 3월 5일 12시,화요일,인천광역시 서구 경서동,중상사고,0,1,0,0,차대차 - 기타,안전거리미확보,건조,맑음,단일로 - 기타,승용,여,42세,상해없음,승합,남,44세,상해없음
2013030500100280,2013년 3월 5일 14시,화요일,인천광역시 서구 경서동,경상사고,0,0,2,0,차대차 - 추돌 - 주정차중,안전운전불이행,건조,맑음,교차로 - 교차로부근,승용,남,72세,상해없음,화물,남,67세,경상
2013030500100310,2013년 3월 5일 15시,화요일,인천광역시 부평구 청천동,경상사고,0,0,1,0,차대사람 - 기타,안전운전불이행,건조,맑음,단일로 - 기타,승용,남,43세,상해없음,보행자,남,27세,경상
2013030500100339,2013년 3월 5일 16시,화요일,인천광역시 남동구 만수동,중상사고,0,1,0,0,차대차 - 측면직각충돌,안전운전불이행,건조,맑음,교차로 - 교차로부근,승용,남,48세,상해없음,자전거,남,68세,중상
2013030500100340,2013년 3월 5일 16시,화요일,인천광역시 서구 연희동,중상사고,0,1,0,0,차대사람 - 횡단중,보행자보호의무위반,건조,맑음,단일로 - 횡단보도상,승용,기타불명,기타불명,기타불명,보행자,남,12세,중상
2013030500100341,2013년 3월 5일 16시,화요일,인천광역시 계양구 서운동,중상사고,0,1,0,0,차대차 - 측면직각충돌,교차로운행방법위반,건조,맑음,교차로 - 교차로안,승용,남,34세,상해없음,이륜,남,58세,중상
2013030500100367,2013년 3월 5일 17시,화요일,인천광역시 서구 가정동,경상사고,0,0,1,0,차량단독 - 기타,기타,건조,맑음,단일로 - 기타,승합,남,42세,상해없음,,,,
2013030500100400,2013년 3월 5일 18시,화요일,인천광역시 남동구 간석동,경상사고,0,0,1,0,차대차 - 측면직각충돌,안전운전불이행,건조,맑음,단일로 - 기타,승용,남,62세,상해없음,승용,여,29세,경상
2013030500100439,2013년 3월 5일 19시,화요일,인천광역시 남구 도화동,중상사고,0,1,0,0,차대사람 - 기타,보행자보호의무위반,건조,맑음,단일로 - 기타,화물,남,37세,상해없음,보행자,여,69세,중상
2013030500100463,2013년 3월 5일 20시,화요일,인천광역시 남동구 구월동,경상사고,0,0,1,0,차대사람 - 기타,안전운전불이행,건조,맑음,단일로 - 기타,기타불명,기타불명,기타불명,기타불명,보행자,여,19세,경상
2013030500100464,2013년 3월 5일 20시,화요일,인천광역시 서구 가정동,경상사고,0,0,6,0,차대차 - 추돌 - 주정차중,안전운전불이행,건조,맑음,단일로 - 기타,화물,남,52세,상해없음,화물,남,47세,경상
2013030500100490,2013년 3월 5일 21시,화요일,인천광역시 부평구 부개동,중상사고,0,1,0,0,차대사람 - 횡단중,보행자보호의무위반,건조,맑음,교차로 - 교차로안,승용,여,53세,상해없음,보행자,여,51세,중상
2013030500100515,2013년 3월 5일 22시,화요일,인천광역시 남구 주안동,경상사고,0,0,1,0,차대사람 - 기타,안전운전불이행,기타,맑음,교차로 - 교차로부근,기타불명,기타불명,기타불명,기타불명,보행자,남,30세,경상
2013030500100516,2013년 3월 5일 22시,화요일,인천광역시 남동구 도림동,중상사고,0,2,0,0,차대차 - 추돌 - 주정차중,안전운전불이행,건조,맑음,단일로 - 기타,승용,남,22세,상해없음,승합,남,57세,중상
2013030500100517,2013년 3월 5일 22시,화요일,인천광역시 계양구 계산동,경상사고,0,0,3,0,차대사람 - 횡단중,안전운전불이행,건조,맑음,단일로 - 횡단보도상,이륜,남,17세,상해없음,보행자,여,37세,경상
2013030500100537,2013년 3월 5일 23시,화요일,인천광역시 남구 주안동,중상사고,0,1,0,0,차대사람 - 차도통행중,안전운전불이행,건조,맑음,단일로 - 기타,승용,남,45세,상해없음,보행자,남,22세,중상
2013030500100538,2013년 3월 5일 23시,화요일,인천광역시 남구 주안동,경상사고,0,0,1,0,차대차 - 추돌 - 진행중,안전운전불이행,건조,맑음,교차로 - 교차로부근,승용,남,52세,기타불명,승용,남,63세,경상
2013030500100539,2013년 3월 5일 23시,화요일,인천광역시 부평구 청천동,경상사고,0,0,1,0,차대차 - 측면직각충돌,신호위반,건조,맑음,교차로 - 교차로안,이륜,남,23세,상해없음,승용,남,36세,경상
2013030500100540,2013년 3월 5일 23시,화요일,인천광역시 계양구 계산동,중상사고,0,3,5,0,차대차 - 추돌 - 주정차중,안전운전불이행,건조,맑음,단일로 - 기타,승용,남,29세,상해없음,승용,남,46세,중상
2013030600100018,2013년 3월 6일 00시,수요일,인천광역시 서구 경서동,사망사고,2,0,0,0,차량단독 - 공작물충돌,과속,건조,맑음,교차로 - 교차로부근,승용,남,25세,사망,,,,
2013030600100019,2013년 3월 6일 00시,수요일,인천광역시 연수구 연수동,경상사고,0,0,2,0,차대사람 - 횡단중,신호위반,건조,맑음,단일로 - 횡단보도상,승합,남,52세,상해없음,보행자,남,48세,경상
2013030600100034,2013년 3월 6일 01시,수요일,인천광역시 부평구 부평동,경상사고,0,0,1,0,차대차 - 추돌 - 진행중,신호위반,건조,맑음,교차로 - 교차로안,승용,남,59세,상해없음,승용,남,36세,경상
2013030600100069,2013년 3월 6일 06시,수요일,인천광역시 부평구 십정동,중상사고,0,1,0,0,차대사람 - 횡단중,신호위반,건조,맑음,교차로 - 교차로부근,승용,남,44세,상해없음,보행자,여,61세,중상
2013030600100070,2013년 3월 6일 06시,수요일,인천광역시 남동구 구월동,경상사고,0,0,2,0,차대차 - 추돌 - 주정차중,안전운전불이행,건조,맑음,단일로 - 기타,승용,남,29세,상해없음,승용,남,52세,경상
2013030600100112,2013년 3월 6일 08시,수요일,인천광역시 중구 신흥동2가,경상사고,0,0,3,0,차대차 - 추돌 - 진행중,차로위반,건조,맑음,단일로 - 기타,승용,여,60세,경상,승용,남,30세,경상
2013030600100113,2013년 3월 6일 08시,수요일,인천광역시 서구 백석동,경상사고,0,0,2,0,차대차 - 기타,안전거리미확보,건조,맑음,단일로 - 기타,화물,남,30세,상해없음,승용,남,22세,경상
2013030600100143,2013년 3월 6일 09시,수요일,인천광역시 연수구 연수동,경상사고,0,0,1,0,차대차 - 측면직각충돌,신호위반,건조,맑음,교차로 - 교차로안,승용,남,57세,상해없음,이륜,남,64세,경상
2013030600100161,2013년 3월 6일 10시,수요일,인천광역시 남구 주안동,경상사고,0,0,1,0,차대사람 - 횡단중,안전운전불이행,건조,맑음,단일로 - 기타,승용,남,53세,상해없음,보행자,여,63세,경상
2013030600100197,2013년 3월 6일 12시,수요일,인천광역시 연수구 선학동,경상사고,0,0,3,0,차대차 - 기타,안전운전불이행,건조,맑음,교차로 - 교차로부근,승용,여,42세,상해없음,승용,남,34세,경상
2013030600100231,2013년 3월 6일 13시,수요일,인천광역시 서구 원창동,경상사고,0,0,1,0,차대차 - 기타,교차로운행방법위반,건조,맑음,교차로 - 교차로안,승용,남,44세,경상,승합,남,52세,상해없음
2013030600100232,2013년 3월 6일 13시,수요일,인천광역시 강화군 불은면,경상사고,0,0,4,1,차대차 - 정면충돌,중앙선침범,건조,맑음,단일로 - 기타,승용,여,64세,부상신고,승용,남,38세,경상
2013030600100277,2013년 3월 6일 15시,수요일,인천광역시 남동구 만수동,경상사고,0,0,1,0,차대차 - 측면직각충돌,안전운전불이행,건조,맑음,단일로 - 기타,승용,남,42세,상해없음,승용,여,58세,경상
2013030600100324,2013년 3월 6일 17시,수요일,인천광역시 남구 도화동,경상사고,0,0,1,0,차대차 - 기타,기타,건조,맑음,단일로 - 기타,승용,남,52세,상해없음,이륜,남,16세,경상
2013030600100325,2013년 3월 6일 17시,수요일,인천광역시 남구 도화동,경상사고,0,0,2,0,차대사람 - 횡단중,신호위반,건조,맑음,교차로 - 교차로안,이륜,남,17세,상해없음,보행자,여,17세,경상
2013030600100360,2013년 3월 6일 18시,수요일,인천광역시 서구 석남동,경상사고,0,0,1,0,차대차 - 기타,안전운전불이행,건조,맑음,교차로 - 교차로부근,기타불명,기타불명,기타불명,기타불명,승용,남,45세,경상
2013030600100391,2013년 3월 6일 19시,수요일,인천광역시 부평구 삼산동,사망사고,1,0,0,0,차대차 - 측면직각충돌,안전운전불이행,건조,맑음,단일로 - 기타,승용,남,46세,상해없음,자전거,남,52세,사망
2013030600100425,2013년 3월 6일 20시,수요일,인천광역시 남동구 수산동,경상사고,0,0,2,0,차대차 - 추돌 - 진행중,중앙선침범,건조,맑음,단일로 - 기타,승용,여,51세,상해없음,승용,여,52세,경상
2013030600100426,2013년 3월 6일 20시,수요일,인천광역시 연수구 청학동,중상사고,0,2,0,0,차대차 - 추돌 - 주정차중,안전운전불이행,건조,맑음,교차로 - 교차로부근,승합,남,56세,상해없음,승용,여,39세,상해없음
2013030600100473,2013년 3월 6일 22시,수요일,인천광역시 남구 주안동,중상사고,0,1,0,0,차대사람 - 기타,안전운전불이행,건조,맑음,단일로 - 기타,기타불명,기타불명,기타불명,기타불명,보행자,남,42세,중상
2013030600100474,2013년 3월 6일 22시,수요일,인천광역시 부평구 부평동,중상사고,0,1,0,0,차대사람 - 기타,신호위반,건조,맑음,교차로 - 교차로부근,이륜,남,66세,상해없음,보행자,여,30세,중상
2013030600100498,2013년 3월 6일 23시,수요일,인천광역시 서구 연희동,경상사고,0,0,1,0,차대사람 - 횡단중,신호위반,건조,맑음,교차로 - 교차로안,승용,남,59세,상해없음,보행자,여,46세,경상
2013030700100055,2013년 3월 7일 04시,목요일,인천광역시 중구 율목동,경상사고,0,0,2,0,차대차 - 측면직각충돌,신호위반,습기,비,교차로 - 교차로안,승용,남,64세,상해없음,승용,여,58세,경상
2013030700100103,2013년 3월 7일 07시,목요일,인천광역시 계양구 박촌동,경상사고,0,0,2,0,차대차 - 추돌 - 주정차중,안전운전불이행,습기,흐림,단일로 - 기타,승용,남,29세,상해없음,승용,남,60세,경상
2013030700100192,2013년 3월 7일 11시,목요일,인천광역시 강화군 길상면,중상사고,0,2,1,0,차대차 - 추돌 - 진행중,신호위반,건조,맑음,교차로 - 교차로안,승용,남,37세,상해없음,승용,남,52세,상해없음
2013030700100193,2013년 3월 7일 11시,목요일,인천광역시 부평구 삼산동,중상사고,0,1,0,0,차대사람 - 차도통행중,안전운전불이행,건조,맑음,단일로 - 기타,승용,여,63세,상해없음,보행자,여,73세,중상
2013030700100222,2013년 3월 7일 12시,목요일,인천광역시 연수구 동춘동,경상사고,0,0,1,0,차대사람 - 기타,기타,건조,맑음,단일로 - 기타,승합,남,57세,상해없음,보행자,여,67세,경상
2013030700100282,2013년 3월 7일 15시,목요일,인천광역시 계양구 동양동,경상사고,0,0,1,0,차대사람 - 차도통행중,안전운전불이행,건조,맑음,단일로 - 기타,승합,남,52세,상해없음,보행자,남,80세,경상
2013030700100305,2013년 3월 7일 16시,목요일,인천광역시 남구 용현동,경상사고,0,0,2,0,차대차 - 추돌 - 주정차중,안전운전불이행,건조,맑음,단일로 - 기타,승용,남,41세,기타불명,화물,남,40세,경상
2013030700100337,2013년 3월 7일 17시,목요일,인천광역시 남구 용현동,경상사고,0,0,5,0,차대차 - 기타,직진우회전진행방해,건조,흐림,교차로 - 교차로안,승용,여,56세,경상,승용,남,70세,경상
2013030700100373,2013년 3월 7일 18시,목요일,인천광역시 중구 신흥동1가,부상신고사고,0,0,0,1,차대차 - 추돌 - 주정차중,안전운전불이행,건조,맑음,교차로 - 교차로부근,승용,기타불명,기타불명,기타불명,승용,남,49세,부상신고
2013030700100374,2013년 3월 7일 18시,목요일,인천광역시 서구 가정동,경상사고,0,0,1,0,차대차 - 측면직각충돌,안전운전불이행,건조,맑음,단일로 - 기타,승용,남,48세,상해없음,승용,남,29세,경상