사고번호,사고일시,요일,시군구,사고내용,사망자수,중상자수,경상자수,부상신고자수,사고유형,법규위반,노면상태,기상상태,도로형태,가해운전자 차종,가해운전자 성별,가해운전자 연령,가해운전자 상해정도,피해운전자 차종,피해운전자 성별,피해운전자 연령,피해운전자 상해정도
2013031700100360,2013년 3월 17일 18시,일요일,인천광역시 서구 마전동,경상사고,0,0,1,0,차대사람 - 기타,안전운전불이행,건조,맑음,단일로 - 기타,승용,남,48세,상해없음,보행자,남,34세,경상
2013031700100404,2013년 3월 17일 19시,일요일,인천광역시 서구 연희동,중상사고,0,1,2,0,차량단독 - 공작물충돌,안전운전불이행,건조,맑음,단일로 - 기타,승용,남,23세,상해없음,,,,
2013031700100462,2013년 3월 17일 20시,일요일,인천광역시 부평구 부개동,중상사고,0,1,0,0,차대사람 - 차도통행중,안전운전불이행,습기,비,단일로 - 기타,이륜,남,55세,상해없음,보행자,여,57세,중상
2013031700100464,2013년 3월 17일 20시,일요일,인천광역시 부평구 구산동,경상사고,0,0,2,0,차대차 - 추돌 - 진행중,안전거리미확보,습기,비,기타 - 기타,승용,남,34세,기타불명,승용,남,60세,경상
2013031700100516,2013년 3월 17일 21시,일요일,인천광역시 서구 가좌동,경상사고,0,0,2,0,차대차 - 기타,불법유턴,습기,비,단일로 - 기타,승용,남,53세,상해없음,승용,남,23세,경상
2013031700100551,2013년 3월 17일 22시,일요일,인천광역시 부평구 부평동,경상사고,0,0,1,0,차대사람 - 횡단중,안전운전불이행,건조,맑음,단일로 - 기타,승용,남,48세,상해없음,보행자,남,35세,경상
2013031700100552,2013년 3월 17일 22시,일요일,인천광역시 부평구 청천동,경상사고,0,0,1,0,차대사람 - 기타,안전운전불이행,습기,비,기타 - 기타,승용,남,57세,상해없음,보행자,남,28세,경상
2013031700100553,2013년 3월 17일 22시,일요일,인천광역시 남동구 간석동,중상사고,0,2,0,0,차대차 - 기타,신호위반,습기,비,교차로 - 교차로안,승용,남,40세,상해없음,승용,남,61세,중상
2013031700100554,2013년 3월 17일 22시,일요일,인천광역시 남동구 구월동,중상사고,0,1,3,0,차대차 - 정면충돌,중앙선침범,습기,비,단일로 - 기타,승용,남,33세,상해없음,승용,남,26세,중상
2013031700100555,2013년 3월 17일 22시,일요일,인천광역시 서구 신현동,경상사고,0,0,1,0,차대사람 - 기타,안전운전불이행,건조,맑음,교차로 - 교차로부근,승용,기타불명,기타불명,기타불명,보행자,남,56세,경상
2013031700100586,2013년 3월 17일 23시,일요일,인천광역시 연수구 연수동,중상사고,0,1,0,0,차대차 - 추돌 - 주정차중,안전운전불이행,습기,비,단일로 - 기타,화물,남,31세,상해없음,승용,남,27세,중상
2013031800100024,2013년 3월 18일 00시,월요일,인천광역시 남구 주안동,경상사고,0,0,1,0,차대차 - 측면직각충돌,신호위반,건조,맑음,교차로 - 교차로안,승용,남,64세,기타불명,승용,남,39세,경상
2013031800100025,2013년 3월 18일 00시,월요일,인천광역시 부평구 청천동,중상사고,0,1,7,1,차대차 - 추돌 - 주정차중,안전거리미확보,습기,비,교차로 - 교차로부근,승용,남,35세,상해없음,승용,남,47세,중상
2013031800100026,2013년 3월 18일 00시,월요일,인천광역시 계양구 병방동,경상사고,0,0,1,0,차대사람 - 횡단중,안전운전불이행,습기,비,교차로 - 교차로안,승용,남,49세,상해없음,보행자,남,39세,경상
2013031800100062,2013년 3월 18일 03시,월요일,인천광역시 남동구 서창동,경상사고,0,0,1,0,차대차 - 추돌 - 진행중,안전운전불이행,습기,흐림,기타 - 기타,기타불명,기타불명,기타불명,기타불명,승용,남,38세,경상
2013031800100080,2013년 3월 18일 05시,월요일,인천광역시 남구 도화동,중상사고,0,1,0,0,차대사람 - 횡단중,안전운전불이행,건조,맑음,단일로 - 기타,승용,남,29세,상해없음,보행자,남,49세,중상
2013031800100162,2013년 3월 18일 08시,월요일,인천광역시 남동구 구월동,경상사고,0,0,1,0,차대사람 - 횡단중,신호위반,건조,맑음,단일로 - 횡단보도상,승용,여,45세,상해없음,보행자,남,28세,경상
2013031800100163,2013년 3월 18일 08시,월요일,인천광역시 부평구 일신동,중상사고,0,2,0,0,차대차 - 추돌 - 주정차중,안전운전불이행,건조,맑음,단일로 - 기타,화물,남,56세,중상,화물,남,42세,중상
2013031800100216,2013년 3월 18일 10시,월요일,인천광역시 서구 검암동,경상사고,0,0,1,0,차대차 - 추돌 - 주정차중,안전거리미확보,건조,맑음,단일로 - 기타,승용,남,58세,상해없음,승용,남,48세,경상
2013031800100263,2013년 3월 18일 12시,월요일,인천광역시 부평구 산곡동,중상사고,0,1,0,0,차대사람 - 횡단중,기타,건조,맑음,교차로 - 교차로부근,승용,남,36세,상해없음,보행자,남,7세,중상
2013031800100264,2013년 3월 18일 12시,월요일,인천광역시 남동구 간석동,중상사고,0,1,0,0,차대차 - 기타,안전운전불이행,건조,맑음,단일로 - 기타,화물,남,60세,상해없음,승용,남,50세,중상
2013031800100296,2013년 3월 18일 13시,월요일,인천광역시 동구 송림동,중상사고,0,1,0,0,차대사람 - 횡단중,안전운전불이행,건조,맑음,교차로 - 교차로안,승용,여,46세,상해없음,보행자,남,73세,중상
2013031800100297,2013년 3월 18일 13시,월요일,인천광역시 남구 숭의동,경상사고,0,0,2,0,차대차 - 기타,안전거리미확보,건조,맑음,교차로 - 교차로안,승합,남,51세,상해없음,화물,남,61세,경상
2013031800100298,2013년 3월 18일 13시,월요일,인천광역시 부평구 청천동,경상사고,0,0,1,0,차대차 - 기타,안전운전불이행,건조,맑음,단일로 - 기타,승용,여,25세,상해없음,자전거,여,66세,경상
2013031800100299,2013년 3월 18일 13시,월요일,인천광역시 부평구 산곡동,중상사고,0,1,0,0,차대차 - 측면직각충돌,안전거리미확보,건조,맑음,단일로 - 기타,승용,여,36세,상해없음,원동기,여,54세,중상
2013031800100327,2013년 3월 18일 14시,월요일,인천광역시 연수구 동춘동,경상사고,0,0,1,2,차대차 - 추돌 - 진행중,안전거리미확보,건조,맑음,단일로 - 기타,화물,남,44세,상해없음,승용,남,24세,경상
2013031800100328,2013년 3월 18일 14시,월요일,인천광역시 연수구 선학동,중상사고,0,1,2,0,차대차 - 정면충돌,신호위반,건조,맑음,단일로 - 기타,승용,남,38세,상해없음,승용,남,41세,경상
2013031800100359,2013년 3월 18일 15시,월요일,인천광역시 부평구 부평동,중상사고,0,1,0,0,차대사람 - 기타,안전운전불이행,건조,맑음,기타 - 기타,승용,여,39세,상해없음,보행자,남,46세,중상
2013031800100360,2013년 3월 18일 15시,월요일,인천광역시 부평구 부평동,경상사고,0,0,1,0,차대사람 - 횡단중,안전운전불이행,건조,맑음,단일로 - 기타,승용,여,48세,상해없음,보행자,남,19세,경상
2013031800100394,2013년 3월 18일 16시,월요일,인천광역시 부평구 십정동,경상사고,0,0,2,0,차대차 - 추돌 - 주정차중,안전운전불이행,건조,맑음,단일로 - 기타,승용,남,30세,상해없음,승용,남,40세,경상
2013031800100395,2013년 3월 18일 16시,월요일,인천광역시 남동구 수산동,부상신고사고,0,0,0,1,차대차 - 추돌 - 주정차중,안전운전불이행,건조,맑음,교차로 - 교차로부근,자전거,남,76세,부상신고,화물,남,31세,상해없음
2013031800100436,2013년 3월 18일 17시,월요일,인천광역시 중구 신흥동2가,중상사고,0,1,0,0,차량단독 - 도로외이탈 - 추락,기타,건조,맑음,단일로 - 기타,승합,남,75세,상해없음,,,,
2013031800100437,2013년 3월 18일 17시,월요일,인천광역시 계양구 작전동,경상사고,0,0,1,0,차대차 - 측면직각충돌,안전운전불이행,건조,맑음,교차로 - 교차로안,승용,남,45세,상해없음,이륜,남,36세,경상
2013031800100475,2013년 3월 18일 18시,월요일,인천광역시 중구 운남동,중상사고,0,1,0,0,차대사람 - 차도통행중,안전운전불이행,건조,흐림,단일로 - 기타,화물,여,32세,상해없음,보행자,여,76세,중상
2013031800100512,2013년 3월 18일 19시,월요일,인천광역시 부평구 십정동,사망사고,1,0,0,0,차대사람 - 기타,안전운전불이행,건조,흐림,단일로 - 기타,화물,남,42세,상해없음,보행자,남,59세,사망
2013031800100539,2013년 3월 18일 20시,월요일,인천광역시 서구 가정동,중상사고,0,1,0,0,차대차 - 정면충돌,중앙선침범,습기,비,교차로 - 교차로부근,승용,남,54세,상해없음,승용,여,37세,중상
2013031800100574,2013년 3월 18일 21시,월요일,인천광역시 서구 가좌동,경상사고,0,0,2,0,차대차 - 기타,안전운전불이행,습기,비,단일로 - 기타,화물,남,36세,상해없음,승용,남,31세,경상
2013031800100599,2013년 3월 18일 22시,월요일,인천광역시 남구 주안동,부상신고사고,0,0,0,3,차대차 - 기타,안전운전불이행,건조,맑음,단일로 - 기타,승용,남,53세,상해없음,승용,남,41세,부상신고
2013031800100600,2013년 3월 18일 22시,월요일,인천광역시 남동구 간석동,경상사고,0,0,1,0,차량단독 - 기타,안전운전불이행,건조,맑음,교차로 - 교차로안,승합,남,59세,상해없음,,,,
2013031800100627,2013년 3월 18일 23시,월요일,인천광역시 옹진군 영흥면,사망사고,1,0,1,0,차대사람 - 기타,안전운전불이행,습기,안개,교차로 - 교차로부근,화물,남,38세,상해없음,보행자,남,50세,사망
2013031900100033,2013년 3월 19일 02시,화요일,인천광역시 서구 가좌동,사망사고,1,0,0,0,차대사람 - 기타,안전운전불이행,습기,흐림,단일로 - 기타,승용,남,45세,상해없음,보행자,남,37세,사망
2013031900100134,2013년 3월 19일 08시,화요일,인천광역시 부평구 청천동,경상사고,0,0,1,0,차량단독 - 기타,안전운전불이행,건조,맑음,교차로 - 교차로부근,승합,남,51세,상해없음,,,,
2013031900100135,2013년 3월 19일 08시,화요일,인천광역시 연수구 송도동,중상사고,0,3,1,0,차대차 - 기타,신호위반,습기,맑음,교차로 - 교차로안,승용,남,25세,중상,승용,여,31세,중상
2013031900100151,2013년 3월 19일 09시,화요일,인천광역시 연수구 연수동,중상사고,0,1,0,0,차대차 - 기타,신호위반,건조,맑음,교차로 - 교차로안,자전거,남,72세,중상,승용,남,56세,상해없음
2013031900100179,2013년 3월 19일 10시,화요일,인천광역시 연수구 송도동,중상사고,0,1,0,0,차대차 - 기타,교차로운행방법위반,건조,맑음,교차로 - 교차로안,건설기계,남,45세,상해없음,자전거,남,19세,중상
2013031900100252,2013년 3월 19일 13시,화요일,인천광역시 서구 가좌동,경상사고,0,0,1,0,차대차 - 측면직각충돌,안전거리미확보,건조,맑음,단일로 - 기타,화물,남,49세,상해없음,화물,남,37세,경상
2013031900100273,2013년 3월 19일 14시,화요일,인천광역시 남구 주안동,중상사고,0,1,0,0,차대사람 - 횡단중,안전운전불이행,건조,맑음,단일로 - 기타,승용,남,49세,상해없음,보행자,남,14세,중상
2013031900100374,2013년 3월 19일 18시,화요일,인천광역시 서구 가좌동,경상사고,0,0,1,0,차대사람 - 기타,안전운전불이행,건조,맑음,단일로 - 기타,승용,남,44세,상해없음,보행자,남,26세,경상
2013031900100406,2013년 3월 19일 19시,화요일,인천광역시 서구 석남동,경상사고,0,0,1,0,차대사람 - 기타,안전운전불이행,건조,맑음,단일로 - 기타,승용,여,57세,상해없음,보행자,남,26세,경상
2013031900100407,2013년 3월 19일 19시,화요일,인천광역시 연수구 동춘동,경상사고,0,0,1,0,차대차 - 정면충돌,중앙선침범,건조,맑음,단일로 - 기타,승용,남,54세,상해없음,화물,남,27세,경상
2013031900100408,2013년 3월 19일 19시,화요일,인천광역시 연수구 청학동,경상사고,0,0,1,0,차대차 - 측면직각충돌,안전거리미확보,건조,맑음,단일로 - 기타,승용,여,39세,상해없음,승용,남,33세,경상
2013031900100433,2013년 3월 19일 20시,화요일,인천광역시 남구 주안동,경상사고,0,0,1,0,차대차 - 측면직각충돌,안전운전불이행,건조,맑음,교차로 - 교차로부근,승용,남,42세,상해없음,승용,남,34세,경상
2013031900100434,2013년 3월 19일 20시,화요일,인천광역시 계양구 작전동,중상사고,0,1,0,0,차대사람 - 길가장자리구역통행중,안전운전불이행,건조,맑음,교차로 - 교차로안,승합,남,25세,상해없음,보행자,남,54세,중상
2013031900100435,2013년 3월 19일 20시,화요일,인천광역시 연수구 연수동,중상사고,0,1,0,0,차대차 - 측면직각충돌,신호위반,건조,맑음,교차로 - 교차로안,승용,남,55세,상해없음,원동기,남,39세,중상
2013031900100456,2013년 3월 19일 21시,화요일,인천광역시 남동구 장수동,경상사고,0,0,1,0,차대차 - 추돌 - 진행중,안전거리미확보,건조,흐림,단일로 - 기타,승용,남,45세,상해없음,승용,여,58세,경상
2013031900100483,2013년 3월 19일 22시,화요일,인천광역시 중구 운서동,경상사고,0,0,1,0,차대차 - 추돌 - 진행중,안전운전불이행,건조,맑음,교차로 - 교차로부근,승용,남,21세,상해없음,승용,여,57세,경상
2013031900100484,2013년 3월 19일 22시,화요일,인천광역시 남동구 구월동,경상사고,0,0,1,0,차대차 - 기타,안전운전불이행,건조,맑음,단일로 - 기타,승용,남,44세,상해없음,승용,남,28세,기타불명
2013031900100486,2013년 3월 19일 22시,화요일,인천광역시 서구 석남동,경상사고,0,0,1,0,차대차 - 측면직각충돌,안전운전불이행,건조,맑음,단일로 - 기타,승용,남,39세,상해없음,승용,남,49세,경상
2013032000100029,2013년 3월 20일 01시,수요일,인천광역시 연수구 송도동,경상사고,0,0,1,0,차대차 - 기타,안전운전불이행,건조,맑음,단일로 - 기타,승용,남,30세,상해없음,승용,남,39세,기타불명
2013032000100030,2013년 3월 20일 01시,수요일,인천광역시 연수구 연수동,경상사고,0,0,1,0,차대사람 - 횡단중,보행자보호의무위반,건조,맑음,교차로 - 교차로안,승용,기타불명,기타불명,기타불명,보행자,남,29세,경상
2013032000100049,2013년 3월 20일 02시,수요일,인천광역시 서구 신현동,중상사고,0,1,0,1,차대차 - 기타,신호위반,건조,맑음,교차로 - 교차로안,승용,남,32세,부상신고,승용,남,43세,중상
2013032000100098,2013년 3월 20일 06시,수요일,인천광역시 부평구 십정동,경상사고,0,0,1,0,차대차 - 기타,안전운전불이행,건조,맑음,단일로 - 기타,승용,남,51세,상해없음,승합,남,59세,경상
2013032000100099,2013년 3월 20일 06시,수요일,인천광역시 연수구 송도동,경상사고,0,0,1,0,차대사람 - 횡단중,안전운전불이행,건조,맑음,교차로 - 교차로안,승용,여,38세,상해없음,보행자,남,75세,경상
2013032000100119,2013년 3월 20일 07시,수요일,인천광역시 부평구 십정동,경상사고,0,0,1,0,차대차 - 측면직각충돌,안전운전불이행,건조,맑음,단일로 - 기타,승용,남,56세,상해없음,승용,남,36세,경상
2013032000100120,2013년 3월 20일 07시,수요일,인천광역시 서구 백석동,경상사고,0,0,1,0,차대사람 - 기타,안전운전불이행,건조,맑음,단일로 - 기타,승용,남,59세,상해없음,보행자,여,17세,경상
2013032000100121,2013년 3월 20일 07시,수요일,인천광역시 서구 당하동,경상사고,0,0,1,0,차대차 - 기타,안전운전불이행,건조,맑음,단일로 - 기타,승용,남,48세,상해없음,승용,남,37세,경상
2013032000100122,2013년 3월 20일 07시,수요일,인천광역시 부평구 부평동,중상사고,0,1,0,0,차대차 - 정면충돌,중앙선침범,건조,맑음,단일로 - 기타,승용,남,34세,상해없음,승용,남,39세,중상
2013032000100154,2013년 3월 20일 08시,수요일,인천광역시 서구 가좌동,경상사고,0,0,1,0,차대차 - 기타,안전거리미확보,건조,흐림,단일로 - 기타,화물,남,59세,상해없음,승용,남,24세,경상
2013032000100155,2013년 3월 20일 08시,수요일,인천광역시 계양구 작전동,경상사고,0,0,1,0,차대차 - 측면직각충돌,안전운전불이행,건조,맑음,단일로 - 기타,화물,남,43세,상해없음,자전거,남,43세,경상
2013032000100231,2013년 3월 20일 11시,수요일,인천광역시 남동구 만수동,중상사고,0,4,1,0,차대차 - 기타,교차로운행방법위반,건조,맑음,교차로 - 교차로안,승용,남,52세,상해없음,승합,남,52세,상해없음
2013032000100254,2013년 3월 20일 12시,수요일,인천광역시 남동구 만수동,중상사고,0,1,0,0,차대차 - 기타,안전운전불이행,건조,맑음,교차로 - 교차로안,승용,여,37세,상해없음,기타불명,여,66세,중상
2013032000100281,2013년 3월 20일 13시,수요일,인천광역시 동구 송림동,사망사고,1,0,0,0,차대차 - 측면직각충돌,직진우회전진행방해,건조,맑음,교차로 - 교차로안,화물,남,30세,상해없음,이륜,남,56세,사망
2013032000100342,2013년 3월 20일 15시,수요일,인천광역시 부평구 부평동,경상사고,0,0,1,0,차대사람 - 횡단중,안전운전불이행,건조,맑음,단일로 - 기타,화물,남,53세,상해없음,보행자,여,36세,경상
2013032000100343,2013년 3월 20일 15시,수요일,인천광역시 남동구 남촌동,경상사고,0,0,1,0,차대차 - 측면직각충돌,안전운전불이행,건조,맑음,단일로 - 기타,승합,남,48세,상해없음,화물,남,45세,경상
2013032000100369,2013년 3월 20일 16시,수요일,인천광역시 서구 원창동,경상사고,0,0,1,0,차대차 - 측면직각충돌,안전운전불이행,건조,맑음,단일로 - 기타,승용,여,48세,상해없음,승용,남,41세,경상
2013032000100505,2013년 3월 20일 20시,수요일,인천광역시 남구 도화동,중상사고,0,1,0,0,차대차 - 기타,안전운전불이행,건조,맑음,단일로 - 횡단보도상,승용,남,28세,상해없음,자전거,남,9세,중상
2013032000100506,2013년 3월 20일 20시,수요일,인천광역시 남동구 논현동,중상사고,0,1,0,0,차대사람 - 횡단중,안전운전불이행,건조,맑음,단일로 - 기타,승용,남,24세,상해없음,보행자,남,43세,중상
2013032000100507,2013년 3월 20일 20시,수요일,인천광역시 서구 가정동,경상사고,0,0,1,0,차대차 - 추돌 - 진행중,안전운전불이행,건조,맑음,단일로 - 기타,승용,남,31세,상해없음,승합,남,33세,경상
2013032100100020,2013년 3월 21일 00시,목요일,인천광역시 남구 주안동,경상사고,0,0,1,0,차대차 - 추돌 - 진행중,교차로운행방법위반,건조,맑음,교차로 - 교차로안,승용,남,29세,상해없음,승용,남,53세,상해없음
2013032100100032,2013년 3월 21일 01시,목요일,인천광역시 남동구 간석동,경상사고,0,0,5,0,차대차 - 추돌 - 주정차중,안전운전불이행,건조,맑음,교차로 - 교차로부근,승용,남,44세,상해없음,승용,남,53세,경상
2013032100100033,2013년 3월 21일 01시,목요일,인천광역시 남동구 구월동,경상사고,0,0,1,0,차대차 - 추돌 - 주정차중,안전운전불이행,건조,맑음,단일로 - 기타,승용,남,25세,상해없음,승용,남,41세,경상
2013032100100045,2013년 3월 21일 02시,목요일,인천광역시 서구 당하동,중상사고,0,1,0,0,차량단독 - 전도전복,안전운전불이행,건조,맑음,단일로 - 기타,승용,남,30세,중상,,,,
2013032100100061,2013년 3월 21일 04시,목요일,인천광역시 남구 주안동,중상사고,0,1,0,1,차대차 - 측면직각충돌,교차로운행방법위반,건조,맑음,교차로 - 교차로안,승용,여,43세,상해없음,원동기,남,31세,중상
2013032100100062,2013년 3월 21일 04시,목요일,인천광역시 남동구 만수동,경상사고,0,0,1,0,차대차 - 추돌 - 주정차중,안전운전불이행,건조,맑음,단일로 - 기타,승용,남,23세,상해없음,승용,남,31세,기타불명
2013032100100073,2013년 3월 21일 05시,목요일,인천광역시 부평구 부평동,경상사고,0,0,1,0,차대차 - 측면직각충돌,교차로운행방법위반,건조,맑음,단일로 - 기타,화물,남,52세,상해없음,승용,남,58세,경상
2013032100100074,2013년 3월 21일 05시,목요일,인천광역시 계양구 작전동,중상사고,0,1,0,0,차대차 - 정면충돌,신호위반,건조,맑음,교차로 - 교차로안,승용,남,59세,상해없음,승용,남,57세,중상
2013032100100089,2013년 3월 21일 06시,목요일,인천광역시 계양구 계산동,중상사고,0,1,4,0,차대차 - 측면직각충돌,신호위반,건조,맑음,교차로 - 교차로부근,승용,남,53세,상해없음,승용,남,33세,중상
2013032100100166,2013년 3월 21일 08시,목요일,인천광역시 남동구 만수동,중상사고,0,2,0,0,차대사람 - 기타,안전운전불이행,건조,맑음,교차로 - 교차로안,승용,남,63세,상해없음,보행자,여,29세,중상
2013032100100167,2013년 3월 21일 08시,목요일,인천광역시 연수구 송도동,중상사고,0,5,0,0,차대차 - 측면직각충돌,교차로운행방법위반,건조,맑음,교차로 - 교차로안,건설기계,남,52세,중상,승용,여,33세,중상
2013032100100199,2013년 3월 21일 09시,목요일,인천광역시 중구 운서동,경상사고,0,0,1,0,차대사람 - 횡단중,보행자보호의무위반,건조,맑음,교차로 - 교차로안,화물,남,42세,상해없음,보행자,남,42세,경상
2013032100100200,2013년 3월 21일 09시,목요일,인천광역시 남구 숭의동,중상사고,0,1,1,0,차대차 - 추돌 - 진행중,안전운전불이행,건조,맑음,단일로 - 기타,승용,남,59세,경상,승용,남,73세,중상
2013032100100201,2013년 3월 21일 09시,목요일,인천광역시 계양구 상야동,중상사고,0,2,0,0,차대차 - 측면직각충돌,안전운전불이행,건조,맑음,교차로 - 교차로부근,화물,남,44세,상해없음,승용,여,42세,중상
2013032100100231,2013년 3월 21일 10시,목요일,인천광역시 계양구 계산동,중상사고,0,1,0,0,차대사람 - 차도통행중,안전운전불이행,건조,맑음,교차로 - 교차로안,승용,남,56세,상해없음,보행자,남,39세,중상
2013032100100274,2013년 3월 21일 12시,목요일,인천광역시 연수구 동춘동,중상사고,0,1,0,0,차대사람 - 기타,안전운전불이행,건조,맑음,교차로 - 교차로부근,승합,남,48세,상해없음,보행자,여,80세,중상
2013032100100314,2013년 3월 21일 14시,목요일,인천광역시 중구 인현동,경상사고,0,0,1,0,차대차 - 추돌 - 진행중,안전거리미확보,건조,맑음,단일로 - 기타,승용,남,27세,상해없음,승용,남,43세,상해없음
2013032100100315,2013년 3월 21일 14시,목요일,인천광역시 남동구 구월동,경상사고,0,0,1,0,차대사람 - 기타,보행자보호의무위반,건조,맑음,단일로 - 횡단보도상,승용,여,32세,상해없음,보행자,남,25세,경상
2013032100100376,2013년 3월 21일 16시,목요일,인천광역시 남동구 간석동,경상사고,0,0,2,0,차대차 - 추돌 - 진행중,차로위반,건조,맑음,단일로 - 기타,승용,남,21세,상해없음,화물,남,23세,경상
2013032100100377,2013년 3월 21일 16시,목요일,인천광역시 서구 당하동,중상사고,0,1,0,0,차대사람 - 기타,신호위반,건조,맑음,단일로 - 기타,승용,여,33세,상해없음,보행자,남,8세,중상
2013032100100400,2013년 3월 21일 17시,목요일,인천광역시 중구 항동7가,경상사고,0,0,1,0,차대사람 - 횡단중,보행자보호의무위반,건조,맑음,교차로 - 교차로부근,원동기,남,52세,상해없음,보행자,여,7세,경상
2013032100100517,2013년 3월 21일 20시,목요일,인천광역시 서구 검암동,중상사고,0,2,0,0,차량단독 - 공작물충돌,안전운전불이행,건조,맑음,단일로 - 기타,화물,남,62세,상해없음,,,,
2013032100100544,2013년 3월 21일 21시,목요일,인천광역시 남구 주안동,경상사고,0,0,4,0,차대차 - 추돌 - 진행중,안전운전불이행,건조,맑음,기타 - 기타,승용,남,49세,경상,승용,남,31세,경상
2013032100100545,2013년 3월 21일 21시,목요일,인천광역시 남구 주안동,중상사고,0,4,0,0,차대차 - 추돌 - 주정차중,안전운전불이행,건조,맑음,기타 - 기타,승용,남,48세,상해없음,승합,남,49세,중상
2013032100100575,2013년 3월 21일 22시,목요일,인천광역시 서구 경서동,부상신고사고,0,0,0,1,차대차 - 기타,안전운전불이행,건조,맑음,단일로 - 기타,승용,남,40세,부상신고,승합,남,34세,기타불명
2013032100100576,2013년 3월 21일 22시,목요일,인천광역시 서구 가좌동,경상사고,0,0,1,0,차대차 - 추돌 - 진행중,안전운전불이행,건조,맑음,단일로 - 기타,승용,남,51세,상해없음,승용,남,56세,경상
2013032100100577,2013년 3월 21일 22시,목요일,인천광역시 계양구 서운동,경상사고,0,0,1,0,차대차 - 정면충돌,중앙선침범,건조,맑음,단일로 - 횡단보도부근,승용,남,33세,상해없음,승합,남,58세,경상
2013032200100056,2013년 3월 22일 02시,금요일,인천광역시 남동구 논현동,중상사고,0,1,0,0,차대차 - 측면직각충돌,교차로운행방법위반,건조,맑음,교차로 - 교차로안,승용,남,39세,상해없음,승용,남,32세,중상
2013032200100078,2013년 3월 22일 04시,금요일,인천광역시 남동구 논현동,경상사고,0,0,2,0,차대차 - 추돌 - 주정차중,안전운전불이행,건조,기타,단일로 - 기타,승용,남,27세,상해없음,특수,남,32세,상해없음
2013032200100087,2013년 3월 22일 05시,금요일,인천광역시 남구 주안동,사망사고,2,0,0,0,차대차 - 기타,안전운전불이행,건조,맑음,단일로 - 기타,화물,남,62세,상해없음,승용,남,60세,상해없음
2013032200100124,2013년 3월 22일 07시,금요일,인천광역시 동구 송현동,경상사고,0,0,1,0,차대차 - 측면직각충돌,안전운전불이행,건조,맑음,교차로 - 교차로부근,승용,남,46세,상해없음,자전거,남,55세,경상
2013032200100163,2013년 3월 22일 08시,금요일,인천광역시 연수구 동춘동,경상사고,0,0,1,0,차대차 - 측면직각충돌,안전운전불이행,건조,맑음,교차로 - 교차로안,승용,여,52세,상해없음,자전거,남,13세,경상
2013032200100239,2013년 3월 22일 11시,금요일,인천광역시 남구 문학동,경상사고,0,0,1,0,차대차 - 기타,안전운전불이행,건조,맑음,단일로 - 기타,승합,남,55세,상해없음,승용,남,47세,경상
2013032200100240,2013년 3월 22일 11시,금요일,인천광역시 남동구 장수동,중상사고,0,3,3,0,차대차 - 추돌 - 주정차중,안전운전불이행,건조,맑음,단일로 - 기타,건설기계,남,51세,상해없음,승용,남,26세,중상
2013032200100257,2013년 3월 22일 12시,금요일,인천광역시 계양구 작전동,중상사고,0,1,0,0,차대차 - 측면직각충돌,안전운전불이행,건조,맑음,교차로 - 교차로안,승용,남,52세,상해없음,승합,남,53세,중상
2013032200100303,2013년 3월 22일 14시,금요일,인천광역시 부평구 청천동,중상사고,0,1,0,0,차대사람 - 기타,안전운전불이행,건조,맑음,교차로 - 교차로부근,승용,여,46세,기타불명,보행자,여,7세,중상
2013032200100326,2013년 3월 22일 15시,금요일,인천광역시 동구 송림동,부상신고사고,0,0,0,1,차대사람 - 길가장자리구역통행중,안전운전불이행,건조,맑음,단일로 - 기타,승용,기타불명,기타불명,기타불명,보행자,여,47세,부상신고
2013032200100353,2013년 3월 22일 16시,금요일,인천광역시 남구 도화동,경상사고,0,0,2,0,차대사람 - 횡단중,신호위반,건조,맑음,단일로 - 횡단보도상,원동기,남,16세,상해없음,보행자,남,9세,경상
2013032200100354,2013년 3월 22일 16시,금요일,인천광역시 남동구 만수동,중상사고,0,1,0,0,차대사람 - 기타,안전운전불이행,건조,흐림,단일로 - 기타,승합,여,54세,상해없음,보행자,남,7세,중상
2013032200100355,2013년 3월 22일 16시,금요일,인천광역시 남동구 만수동,경상사고,0,0,1,0,차대사람 - 길가장자리구역통행중,안전운전불이행,건조,맑음,단일로 - 기타,승용,여,54세,상해없음,보행자,여,12세,경상
2013032200100356,2013년 3월 22일 16시,금요일,인천광역시 남동구 간석동,부상신고사고,0,0,0,1,차대차 - 기타,불법유턴,건조,맑음,단일로 - 기타,승용,남,43세,부상신고,화물,남,32세,상해없음
2013032200100357,2013년 3월 22일 16시,금요일,인천광역시 서구 심곡동,경상사고,0,0,1,0,차대차 - 기타,안전운전불이행,건조,맑음,교차로 - 교차로부근,승용,남,48세,상해없음,승용,여,41세,경상
2013032200100358,2013년 3월 22일 16시,금요일,인천광역시 강화군 강화읍,중상사고,0,1,0,0,차대사람 - 횡단중,보행자보호의무위반,건조,맑음,교차로 - 교차로안,승합,남,52세,상해없음,보행자,여,29세,중상
2013032200100359,2013년 3월 22일 16시,금요일,인천광역시 연수구 송도동,경상사고,0,0,1,0,차대차 - 측면직각충돌,교차로운행방법위반,건조,맑음,교차로 - 교차로안,승용,남,46세,상해없음,승용,여,40세,경상