사고번호,사고일시,요일,시군구,사고내용,사망자수,중상자수,경상자수,부상신고자수,사고유형,법규위반,노면상태,기상상태,도로형태,가해운전자 차종,가해운전자 성별,가해운전자 연령,가해운전자 상해정도,피해운전자 차종,피해운전자 성별,피해운전자 연령,피해운전자 상해정도
2013032200100397,2013년 3월 22일 17시,금요일,인천광역시 동구 금곡동,중상사고,0,1,0,0,차대사람 - 횡단중,안전운전불이행,건조,맑음,단일로 - 기타,승용,남,46세,상해없음,보행자,남,4세,중상
2013032200100398,2013년 3월 22일 17시,금요일,인천광역시 남동구 구월동,경상사고,0,0,1,0,차대사람 - 기타,안전거리미확보,건조,맑음,단일로 - 기타,승용,여,44세,상해없음,보행자,남,72세,경상
2013032200100436,2013년 3월 22일 18시,금요일,인천광역시 연수구 연수동,경상사고,0,0,1,0,차대차 - 추돌 - 주정차중,안전운전불이행,건조,맑음,교차로 - 교차로부근,승용,남,53세,상해없음,승용,여,30세,경상
2013032200100478,2013년 3월 22일 19시,금요일,인천광역시 부평구 십정동,경상사고,0,0,1,0,차대사람 - 횡단중,보행자보호의무위반,건조,맑음,단일로 - 횡단보도상,승용,남,29세,상해없음,보행자,여,31세,경상
2013032200100559,2013년 3월 22일 21시,금요일,인천광역시 남동구 구월동,경상사고,0,0,3,0,차대차 - 추돌 - 진행중,안전운전불이행,건조,맑음,교차로 - 교차로부근,승용,남,56세,상해없음,승용,남,52세,상해없음
2013032200100597,2013년 3월 22일 22시,금요일,인천광역시 남구 주안동,중상사고,0,1,0,0,차대차 - 기타,안전운전불이행,건조,맑음,교차로 - 교차로안,승용,남,55세,상해없음,이륜,남,36세,중상
2013032200100598,2013년 3월 22일 22시,금요일,인천광역시 남동구 논현동,경상사고,0,0,1,0,차대차 - 추돌 - 진행중,교차로운행방법위반,건조,맑음,교차로 - 교차로안,승용,여,50세,상해없음,이륜,남,21세,경상
2013032200100599,2013년 3월 22일 22시,금요일,인천광역시 서구 석남동,경상사고,0,0,1,0,차대차 - 기타,신호위반,건조,맑음,교차로 - 교차로안,승용,남,53세,상해없음,승용,남,28세,경상
2013032300100022,2013년 3월 23일 00시,토요일,인천광역시 중구 운서동,중상사고,0,1,1,0,차대차 - 추돌 - 진행중,안전운전불이행,건조,기타,단일로 - 기타,승용,남,46세,상해없음,승용,남,49세,경상
2013032300100023,2013년 3월 23일 00시,토요일,인천광역시 남구 숭의동,경상사고,0,0,1,0,차대차 - 기타,안전운전불이행,건조,맑음,단일로 - 기타,기타불명,기타불명,기타불명,기타불명,승용,남,52세,상해없음
2013032300100024,2013년 3월 23일 00시,토요일,인천광역시 서구 경서동,경상사고,0,0,5,0,차대차 - 측면직각충돌,신호위반,건조,맑음,교차로 - 교차로안,승용,남,45세,경상,승용,남,39세,경상
2013032300100025,2013년 3월 23일 00시,토요일,인천광역시 서구 공촌동,중상사고,0,1,1,0,차대차 - 기타,중앙선침범,건조,맑음,단일로 - 기타,이륜,남,35세,중상,승용,남,43세,경상
2013032300100026,2013년 3월 23일 00시,토요일,인천광역시 계양구 효성동,중상사고,0,1,0,0,차대사람 - 횡단중,안전운전불이행,건조,맑음,단일로 - 기타,승용,남,19세,상해없음,보행자,남,49세,중상
2013032300100062,2013년 3월 23일 01시,토요일,인천광역시 남구 주안동,경상사고,0,0,1,1,차대차 - 측면직각충돌,안전거리미확보,건조,맑음,단일로 - 기타,승용,남,51세,부상신고,승용,남,31세,경상
2013032300100080,2013년 3월 23일 02시,토요일,인천광역시 남동구 논현동,중상사고,0,1,1,0,차대차 - 측면직각충돌,신호위반,건조,맑음,교차로 - 교차로안,승용,남,35세,상해없음,승용,남,44세,상해없음
2013032300100096,2013년 3월 23일 03시,토요일,인천광역시 중구 송월동3가,중상사고,0,1,0,0,차대차 - 측면직각충돌,중앙선침범,건조,맑음,교차로 - 교차로안,승용,남,40세,상해없음,승용,남,32세,상해없음
2013032300100097,2013년 3월 23일 03시,토요일,인천광역시 남구 문학동,중상사고,0,1,0,0,차대사람 - 기타,안전운전불이행,건조,맑음,단일로 - 기타,승용,여,24세,상해없음,보행자,남,30세,중상
2013032300100112,2013년 3월 23일 04시,토요일,인천광역시 계양구 계산동,경상사고,0,0,5,0,차대차 - 기타,안전운전불이행,건조,맑음,단일로 - 기타,화물,남,15세,상해없음,승합,남,48세,경상
2013032300100128,2013년 3월 23일 05시,토요일,인천광역시 서구 가정동,경상사고,0,0,2,0,차대차 - 추돌 - 주정차중,기타,건조,맑음,단일로 - 횡단보도부근,승용,남,30세,기타불명,승용,남,60세,경상
2013032300100145,2013년 3월 23일 06시,토요일,인천광역시 계양구 용종동,중상사고,0,1,0,0,차대차 - 추돌 - 진행중,안전운전불이행,건조,맑음,기타 - 기타,승용,남,28세,상해없음,승용,남,53세,중상
2013032300100160,2013년 3월 23일 07시,토요일,인천광역시 계양구 용종동,중상사고,0,1,1,0,차대차 - 추돌 - 주정차중,안전운전불이행,건조,맑음,교차로 - 교차로부근,승용,남,32세,상해없음,승용,남,56세,중상
2013032300100182,2013년 3월 23일 08시,토요일,인천광역시 남구 주안동,경상사고,0,0,1,0,차대차 - 측면직각충돌,안전거리미확보,건조,맑음,단일로 - 기타,기타불명,기타불명,기타불명,기타불명,승용,여,54세,경상
2013032300100209,2013년 3월 23일 09시,토요일,인천광역시 서구 석남동,경상사고,0,0,1,0,차대차 - 추돌 - 진행중,안전거리미확보,건조,맑음,교차로 - 교차로부근,승용,남,55세,상해없음,승용,여,38세,경상
2013032300100231,2013년 3월 23일 10시,토요일,인천광역시 남동구 만수동,경상사고,0,0,3,0,차대차 - 측면직각충돌,안전운전불이행,건조,맑음,교차로 - 교차로부근,승용,남,31세,상해없음,승용,남,37세,경상
2013032300100257,2013년 3월 23일 11시,토요일,인천광역시 서구 석남동,경상사고,0,0,1,0,차대차 - 추돌 - 진행중,안전거리미확보,건조,맑음,단일로 - 기타,화물,남,46세,상해없음,승합,남,37세,경상
2013032300100290,2013년 3월 23일 12시,토요일,인천광역시 연수구 선학동,중상사고,0,1,0,0,차대사람 - 횡단중,안전운전불이행,건조,맑음,단일로 - 기타,승용,여,46세,상해없음,보행자,남,13세,중상
2013032300100323,2013년 3월 23일 13시,토요일,인천광역시 부평구 부평동,중상사고,0,1,0,0,차대사람 - 횡단중,신호위반,건조,맑음,단일로 - 기타,원동기,남,65세,상해없음,보행자,남,25세,중상
2013032300100324,2013년 3월 23일 13시,토요일,인천광역시 연수구 선학동,중상사고,0,2,0,0,차대차 - 측면직각충돌,안전운전불이행,건조,맑음,기타 - 기타,승용,남,55세,상해없음,승용,남,53세,중상
2013032300100360,2013년 3월 23일 14시,토요일,인천광역시 남동구 논현동,경상사고,0,0,1,0,차대차 - 기타,안전운전불이행,건조,맑음,교차로 - 교차로부근,승용,여,53세,상해없음,승용,남,33세,경상
2013032300100392,2013년 3월 23일 15시,토요일,인천광역시 부평구 부평동,경상사고,0,0,5,0,차대차 - 추돌 - 진행중,안전운전불이행,건조,맑음,단일로 - 기타,승합,남,53세,상해없음,화물,남,32세,경상
2013032300100393,2013년 3월 23일 15시,토요일,인천광역시 서구 가정동,중상사고,0,2,1,0,차대차 - 측면직각충돌,안전운전불이행,건조,맑음,기타 - 기타,화물,남,57세,중상,승용,남,53세,경상
2013032300100469,2013년 3월 23일 17시,토요일,인천광역시 연수구 연수동,중상사고,0,1,0,0,차대차 - 기타,중앙선침범,건조,맑음,단일로 - 기타,승용,남,22세,상해없음,이륜,남,17세,중상
2013032300100510,2013년 3월 23일 18시,토요일,인천광역시 서구 가좌동,경상사고,0,0,2,0,차대사람 - 기타,안전운전불이행,건조,맑음,단일로 - 기타,기타불명,기타불명,기타불명,기타불명,보행자,남,38세,경상
2013032300100557,2013년 3월 23일 19시,토요일,인천광역시 남동구 구월동,경상사고,0,0,1,0,차대차 - 측면직각충돌,차로위반,건조,맑음,단일로 - 기타,승용,남,33세,상해없음,승용,남,46세,경상
2013032300100558,2013년 3월 23일 19시,토요일,인천광역시 연수구 옥련동,경상사고,0,0,1,0,차대차 - 기타,안전거리미확보,건조,맑음,단일로 - 기타,승용,남,51세,상해없음,이륜,남,17세,경상
2013032300100587,2013년 3월 23일 20시,토요일,인천광역시 남구 용현동,중상사고,0,1,0,0,차대차 - 정면충돌,안전운전불이행,건조,맑음,교차로 - 교차로안,화물,남,24세,상해없음,이륜,남,33세,중상
2013032300100625,2013년 3월 23일 21시,토요일,인천광역시 서구 연희동,경상사고,0,0,1,0,차대차 - 추돌 - 진행중,안전운전불이행,건조,맑음,단일로 - 기타,승용,남,42세,상해없음,승용,여,41세,경상
2013032300100653,2013년 3월 23일 22시,토요일,인천광역시 남동구 간석동,중상사고,0,1,0,0,차대사람 - 횡단중,안전운전불이행,건조,맑음,교차로 - 교차로안,승용,남,31세,상해없음,보행자,여,52세,중상
2013032300100682,2013년 3월 23일 23시,토요일,인천광역시 남동구 만수동,경상사고,0,0,1,0,차대차 - 추돌 - 진행중,안전운전불이행,건조,맑음,단일로 - 기타,승용,여,29세,상해없음,승용,남,50세,경상
2013032400100018,2013년 3월 24일 00시,일요일,인천광역시 부평구 부평동,경상사고,0,0,1,0,차대차 - 추돌 - 진행중,안전운전불이행,건조,맑음,단일로 - 기타,원동기,남,18세,상해없음,승용,남,53세,경상
2013032400100019,2013년 3월 24일 00시,일요일,인천광역시 부평구 부평동,중상사고,0,1,0,0,차대차 - 기타,안전운전불이행,건조,맑음,단일로 - 기타,승용,남,24세,상해없음,승용,남,49세,기타불명
2013032400100038,2013년 3월 24일 01시,일요일,인천광역시 서구 신현동,경상사고,0,0,2,0,차대차 - 측면직각충돌,안전운전불이행,건조,맑음,단일로 - 기타,승용,남,24세,상해없음,승용,남,52세,경상
2013032400100060,2013년 3월 24일 02시,일요일,인천광역시 계양구 작전동,경상사고,0,0,1,0,차대차 - 측면직각충돌,안전거리미확보,건조,맑음,교차로 - 교차로안,승용,여,44세,상해없음,승용,남,60세,경상
2013032400100153,2013년 3월 24일 09시,일요일,인천광역시 남동구 구월동,중상사고,0,1,0,0,차대차 - 기타,안전운전불이행,건조,맑음,교차로 - 교차로부근,화물,남,44세,상해없음,자전거,남,69세,중상
2013032400100154,2013년 3월 24일 09시,일요일,인천광역시 남동구 논현동,중상사고,0,1,0,0,차대사람 - 기타,안전운전불이행,건조,맑음,교차로 - 교차로안,승용,남,40세,상해없음,보행자,남,40세,중상
2013032400100274,2013년 3월 24일 15시,일요일,인천광역시 남구 주안동,경상사고,0,0,3,0,차대차 - 추돌 - 주정차중,안전운전불이행,건조,맑음,단일로 - 기타,승용,여,46세,상해없음,승용,여,47세,경상
2013032400100307,2013년 3월 24일 16시,일요일,인천광역시 남동구 구월동,중상사고,0,1,0,0,차대사람 - 횡단중,안전운전불이행,건조,맑음,교차로 - 교차로부근,승용,남,54세,상해없음,보행자,남,12세,중상
2013032400100325,2013년 3월 24일 17시,일요일,인천광역시 부평구 십정동,경상사고,0,0,1,1,차대차 - 측면직각충돌,신호위반,건조,맑음,교차로 - 교차로안,승용,여,35세,부상신고,승용,여,53세,경상
2013032400100326,2013년 3월 24일 17시,일요일,인천광역시 부평구 부평동,중상사고,0,1,0,0,차량단독 - 기타,기타,건조,맑음,단일로 - 기타,승합,남,53세,상해없음,,,,
2013032400100355,2013년 3월 24일 18시,일요일,인천광역시 동구 송현동,경상사고,0,0,2,0,차대차 - 추돌 - 진행중,안전운전불이행,건조,맑음,교차로 - 교차로안,승용,남,50세,상해없음,승용,남,50세,경상
2013032400100356,2013년 3월 24일 18시,일요일,인천광역시 남동구 논현동,경상사고,0,0,1,0,차대차 - 측면직각충돌,안전거리미확보,건조,맑음,교차로 - 교차로부근,승용,여,40세,상해없음,승용,남,37세,상해없음
2013032400100357,2013년 3월 24일 18시,일요일,인천광역시 강화군 강화읍,사망사고,1,0,0,0,차대사람 - 횡단중,안전운전불이행,건조,맑음,단일로 - 기타,화물,남,45세,상해없음,보행자,여,83세,사망
2013032400100388,2013년 3월 24일 19시,일요일,인천광역시 중구 송월동1가,경상사고,0,0,3,0,차대차 - 추돌 - 주정차중,중앙선침범,건조,맑음,교차로 - 교차로안,승용,남,44세,상해없음,승용,여,26세,경상
2013032400100389,2013년 3월 24일 19시,일요일,인천광역시 남구 숭의동,중상사고,0,1,0,0,차대사람 - 횡단중,안전운전불이행,건조,맑음,단일로 - 기타,승용,남,39세,상해없음,보행자,여,72세,중상
2013032400100390,2013년 3월 24일 19시,일요일,인천광역시 남동구 구월동,중상사고,0,1,0,0,차대차 - 정면충돌,교차로운행방법위반,건조,맑음,교차로 - 교차로안,승용,남,52세,상해없음,이륜,남,35세,중상
2013032400100450,2013년 3월 24일 21시,일요일,인천광역시 남구 숭의동,경상사고,0,0,2,0,차대차 - 측면직각충돌,신호위반,건조,맑음,교차로 - 교차로안,승용,남,37세,상해없음,승용,남,60세,경상
2013032400100473,2013년 3월 24일 22시,일요일,인천광역시 남동구 논현동,중상사고,0,1,0,0,차대차 - 측면직각충돌,안전운전불이행,건조,맑음,단일로 - 기타,이륜,남,16세,상해없음,승합,남,49세,상해없음
2013032500100011,2013년 3월 25일 00시,월요일,인천광역시 연수구 연수동,중상사고,0,2,0,0,차대차 - 추돌 - 주정차중,안전운전불이행,건조,맑음,단일로 - 기타,승용,남,37세,상해없음,승용,남,22세,중상
2013032500100041,2013년 3월 25일 05시,월요일,인천광역시 서구 가좌동,중상사고,0,2,1,0,차대차 - 측면직각충돌,차로위반,건조,맑음,단일로 - 기타,화물,남,22세,상해없음,승용,남,51세,중상
2013032500100115,2013년 3월 25일 08시,월요일,인천광역시 부평구 일신동,경상사고,0,0,1,0,차대차 - 측면직각충돌,안전운전불이행,건조,맑음,교차로 - 교차로부근,기타불명,기타불명,기타불명,기타불명,자전거,남,13세,경상
2013032500100141,2013년 3월 25일 09시,월요일,인천광역시 남동구 구월동,중상사고,0,2,0,0,차대차 - 측면직각충돌,안전거리미확보,건조,맑음,단일로 - 기타,승용,남,32세,상해없음,승용,남,56세,중상
2013032500100202,2013년 3월 25일 11시,월요일,인천광역시 남구 학익동,경상사고,0,0,1,0,차대차 - 기타,안전운전불이행,건조,맑음,교차로 - 교차로안,승용,기타불명,기타불명,기타불명,승용,남,56세,상해없음
2013032500100299,2013년 3월 25일 14시,월요일,인천광역시 부평구 청천동,경상사고,0,0,1,0,차대차 - 기타,교차로운행방법위반,건조,맑음,교차로 - 교차로안,승용,여,59세,상해없음,승합,남,51세,경상
2013032500100300,2013년 3월 25일 14시,월요일,인천광역시 남동구 만수동,중상사고,0,1,0,0,차대차 - 추돌 - 진행중,안전운전불이행,건조,맑음,교차로 - 교차로안,자전거,남,78세,중상,승용,남,33세,상해없음
2013032500100301,2013년 3월 25일 14시,월요일,인천광역시 서구 가좌동,경상사고,0,0,1,0,차대차 - 기타,신호위반,건조,맑음,기타 - 기타,이륜,남,44세,상해없음,승합,남,56세,상해없음
2013032500100368,2013년 3월 25일 16시,월요일,인천광역시 서구 심곡동,경상사고,0,0,1,0,차대사람 - 기타,안전운전불이행,건조,맑음,기타 - 기타,승용,남,47세,상해없음,보행자,남,71세,경상
2013032500100369,2013년 3월 25일 16시,월요일,인천광역시 연수구 옥련동,중상사고,0,1,0,0,차대차 - 추돌 - 주정차중,안전운전불이행,건조,맑음,단일로 - 기타,승합,남,58세,상해없음,승용,남,33세,중상
2013032500100435,2013년 3월 25일 18시,월요일,인천광역시 중구 항동4가,경상사고,0,0,1,0,차대차 - 측면직각충돌,신호위반,건조,맑음,교차로 - 교차로안,화물,남,67세,상해없음,화물,남,37세,경상
2013032500100436,2013년 3월 25일 18시,월요일,인천광역시 서구 가좌동,경상사고,0,0,1,0,차대차 - 기타,안전운전불이행,건조,맑음,교차로 - 교차로안,승용,남,54세,상해없음,이륜,남,38세,경상
2013032500100467,2013년 3월 25일 19시,월요일,인천광역시 동구 화평동,경상사고,0,0,1,0,차대사람 - 차도통행중,안전운전불이행,건조,맑음,단일로 - 기타,승용,여,31세,상해없음,보행자,여,50세,경상
2013032500100494,2013년 3월 25일 20시,월요일,인천광역시 부평구 십정동,경상사고,0,0,1,0,차대차 - 기타,교차로운행방법위반,건조,맑음,교차로 - 교차로안,승용,여,47세,상해없음,승용,여,39세,상해없음
2013032500100495,2013년 3월 25일 20시,월요일,인천광역시 남동구 구월동,중상사고,0,1,0,0,차량단독 - 기타,안전운전불이행,건조,맑음,단일로 - 기타,승합,남,72세,기타불명,,,,
2013032500100550,2013년 3월 25일 22시,월요일,인천광역시 부평구 청천동,경상사고,0,0,1,0,차대사람 - 기타,안전운전불이행,건조,맑음,단일로 - 기타,승용,남,53세,상해없음,보행자,남,34세,경상
2013032500100551,2013년 3월 25일 22시,월요일,인천광역시 서구 당하동,경상사고,0,0,1,0,차대차 - 추돌 - 진행중,안전운전불이행,건조,맑음,단일로 - 기타,승용,남,32세,상해없음,승용,남,46세,경상
2013032500100572,2013년 3월 25일 23시,월요일,인천광역시 부평구 삼산동,경상사고,0,0,1,0,차대사람 - 기타,안전운전불이행,건조,맑음,단일로 - 기타,승합,남,44세,상해없음,보행자,여,23세,경상
2013032600100029,2013년 3월 26일 01시,화요일,인천광역시 남동구 간석동,중상사고,0,1,0,0,차대사람 - 횡단중,안전운전불이행,건조,맑음,단일로 - 기타,승용,남,39세,상해없음,보행자,여,42세,중상
2013032600100030,2013년 3월 26일 01시,화요일,인천광역시 남동구 간석동,경상사고,0,0,1,0,차대차 - 기타,안전운전불이행,건조,맑음,단일로 - 기타,승용,기타불명,기타불명,기타불명,승용,남,26세,경상
2013032600100041,2013년 3월 26일 02시,화요일,인천광역시 남구 주안동,경상사고,0,0,2,0,차대차 - 추돌 - 주정차중,안전운전불이행,건조,맑음,교차로 - 교차로부근,승용,남,30세,상해없음,승용,남,46세,경상
2013032600100065,2013년 3월 26일 05시,화요일,인천광역시 중구 신흥동3가,경상사고,0,0,2,0,차대차 - 측면직각충돌,차로위반,건조,맑음,단일로 - 기타,화물,남,41세,상해없음,승합,남,50세,경상
2013032600100080,2013년 3월 26일 06시,화요일,인천광역시 서구 연희동,경상사고,0,0,2,0,차대차 - 측면직각충돌,중앙선침범,건조,맑음,단일로 - 기타,승용,남,36세,상해없음,승용,남,50세,경상
2013032600100103,2013년 3월 26일 07시,화요일,인천광역시 남구 도화동,중상사고,0,1,0,0,차대사람 - 횡단중,신호위반,건조,맑음,교차로 - 교차로안,승용,남,62세,상해없음,보행자,남,55세,중상
2013032600100135,2013년 3월 26일 08시,화요일,인천광역시 서구 가좌동,중상사고,0,1,0,0,차대사람 - 횡단중,안전운전불이행,건조,맑음,단일로 - 기타,승용,남,55세,상해없음,보행자,남,21세,중상
2013032600100169,2013년 3월 26일 09시,화요일,인천광역시 남동구 구월동,중상사고,0,1,0,0,차대사람 - 횡단중,보행자보호의무위반,건조,맑음,단일로 - 횡단보도상,승용,남,43세,상해없음,보행자,남,72세,중상
2013032600100194,2013년 3월 26일 10시,화요일,인천광역시 남구 주안동,중상사고,0,1,0,0,차량단독 - 기타,안전운전불이행,건조,맑음,단일로 - 기타,승합,남,52세,상해없음,,,,
2013032600100217,2013년 3월 26일 11시,화요일,인천광역시 서구 가정동,중상사고,0,2,0,0,차대차 - 기타,교차로운행방법위반,건조,맑음,교차로 - 교차로안,승용,남,31세,중상,화물,남,61세,중상
2013032600100239,2013년 3월 26일 12시,화요일,인천광역시 남동구 만수동,경상사고,0,0,3,0,차대차 - 측면직각충돌,안전거리미확보,건조,맑음,단일로 - 기타,승용,남,38세,상해없음,승용,여,34세,경상
2013032600100240,2013년 3월 26일 12시,화요일,인천광역시 부평구 부평동,중상사고,0,1,0,0,차대사람 - 횡단중,안전운전불이행,건조,맑음,교차로 - 교차로안,이륜,남,19세,상해없음,보행자,여,54세,중상
2013032600100303,2013년 3월 26일 15시,화요일,인천광역시 부평구 부평동,경상사고,0,0,1,0,차대사람 - 횡단중,안전운전불이행,건조,맑음,기타 - 기타,화물,남,52세,상해없음,보행자,여,40세,경상
2013032600100328,2013년 3월 26일 16시,화요일,인천광역시 남동구 간석동,중상사고,0,1,0,0,차대차 - 측면직각충돌,차로위반,건조,맑음,단일로 - 기타,승용,여,58세,상해없음,이륜,남,18세,상해없음
2013032600100361,2013년 3월 26일 17시,화요일,인천광역시 남구 주안동,경상사고,0,0,1,1,차대차 - 기타,안전운전불이행,건조,맑음,교차로 - 교차로안,승용,남,60세,상해없음,승용,남,38세,경상
2013032600100394,2013년 3월 26일 18시,화요일,인천광역시 남동구 장수동,경상사고,0,0,1,0,차대사람 - 기타,안전운전불이행,건조,맑음,단일로 - 기타,이륜,남,16세,상해없음,보행자,남,66세,경상
2013032600100432,2013년 3월 26일 19시,화요일,인천광역시 남구 용현동,경상사고,0,0,1,0,차대차 - 추돌 - 주정차중,안전운전불이행,건조,맑음,기타 - 기타,화물,남,51세,상해없음,승용,남,49세,기타불명
2013032600100433,2013년 3월 26일 19시,화요일,인천광역시 남구 주안동,경상사고,0,0,1,0,차대사람 - 기타,안전운전불이행,건조,맑음,단일로 - 기타,승용,남,66세,상해없음,보행자,남,52세,경상
2013032600100434,2013년 3월 26일 19시,화요일,인천광역시 남동구 구월동,경상사고,0,0,1,0,차대차 - 측면직각충돌,안전운전불이행,건조,맑음,교차로 - 교차로안,이륜,남,17세,상해없음,승용,남,29세,경상
2013032600100435,2013년 3월 26일 19시,화요일,인천광역시 서구 가정동,경상사고,0,0,1,0,차대사람 - 기타,안전운전불이행,건조,맑음,교차로 - 교차로부근,승용,여,38세,상해없음,보행자,남,18세,경상
2013032600100436,2013년 3월 26일 19시,화요일,인천광역시 강화군 송해면,사망사고,1,0,0,0,차대사람 - 횡단중,안전운전불이행,건조,맑음,단일로 - 기타,승용,남,25세,상해없음,보행자,여,41세,사망
2013032600100461,2013년 3월 26일 20시,화요일,인천광역시 부평구 부평동,부상신고사고,0,0,0,1,차대사람 - 횡단중,안전운전불이행,건조,맑음,단일로 - 기타,승합,남,47세,상해없음,보행자,남,45세,부상신고
2013032600100491,2013년 3월 26일 21시,화요일,인천광역시 서구 검암동,경상사고,0,0,2,0,차대차 - 추돌 - 주정차중,안전거리미확보,건조,맑음,단일로 - 기타,승용,남,35세,상해없음,승용,남,36세,상해없음
2013032600100492,2013년 3월 26일 21시,화요일,인천광역시 서구 석남동,경상사고,0,0,2,0,차대차 - 측면직각충돌,안전운전불이행,건조,맑음,기타 - 기타,승용,남,31세,기타불명,승용,남,44세,경상
2013032600100529,2013년 3월 26일 22시,화요일,인천광역시 남구 주안동,중상사고,0,1,0,0,차대사람 - 기타,보행자보호의무위반,기타,기타,기타 - 기타,기타불명,기타불명,기타불명,기타불명,보행자,남,42세,중상
2013032700100029,2013년 3월 27일 00시,수요일,인천광역시 남구 관교동,경상사고,0,0,3,0,차대차 - 추돌 - 진행중,안전거리미확보,건조,맑음,교차로 - 교차로안,승용,남,60세,상해없음,승용,남,61세,경상
2013032700100041,2013년 3월 27일 01시,수요일,인천광역시 부평구 산곡동,경상사고,0,0,1,0,차대차 - 정면충돌,중앙선침범,건조,맑음,교차로 - 교차로부근,승용,남,26세,기타불명,승용,남,43세,경상
2013032700100042,2013년 3월 27일 01시,수요일,인천광역시 부평구 부개동,경상사고,0,0,1,0,차대차 - 추돌 - 진행중,안전거리미확보,건조,맑음,단일로 - 기타,승용,남,26세,상해없음,승용,여,37세,경상
2013032700100047,2013년 3월 27일 02시,수요일,인천광역시 계양구 작전동,경상사고,0,0,2,0,차대차 - 측면직각충돌,신호위반,건조,맑음,교차로 - 교차로안,승용,남,56세,상해없음,승용,남,44세,경상
2013032700100055,2013년 3월 27일 03시,수요일,인천광역시 중구 송월동1가,경상사고,0,0,1,0,차대차 - 기타,안전운전불이행,건조,맑음,단일로 - 기타,승용,기타불명,기타불명,기타불명,승용,남,45세,경상
2013032700100056,2013년 3월 27일 03시,수요일,인천광역시 남구 학익동,경상사고,0,0,4,0,차대차 - 측면직각충돌,신호위반,건조,맑음,교차로 - 교차로안,승용,남,58세,경상,승용,남,53세,경상
2013032700100068,2013년 3월 27일 05시,수요일,인천광역시 남동구 간석동,경상사고,0,0,1,0,차대사람 - 횡단중,신호위반,건조,맑음,단일로 - 횡단보도상,승용,남,36세,상해없음,보행자,남,36세,경상
2013032700100097,2013년 3월 27일 07시,수요일,인천광역시 부평구 산곡동,중상사고,0,1,0,0,차대사람 - 보도통행중,신호위반,건조,맑음,교차로 - 교차로부근,승합,남,53세,상해없음,보행자,여,13세,중상
2013032700100098,2013년 3월 27일 07시,수요일,인천광역시 남동구 만수동,경상사고,0,0,1,0,차량단독 - 기타,기타,건조,맑음,단일로 - 기타,승합,남,54세,상해없음,,,,
2013032700100099,2013년 3월 27일 07시,수요일,인천광역시 강화군 하점면,중상사고,0,2,0,0,차량단독 - 공작물충돌,안전운전불이행,건조,맑음,단일로 - 기타,승용,남,38세,상해없음,,,,
2013032700100129,2013년 3월 27일 08시,수요일,인천광역시 남동구 도림동,경상사고,0,0,2,0,차대차 - 정면충돌,안전운전불이행,건조,맑음,교차로 - 교차로부근,승용,여,40세,상해없음,승용,여,34세,경상
2013032700100130,2013년 3월 27일 08시,수요일,인천광역시 남동구 고잔동,중상사고,0,3,1,0,차대차 - 정면충돌,중앙선침범,건조,맑음,단일로 - 기타,승용,남,41세,상해없음,승용,남,54세,중상
2013032700100160,2013년 3월 27일 10시,수요일,인천광역시 계양구 계산동,중상사고,0,1,0,0,차대차 - 측면직각충돌,안전거리미확보,건조,맑음,단일로 - 기타,승용,여,49세,상해없음,승용,여,40세,중상
2013032700100183,2013년 3월 27일 11시,수요일,인천광역시 서구 원당동,경상사고,0,0,1,0,차대차 - 정면충돌,안전운전불이행,건조,맑음,기타 - 기타,승용,남,57세,상해없음,화물,남,41세,경상
2013032700100270,2013년 3월 27일 14시,수요일,인천광역시 남동구 논현동,경상사고,0,0,1,0,차량단독 - 기타,안전운전불이행,건조,맑음,단일로 - 기타,승합,남,56세,상해없음,,,,
2013032700100271,2013년 3월 27일 14시,수요일,인천광역시 서구 연희동,부상신고사고,0,0,0,1,차대차 - 추돌 - 진행중,안전운전불이행,건조,맑음,단일로 - 기타,화물,기타불명,기타불명,기타불명,승용,여,26세,부상신고
2013032700100272,2013년 3월 27일 14시,수요일,인천광역시 강화군 선원면,중상사고,0,1,0,0,차대사람 - 기타,안전운전불이행,건조,맑음,단일로 - 기타,특수,남,41세,상해없음,보행자,남,45세,중상
2013032700100273,2013년 3월 27일 14시,수요일,인천광역시 연수구 선학동,경상사고,0,0,1,0,차대사람 - 기타,안전운전불이행,건조,맑음,단일로 - 기타,승합,남,44세,기타불명,보행자,여,63세,경상
2013032700100454,2013년 3월 27일 19시,수요일,인천광역시 동구 송림동,중상사고,0,1,3,0,차대차 - 추돌 - 진행중,안전운전불이행,건조,맑음,교차로 - 교차로부근,승용,남,54세,상해없음,승용,남,32세,경상
2013032700100487,2013년 3월 27일 20시,수요일,인천광역시 남구 주안동,경상사고,0,0,2,0,차대차 - 측면직각충돌,안전운전불이행,건조,맑음,교차로 - 교차로안,승용,여,46세,상해없음,승용,남,32세,경상
2013032700100515,2013년 3월 27일 21시,수요일,인천광역시 동구 송림동,경상사고,0,0,1,0,차대차 - 추돌 - 진행중,안전거리미확보,건조,맑음,교차로 - 교차로부근,화물,남,30세,상해없음,승합,남,34세,경상