사고번호,사고일시,요일,시군구,사고내용,사망자수,중상자수,경상자수,부상신고자수,사고유형,법규위반,노면상태,기상상태,도로형태,가해운전자 차종,가해운전자 성별,가해운전자 연령,가해운전자 상해정도,피해운전자 차종,피해운전자 성별,피해운전자 연령,피해운전자 상해정도
2013032700100516,2013년 3월 27일 21시,수요일,인천광역시 남구 주안동,경상사고,0,0,1,0,차대차 - 추돌 - 진행중,안전운전불이행,건조,맑음,단일로 - 기타,승용,남,47세,상해없음,승용,남,62세,경상
2013032700100517,2013년 3월 27일 21시,수요일,인천광역시 부평구 삼산동,경상사고,0,0,1,0,차대차 - 기타,안전운전불이행,건조,맑음,교차로 - 교차로부근,승용,남,63세,상해없음,승합,남,52세,경상
2013032700100549,2013년 3월 27일 22시,수요일,인천광역시 옹진군 영흥면,경상사고,0,0,1,0,차대차 - 정면충돌,중앙선침범,건조,맑음,단일로 - 기타,승용,남,43세,상해없음,승용,남,34세,경상
2013032700100550,2013년 3월 27일 22시,수요일,인천광역시 남구 도화동,중상사고,0,1,0,0,차대차 - 추돌 - 진행중,안전운전불이행,건조,맑음,단일로 - 기타,이륜,남,16세,중상,승합,남,39세,상해없음
2013032700100551,2013년 3월 27일 22시,수요일,인천광역시 남구 도화동,경상사고,0,0,1,0,차대차 - 정면충돌,안전운전불이행,건조,맑음,교차로 - 교차로안,승합,남,46세,상해없음,이륜,남,18세,경상
2013032700100580,2013년 3월 27일 23시,수요일,인천광역시 부평구 부평동,경상사고,0,0,1,0,차대차 - 기타,안전운전불이행,건조,맑음,단일로 - 기타,승용,남,39세,상해없음,승용,여,30세,경상
2013032800100050,2013년 3월 28일 02시,목요일,인천광역시 남동구 논현동,경상사고,0,0,1,0,차대차 - 추돌 - 주정차중,중앙선침범,건조,맑음,단일로 - 기타,승용,남,30세,상해없음,승용,남,42세,경상
2013032800100069,2013년 3월 28일 05시,목요일,인천광역시 남동구 논현동,중상사고,0,1,1,0,차대차 - 기타,안전거리미확보,건조,맑음,미분류 - 미분류,승용,남,35세,중상,승용,남,24세,경상
2013032800100107,2013년 3월 28일 07시,목요일,인천광역시 남동구 간석동,중상사고,0,1,0,0,차대차 - 기타,신호위반,건조,맑음,교차로 - 교차로안,승용,남,42세,상해없음,승용,남,61세,중상
2013032800100147,2013년 3월 28일 08시,목요일,인천광역시 연수구 옥련동,경상사고,0,0,1,0,차대차 - 기타,안전운전불이행,건조,맑음,단일로 - 기타,승용,남,34세,상해없음,승용,남,38세,경상
2013032800100219,2013년 3월 28일 11시,목요일,인천광역시 부평구 부평동,중상사고,0,1,0,0,차량단독 - 기타,안전운전불이행,건조,맑음,단일로 - 기타,승합,남,51세,상해없음,,,,
2013032800100220,2013년 3월 28일 11시,목요일,인천광역시 남동구 구월동,경상사고,0,0,1,0,차량단독 - 기타,기타,건조,맑음,단일로 - 기타,승합,남,40세,상해없음,,,,
2013032800100272,2013년 3월 28일 13시,목요일,인천광역시 남구 용현동,경상사고,0,0,1,0,차대사람 - 기타,안전운전불이행,건조,맑음,단일로 - 기타,승용,남,43세,기타불명,보행자,여,47세,경상
2013032800100413,2013년 3월 28일 18시,목요일,인천광역시 남동구 간석동,경상사고,0,0,4,0,차대차 - 추돌 - 진행중,안전운전불이행,건조,맑음,교차로 - 교차로부근,승용,여,56세,상해없음,승용,남,23세,경상
2013032800100414,2013년 3월 28일 18시,목요일,인천광역시 서구 연희동,중상사고,0,1,0,0,차대차 - 측면직각충돌,신호위반,건조,맑음,교차로 - 교차로안,승용,여,36세,상해없음,승용,남,40세,중상
2013032800100415,2013년 3월 28일 18시,목요일,인천광역시 계양구 병방동,경상사고,0,0,2,0,차대차 - 추돌 - 진행중,안전운전불이행,건조,맑음,단일로 - 기타,승용,남,46세,상해없음,승용,남,32세,경상
2013032800100541,2013년 3월 28일 22시,목요일,인천광역시 남구 숭의동,경상사고,0,0,2,0,차대차 - 추돌 - 주정차중,안전운전불이행,건조,맑음,단일로 - 기타,승용,남,45세,상해없음,승용,남,39세,경상
2013032800100542,2013년 3월 28일 22시,목요일,인천광역시 서구 가좌동,사망사고,1,0,0,0,차대사람 - 기타,중앙선침범,건조,맑음,단일로 - 기타,승용,남,52세,상해없음,보행자,여,27세,사망
2013032800100570,2013년 3월 28일 23시,목요일,인천광역시 부평구 청천동,경상사고,0,0,1,0,차대차 - 추돌 - 진행중,교차로운행방법위반,건조,맑음,교차로 - 교차로안,승용,남,58세,기타불명,승용,남,29세,경상
2013032800100571,2013년 3월 28일 23시,목요일,인천광역시 연수구 선학동,경상사고,0,0,1,0,차대차 - 추돌 - 주정차중,안전운전불이행,습기,맑음,단일로 - 기타,승용,남,55세,상해없음,승합,남,53세,경상
2013032900100025,2013년 3월 29일 00시,금요일,인천광역시 부평구 산곡동,중상사고,0,1,0,0,차대사람 - 횡단중,안전운전불이행,건조,맑음,단일로 - 횡단보도상,승용,남,55세,상해없음,보행자,남,51세,중상
2013032900100063,2013년 3월 29일 03시,금요일,인천광역시 부평구 청천동,경상사고,0,0,2,0,차대차 - 측면직각충돌,신호위반,건조,맑음,교차로 - 교차로안,승합,남,21세,상해없음,승용,남,49세,경상
2013032900100072,2013년 3월 29일 04시,금요일,인천광역시 계양구 병방동,중상사고,0,1,0,0,차대차 - 추돌 - 진행중,안전운전불이행,건조,맑음,기타 - 기타,승용,남,30세,상해없음,화물,남,51세,중상
2013032900100153,2013년 3월 29일 08시,금요일,인천광역시 남구 주안동,부상신고사고,0,0,0,3,차대차 - 기타,안전운전불이행,건조,맑음,단일로 - 기타,기타불명,기타불명,기타불명,기타불명,승용,남,53세,부상신고
2013032900100183,2013년 3월 29일 09시,금요일,인천광역시 동구 송현동,중상사고,0,1,0,0,차대차 - 추돌 - 진행중,안전운전불이행,건조,맑음,교차로 - 교차로부근,건설기계,남,53세,상해없음,자전거,남,45세,중상
2013032900100213,2013년 3월 29일 10시,금요일,인천광역시 서구 석남동,경상사고,0,0,1,0,차대차 - 추돌 - 진행중,안전거리미확보,건조,맑음,단일로 - 기타,승용,남,58세,상해없음,승용,남,65세,상해없음
2013032900100257,2013년 3월 29일 12시,금요일,인천광역시 계양구 박촌동,경상사고,0,0,1,0,차대차 - 측면직각충돌,신호위반,건조,맑음,교차로 - 교차로안,승합,남,52세,상해없음,화물,남,64세,경상
2013032900100280,2013년 3월 29일 13시,금요일,인천광역시 계양구 효성동,경상사고,0,0,1,0,차대차 - 측면직각충돌,안전운전불이행,건조,맑음,단일로 - 기타,승용,남,57세,상해없음,화물,남,41세,경상
2013032900100281,2013년 3월 29일 13시,금요일,인천광역시 연수구 연수동,중상사고,0,1,0,0,차대차 - 기타,안전거리미확보,건조,맑음,단일로 - 기타,화물,남,27세,상해없음,승용,남,41세,중상
2013032900100282,2013년 3월 29일 13시,금요일,인천광역시 부평구 부평동,경상사고,0,0,1,0,차대차 - 기타,안전운전불이행,건조,맑음,단일로 - 기타,승합,남,54세,상해없음,승용,여,45세,경상
2013032900100312,2013년 3월 29일 14시,금요일,인천광역시 부평구 부평동,경상사고,0,0,1,0,차대차 - 기타,안전운전불이행,건조,맑음,단일로 - 횡단보도상,승용,남,33세,상해없음,자전거,남,63세,경상
2013032900100353,2013년 3월 29일 15시,금요일,인천광역시 남구 주안동,경상사고,0,0,3,0,차대차 - 기타,안전거리미확보,건조,맑음,단일로 - 기타,승용,남,22세,상해없음,승용,남,57세,경상
2013032900100354,2013년 3월 29일 15시,금요일,인천광역시 남동구 구월동,부상신고사고,0,0,0,1,차대차 - 추돌 - 진행중,차로위반,건조,맑음,단일로 - 기타,이륜,남,17세,부상신고,화물,남,49세,상해없음
2013032900100422,2013년 3월 29일 17시,금요일,인천광역시 서구 마전동,경상사고,0,0,1,0,차대차 - 기타,안전운전불이행,건조,맑음,단일로 - 기타,화물,남,77세,상해없음,승용,여,37세,상해없음
2013032900100450,2013년 3월 29일 18시,금요일,인천광역시 부평구 청천동,경상사고,0,0,1,0,차대차 - 기타,안전운전불이행,건조,맑음,단일로 - 기타,승합,남,35세,상해없음,승용,남,49세,경상
2013032900100495,2013년 3월 29일 19시,금요일,인천광역시 동구 송림동,중상사고,0,1,0,0,차대차 - 측면직각충돌,안전거리미확보,건조,맑음,단일로 - 기타,승합,남,61세,상해없음,원동기,남,25세,중상
2013032900100496,2013년 3월 29일 19시,금요일,인천광역시 연수구 청학동,중상사고,0,1,0,0,차대사람 - 횡단중,안전운전불이행,건조,맑음,단일로 - 기타,승용,남,33세,상해없음,보행자,여,39세,중상
2013032900100526,2013년 3월 29일 20시,금요일,인천광역시 부평구 갈산동,경상사고,0,0,2,0,차대차 - 추돌 - 진행중,안전운전불이행,건조,맑음,단일로 - 기타,승용,남,58세,상해없음,승용,남,60세,경상
2013032900100568,2013년 3월 29일 21시,금요일,인천광역시 남구 용현동,중상사고,0,1,0,0,차대사람 - 기타,안전운전불이행,건조,맑음,단일로 - 기타,승용,남,26세,상해없음,보행자,남,50세,중상
2013032900100651,2013년 3월 29일 23시,금요일,인천광역시 남구 주안동,경상사고,0,0,1,0,차대차 - 기타,신호위반,건조,맑음,단일로 - 기타,승용,남,27세,상해없음,이륜,남,22세,경상
2013032900100652,2013년 3월 29일 23시,금요일,인천광역시 서구 경서동,중상사고,0,1,0,0,차량단독 - 기타,안전운전불이행,건조,맑음,단일로 - 기타,승용,남,27세,중상,,,,
2013032900100653,2013년 3월 29일 23시,금요일,인천광역시 계양구 계산동,경상사고,0,0,1,0,차대사람 - 길가장자리구역통행중,안전운전불이행,건조,맑음,교차로 - 교차로안,승용,남,39세,상해없음,보행자,남,27세,경상
2013032900100654,2013년 3월 29일 23시,금요일,인천광역시 강화군 길상면,경상사고,0,0,1,0,차대차 - 측면직각충돌,신호위반,건조,맑음,교차로 - 교차로안,승용,남,27세,상해없음,승용,남,35세,경상
2013033000100023,2013년 3월 30일 00시,토요일,인천광역시 부평구 청천동,경상사고,0,0,3,0,차대차 - 기타,안전운전불이행,건조,맑음,교차로 - 교차로부근,승용,남,63세,상해없음,승용,남,31세,경상
2013033000100024,2013년 3월 30일 00시,토요일,인천광역시 남동구 구월동,경상사고,0,0,2,0,차대차 - 추돌 - 주정차중,안전운전불이행,건조,맑음,단일로 - 기타,승용,남,46세,상해없음,승용,남,30세,경상
2013033000100025,2013년 3월 30일 00시,토요일,인천광역시 서구 왕길동,경상사고,0,0,2,0,차대차 - 기타,안전운전불이행,건조,맑음,교차로 - 교차로부근,승용,남,38세,상해없음,승용,남,57세,경상
2013033000100045,2013년 3월 30일 01시,토요일,인천광역시 남구 숭의동,중상사고,0,1,1,0,차대차 - 기타,중앙선침범,건조,맑음,단일로 - 횡단보도상,승용,남,44세,상해없음,승용,남,37세,경상
2013033000100046,2013년 3월 30일 01시,토요일,인천광역시 남동구 구월동,경상사고,0,0,1,0,차대차 - 추돌 - 주정차중,안전운전불이행,건조,맑음,단일로 - 기타,승용,남,29세,상해없음,승용,남,56세,경상
2013033000100072,2013년 3월 30일 02시,토요일,인천광역시 부평구 삼산동,중상사고,0,1,0,0,차대사람 - 횡단중,안전운전불이행,건조,맑음,단일로 - 기타,승용,남,45세,상해없음,보행자,여,56세,중상
2013033000100091,2013년 3월 30일 03시,토요일,인천광역시 계양구 계산동,중상사고,0,1,0,0,차대사람 - 횡단중,신호위반,건조,맑음,교차로 - 교차로안,승용,남,54세,상해없음,보행자,남,46세,중상
2013033000100134,2013년 3월 30일 06시,토요일,인천광역시 남구 주안동,중상사고,0,1,0,0,차대차 - 기타,안전운전불이행,건조,맑음,단일로 - 기타,승용,남,19세,상해없음,승용,여,42세,중상
2013033000100135,2013년 3월 30일 06시,토요일,인천광역시 연수구 연수동,경상사고,0,0,1,0,차대차 - 측면직각충돌,안전운전불이행,건조,맑음,단일로 - 기타,승용,남,53세,상해없음,승용,남,34세,경상
2013033000100177,2013년 3월 30일 08시,토요일,인천광역시 부평구 십정동,중상사고,0,3,2,0,차대차 - 정면충돌,중앙선침범,건조,맑음,단일로 - 기타,화물,남,54세,중상,승합,남,50세,경상
2013033000100178,2013년 3월 30일 08시,토요일,인천광역시 서구 연희동,중상사고,0,1,3,0,차대차 - 추돌 - 진행중,안전운전불이행,건조,맑음,단일로 - 기타,승용,남,37세,상해없음,승용,남,56세,경상
2013033000100179,2013년 3월 30일 08시,토요일,인천광역시 서구 석남동,경상사고,0,0,1,0,차대사람 - 기타,안전운전불이행,건조,맑음,단일로 - 기타,승용,남,21세,상해없음,보행자,남,44세,경상
2013033000100180,2013년 3월 30일 08시,토요일,인천광역시 연수구 연수동,중상사고,0,1,0,0,차대차 - 기타,안전거리미확보,건조,맑음,단일로 - 기타,화물,남,59세,상해없음,이륜,남,40세,중상
2013033000100342,2013년 3월 30일 14시,토요일,인천광역시 중구 송학동2가,경상사고,0,0,1,0,차대사람 - 기타,안전운전불이행,건조,맑음,교차로 - 교차로부근,이륜,기타불명,기타불명,기타불명,보행자,여,18세,경상
2013033000100343,2013년 3월 30일 14시,토요일,인천광역시 계양구 계산동,경상사고,0,0,1,0,차대사람 - 차도통행중,안전운전불이행,건조,흐림,단일로 - 기타,승용,남,47세,상해없음,보행자,남,35세,경상
2013033000100445,2013년 3월 30일 17시,토요일,인천광역시 서구 가좌동,경상사고,0,0,1,0,차대차 - 기타,안전운전불이행,건조,맑음,단일로 - 기타,승용,남,57세,상해없음,승용,여,43세,경상
2013033000100487,2013년 3월 30일 18시,토요일,인천광역시 부평구 부평동,경상사고,0,0,10,0,차대차 - 추돌 - 진행중,안전운전불이행,건조,맑음,교차로 - 교차로부근,승용,여,50세,상해없음,승용,남,29세,경상
2013033000100488,2013년 3월 30일 18시,토요일,인천광역시 계양구 계산동,경상사고,0,0,1,0,차대차 - 측면직각충돌,직진우회전진행방해,습기,비,교차로 - 교차로안,승용,남,32세,상해없음,원동기,남,36세,경상
2013033000100489,2013년 3월 30일 18시,토요일,인천광역시 계양구 효성동,중상사고,0,1,0,0,차대차 - 측면직각충돌,안전거리미확보,습기,흐림,단일로 - 기타,승용,남,52세,상해없음,승용,남,51세,중상
2013033000100490,2013년 3월 30일 18시,토요일,인천광역시 부평구 삼산동,중상사고,0,1,0,0,차대사람 - 기타,안전운전불이행,습기,비,단일로 - 기타,승합,남,36세,상해없음,보행자,여,56세,중상
2013033000100545,2013년 3월 30일 19시,토요일,인천광역시 서구 검암동,경상사고,0,0,1,0,차대차 - 추돌 - 진행중,안전운전불이행,건조,맑음,단일로 - 기타,화물,남,37세,상해없음,승용,남,50세,경상
2013033000100546,2013년 3월 30일 19시,토요일,인천광역시 연수구 동춘동,경상사고,0,0,1,0,차대차 - 기타,안전거리미확보,건조,맑음,단일로 - 기타,화물,남,52세,상해없음,승용,남,53세,상해없음
2013033000100547,2013년 3월 30일 19시,토요일,인천광역시 부평구 부개동,중상사고,0,1,0,0,차대사람 - 길가장자리구역통행중,교차로운행방법위반,습기,비,단일로 - 기타,기타불명,기타불명,기타불명,기타불명,보행자,남,78세,중상
2013033000100548,2013년 3월 30일 19시,토요일,인천광역시 부평구 부개동,경상사고,0,0,1,0,차대차 - 기타,차로위반,건조,맑음,단일로 - 기타,승용,남,31세,상해없음,승용,여,51세,상해없음
2013033000100585,2013년 3월 30일 20시,토요일,인천광역시 동구 송현동,경상사고,0,0,1,0,차대차 - 측면직각충돌,안전운전불이행,습기,비,교차로 - 교차로부근,화물,남,40세,상해없음,승용,남,32세,경상
2013033000100586,2013년 3월 30일 20시,토요일,인천광역시 남동구 간석동,경상사고,0,0,2,0,차량단독 - 기타,안전운전불이행,습기,비,단일로 - 기타,승용,남,59세,상해없음,,,,
2013033000100587,2013년 3월 30일 20시,토요일,인천광역시 서구 석남동,경상사고,0,0,1,0,차대차 - 기타,안전거리미확보,습기,흐림,단일로 - 기타,승용,남,37세,상해없음,이륜,남,22세,경상
2013033000100666,2013년 3월 30일 22시,토요일,인천광역시 남구 주안동,경상사고,0,0,1,0,차대차 - 기타,안전운전불이행,건조,맑음,단일로 - 기타,승용,여,30세,상해없음,이륜,남,23세,경상
2013033000100667,2013년 3월 30일 22시,토요일,인천광역시 남동구 만수동,경상사고,0,0,1,0,차대차 - 기타,중앙선침범,습기,비,단일로 - 기타,승용,남,25세,상해없음,이륜,남,27세,경상
2013033000100668,2013년 3월 30일 22시,토요일,인천광역시 남동구 구월동,경상사고,0,0,2,0,차대차 - 추돌 - 주정차중,안전운전불이행,습기,비,교차로 - 교차로부근,승용,남,38세,상해없음,승용,남,54세,경상
2013033000100669,2013년 3월 30일 22시,토요일,인천광역시 남동구 논현동,중상사고,0,1,0,0,차대차 - 측면직각충돌,신호위반,건조,맑음,교차로 - 교차로안,승용,남,66세,상해없음,이륜,남,17세,중상
2013033000100670,2013년 3월 30일 22시,토요일,인천광역시 연수구 연수동,경상사고,0,0,1,0,차대차 - 추돌 - 진행중,안전운전불이행,건조,맑음,교차로 - 교차로부근,승용,기타불명,기타불명,기타불명,승용,남,30세,경상
2013033100100021,2013년 3월 31일 00시,일요일,인천광역시 남구 주안동,중상사고,0,1,2,0,차대차 - 추돌 - 주정차중,안전운전불이행,건조,맑음,교차로 - 교차로부근,승용,남,32세,상해없음,승용,남,46세,경상
2013033100100022,2013년 3월 31일 00시,일요일,인천광역시 남동구 구월동,경상사고,0,0,2,0,차대차 - 측면직각충돌,안전운전불이행,건조,맑음,교차로 - 교차로부근,승용,남,43세,상해없음,승용,남,25세,경상
2013033100100023,2013년 3월 31일 00시,일요일,인천광역시 부평구 갈산동,중상사고,0,1,0,0,차대차 - 측면직각충돌,직진우회전진행방해,건조,흐림,교차로 - 교차로안,승용,남,30세,상해없음,이륜,남,32세,중상
2013033100100045,2013년 3월 31일 01시,일요일,인천광역시 남구 용현동,경상사고,0,0,1,0,차대차 - 측면직각충돌,안전운전불이행,건조,맑음,단일로 - 기타,승용,남,29세,상해없음,승용,남,64세,경상
2013033100100046,2013년 3월 31일 01시,일요일,인천광역시 남구 학익동,경상사고,0,0,1,0,차대차 - 측면직각충돌,신호위반,건조,맑음,교차로 - 교차로안,승용,남,57세,상해없음,승용,남,29세,상해없음
2013033100100094,2013년 3월 31일 04시,일요일,인천광역시 부평구 부평동,경상사고,0,0,2,0,차대차 - 추돌 - 주정차중,안전운전불이행,건조,맑음,단일로 - 기타,승용,남,20세,상해없음,승용,남,35세,상해없음
2013033100100095,2013년 3월 31일 04시,일요일,인천광역시 남동구 구월동,경상사고,0,0,2,0,차대차 - 추돌 - 진행중,차로위반,건조,맑음,단일로 - 기타,승용,여,44세,상해없음,승용,여,47세,경상
2013033100100109,2013년 3월 31일 05시,일요일,인천광역시 부평구 부평동,경상사고,0,0,1,0,차대차 - 기타,안전운전불이행,건조,맑음,교차로 - 교차로부근,승용,남,64세,상해없음,승용,남,56세,상해없음
2013033100100140,2013년 3월 31일 08시,일요일,인천광역시 연수구 송도동,경상사고,0,0,1,0,차대차 - 측면직각충돌,신호위반,건조,맑음,교차로 - 교차로안,승용,남,43세,상해없음,승용,남,56세,상해없음
2013033100100227,2013년 3월 31일 13시,일요일,인천광역시 남구 주안동,중상사고,0,1,0,0,차대차 - 기타,안전운전불이행,건조,맑음,단일로 - 기타,승용,남,39세,상해없음,이륜,남,18세,중상
2013033100100228,2013년 3월 31일 13시,일요일,인천광역시 계양구 계산동,경상사고,0,0,1,0,차대차 - 측면직각충돌,안전거리미확보,건조,맑음,단일로 - 기타,승용,남,26세,상해없음,승합,남,45세,경상
2013033100100289,2013년 3월 31일 15시,일요일,인천광역시 옹진군 영흥면,경상사고,0,0,1,0,차대사람 - 기타,안전운전불이행,건조,맑음,단일로 - 기타,승용,남,51세,상해없음,보행자,여,57세,경상
2013033100100290,2013년 3월 31일 15시,일요일,인천광역시 서구 가좌동,경상사고,0,0,1,0,차대차 - 측면직각충돌,안전운전불이행,건조,맑음,단일로 - 기타,승용,남,53세,상해없음,승용,남,60세,경상
2013033100100323,2013년 3월 31일 16시,일요일,인천광역시 남구 문학동,중상사고,0,1,0,0,차대사람 - 기타,불법유턴,건조,맑음,단일로 - 기타,승용,여,33세,상해없음,보행자,남,72세,중상
2013033100100443,2013년 3월 31일 20시,일요일,인천광역시 부평구 부평동,중상사고,0,1,0,0,차대사람 - 기타,안전운전불이행,건조,맑음,단일로 - 기타,승용,여,54세,상해없음,보행자,남,68세,중상
2013033100100444,2013년 3월 31일 20시,일요일,인천광역시 서구 석남동,경상사고,0,0,1,0,차대사람 - 횡단중,보행자보호의무위반,건조,맑음,교차로 - 교차로안,원동기,남,17세,상해없음,보행자,여,41세,경상
2013033100100502,2013년 3월 31일 22시,일요일,인천광역시 부평구 십정동,경상사고,0,0,1,0,차대차 - 기타,안전운전불이행,건조,맑음,단일로 - 기타,승용,남,39세,기타불명,승용,남,27세,경상
2013040100100029,2013년 4월 1일 02시,월요일,인천광역시 남구 주안동,경상사고,0,0,1,0,차대차 - 추돌 - 주정차중,안전운전불이행,건조,맑음,교차로 - 교차로부근,승용,여,31세,상해없음,승용,남,21세,경상
2013040100100117,2013년 4월 1일 08시,월요일,인천광역시 남동구 고잔동,경상사고,0,0,1,0,차대차 - 추돌 - 주정차중,안전거리미확보,건조,맑음,교차로 - 교차로부근,승용,남,53세,상해없음,승용,남,31세,경상
2013040100100118,2013년 4월 1일 08시,월요일,인천광역시 서구 경서동,경상사고,0,0,3,0,차대차 - 측면직각충돌,안전운전불이행,건조,맑음,단일로 - 기타,승용,남,57세,상해없음,승용,남,41세,경상
2013040100100142,2013년 4월 1일 09시,월요일,인천광역시 남동구 간석동,경상사고,0,0,2,0,차대차 - 측면직각충돌,안전운전불이행,건조,맑음,교차로 - 교차로안,화물,남,47세,상해없음,승용,남,38세,경상
2013040100100220,2013년 4월 1일 12시,월요일,인천광역시 계양구 작전동,경상사고,0,0,1,0,차대차 - 측면직각충돌,신호위반,건조,맑음,교차로 - 교차로안,승용,남,66세,상해없음,자전거,남,60세,경상
2013040100100276,2013년 4월 1일 14시,월요일,인천광역시 중구 북성동1가,중상사고,0,1,0,0,차대차 - 측면직각충돌,안전운전불이행,건조,맑음,교차로 - 교차로안,승용,남,31세,상해없음,자전거,남,64세,중상
2013040100100277,2013년 4월 1일 14시,월요일,인천광역시 중구 운서동,경상사고,0,0,1,0,차대차 - 측면직각충돌,차로위반,건조,맑음,단일로 - 기타,승용,남,64세,상해없음,승합,남,59세,상해없음
2013040100100278,2013년 4월 1일 14시,월요일,인천광역시 남구 주안동,경상사고,0,0,1,0,차대사람 - 기타,안전운전불이행,건조,맑음,교차로 - 교차로부근,승용,남,36세,상해없음,보행자,여,63세,경상
2013040100100300,2013년 4월 1일 15시,월요일,인천광역시 남동구 남촌동,경상사고,0,0,1,0,차대차 - 기타,차로위반,건조,맑음,단일로 - 기타,건설기계,남,55세,상해없음,승용,남,44세,경상
2013040100100301,2013년 4월 1일 15시,월요일,인천광역시 연수구 선학동,경상사고,0,0,2,0,차대차 - 기타,교차로운행방법위반,건조,맑음,단일로 - 기타,승용,남,50세,기타불명,승용,여,29세,경상
2013040100100449,2013년 4월 1일 20시,월요일,인천광역시 남구 주안동,경상사고,0,0,3,0,차대차 - 기타,안전운전불이행,건조,맑음,기타 - 기타,화물,남,62세,상해없음,승용,남,57세,경상
2013040100100450,2013년 4월 1일 20시,월요일,인천광역시 연수구 동춘동,경상사고,0,0,3,0,차대차 - 추돌 - 주정차중,안전운전불이행,건조,맑음,단일로 - 기타,승용,남,37세,상해없음,승용,남,57세,경상
2013040100100451,2013년 4월 1일 20시,월요일,인천광역시 부평구 삼산동,중상사고,0,2,1,0,차대차 - 측면직각충돌,신호위반,건조,맑음,교차로 - 교차로부근,승용,남,21세,상해없음,승용,남,49세,중상
2013040100100471,2013년 4월 1일 21시,월요일,인천광역시 연수구 청학동,경상사고,0,0,1,0,차대사람 - 기타,안전운전불이행,건조,맑음,단일로 - 기타,화물,남,36세,상해없음,보행자,남,23세,경상
2013040100100504,2013년 4월 1일 22시,월요일,인천광역시 남구 주안동,경상사고,0,0,1,0,차대차 - 추돌 - 주정차중,안전운전불이행,건조,맑음,단일로 - 기타,승용,남,42세,상해없음,화물,남,44세,경상
2013040100100505,2013년 4월 1일 22시,월요일,인천광역시 남동구 간석동,경상사고,0,0,2,0,차대차 - 추돌 - 주정차중,안전운전불이행,습기,맑음,단일로 - 기타,승용,남,44세,상해없음,승합,남,38세,경상
2013040100100506,2013년 4월 1일 22시,월요일,인천광역시 서구 불로동,경상사고,0,0,2,0,차대차 - 기타,안전운전불이행,건조,맑음,단일로 - 기타,승용,남,31세,상해없음,승용,여,43세,경상
2013040100100507,2013년 4월 1일 22시,월요일,인천광역시 연수구 송도동,경상사고,0,0,1,0,차대차 - 기타,안전운전불이행,건조,맑음,교차로 - 교차로안,기타불명,기타불명,기타불명,기타불명,자전거,남,14세,경상
2013040100100533,2013년 4월 1일 23시,월요일,인천광역시 서구 석남동,경상사고,0,0,2,0,차대차 - 측면직각충돌,신호위반,건조,맑음,교차로 - 교차로안,승용,남,48세,상해없음,승용,남,39세,경상
2013040200100022,2013년 4월 2일 00시,화요일,인천광역시 남동구 간석동,경상사고,0,0,1,0,차대사람 - 기타,안전운전불이행,건조,맑음,단일로 - 기타,승합,기타불명,기타불명,기타불명,보행자,여,32세,경상
2013040200100038,2013년 4월 2일 01시,화요일,인천광역시 남동구 도림동,중상사고,0,3,0,0,차대차 - 추돌 - 진행중,안전운전불이행,건조,맑음,교차로 - 교차로부근,승용,남,40세,상해없음,승용,남,37세,중상
2013040200100097,2013년 4월 2일 05시,화요일,인천광역시 서구 왕길동,중상사고,0,1,0,0,차대사람 - 기타,안전운전불이행,습기,비,교차로 - 교차로부근,승용,남,53세,상해없음,보행자,여,60세,중상
2013040200100098,2013년 4월 2일 05시,화요일,인천광역시 계양구 작전동,중상사고,0,1,2,0,차대차 - 측면직각충돌,신호위반,습기,비,교차로 - 교차로안,승용,남,63세,상해없음,승용,남,55세,경상
2013040200100174,2013년 4월 2일 08시,화요일,인천광역시 남동구 남촌동,경상사고,0,0,1,0,차대차 - 정면충돌,교차로운행방법위반,건조,맑음,교차로 - 교차로안,승용,남,23세,상해없음,승용,남,69세,경상
2013040200100203,2013년 4월 2일 09시,화요일,인천광역시 남동구 간석동,경상사고,0,0,1,0,차대차 - 추돌 - 진행중,안전거리미확보,건조,맑음,단일로 - 기타,승합,남,50세,상해없음,승용,기타불명,기타불명,기타불명
2013040200100250,2013년 4월 2일 11시,화요일,인천광역시 남구 주안동,경상사고,0,0,1,0,차대차 - 기타,안전운전불이행,건조,맑음,교차로 - 교차로부근,승용,남,51세,상해없음,승용,여,30세,경상
2013040200100251,2013년 4월 2일 11시,화요일,인천광역시 남구 주안동,중상사고,0,1,0,0,차대차 - 추돌 - 진행중,안전운전불이행,습기,비,교차로 - 교차로부근,화물,남,30세,상해없음,승용,남,47세,중상
2013040200100252,2013년 4월 2일 11시,화요일,인천광역시 서구 경서동,경상사고,0,0,1,0,차대차 - 기타,신호위반,건조,흐림,기타 - 기타,기타불명,기타불명,기타불명,기타불명,승합,남,41세,경상
2013040200100286,2013년 4월 2일 13시,화요일,인천광역시 연수구 동춘동,경상사고,0,0,2,0,차대차 - 기타,안전운전불이행,건조,흐림,교차로 - 교차로부근,승용,남,55세,상해없음,승용,여,50세,경상
2013040200100343,2013년 4월 2일 15시,화요일,인천광역시 남구 주안동,경상사고,0,0,4,0,차대차 - 추돌 - 주정차중,안전운전불이행,건조,흐림,기타 - 기타,승용,여,50세,상해없음,승용,남,31세,경상