사고번호,사고일시,요일,시군구,사고내용,사망자수,중상자수,경상자수,부상신고자수,사고유형,법규위반,노면상태,기상상태,도로형태,가해운전자 차종,가해운전자 성별,가해운전자 연령,가해운전자 상해정도,피해운전자 차종,피해운전자 성별,피해운전자 연령,피해운전자 상해정도
2013040200100344,2013년 4월 2일 15시,화요일,인천광역시 남동구 만수동,경상사고,0,0,1,0,차대사람 - 횡단중,안전운전불이행,건조,맑음,단일로 - 횡단보도부근,승용,여,35세,상해없음,보행자,여,67세,경상
2013040200100371,2013년 4월 2일 16시,화요일,인천광역시 서구 가정동,경상사고,0,0,2,0,차대차 - 기타,안전운전불이행,건조,맑음,교차로 - 교차로부근,승용,남,35세,상해없음,승용,남,64세,경상
2013040200100398,2013년 4월 2일 17시,화요일,인천광역시 남구 숭의동,경상사고,0,0,1,0,차대사람 - 횡단중,보행자보호의무위반,건조,맑음,단일로 - 횡단보도상,승용,남,72세,상해없음,보행자,남,13세,경상
2013040200100428,2013년 4월 2일 18시,화요일,인천광역시 남동구 남촌동,사망사고,1,0,0,0,차대사람 - 기타,안전운전불이행,건조,맑음,교차로 - 교차로안,승용,남,55세,상해없음,보행자,여,68세,사망
2013040200100429,2013년 4월 2일 18시,화요일,인천광역시 남동구 구월동,중상사고,0,1,0,0,차대사람 - 횡단중,안전운전불이행,건조,맑음,단일로 - 기타,승용,여,43세,상해없음,보행자,남,63세,중상
2013040200100430,2013년 4월 2일 18시,화요일,인천광역시 계양구 효성동,중상사고,0,1,0,0,차대사람 - 기타,안전운전불이행,습기,비,교차로 - 교차로안,승용,여,35세,상해없음,보행자,여,52세,중상
2013040200100495,2013년 4월 2일 20시,화요일,인천광역시 남구 주안동,경상사고,0,0,1,0,차대차 - 측면직각충돌,안전운전불이행,건조,맑음,교차로 - 교차로안,승용,남,40세,기타불명,승용,남,24세,경상
2013040200100529,2013년 4월 2일 21시,화요일,인천광역시 남구 주안동,경상사고,0,0,1,0,차대차 - 기타,안전운전불이행,건조,맑음,단일로 - 기타,승용,남,56세,상해없음,승합,남,57세,경상
2013040200100530,2013년 4월 2일 21시,화요일,인천광역시 남동구 논현동,중상사고,0,1,0,0,차대사람 - 보도통행중,보행자보호의무위반,건조,맑음,기타 - 기타,이륜,남,17세,상해없음,보행자,여,34세,중상
2013040200100531,2013년 4월 2일 21시,화요일,인천광역시 계양구 장기동,중상사고,0,1,0,0,차대차 - 추돌 - 진행중,안전운전불이행,습기,흐림,단일로 - 교량,승용,남,36세,상해없음,승용,남,34세,중상
2013040300100014,2013년 4월 3일 00시,수요일,인천광역시 남구 학익동,경상사고,0,0,1,0,차대사람 - 기타,안전운전불이행,건조,맑음,단일로 - 기타,승용,남,48세,상해없음,보행자,남,42세,경상
2013040300100064,2013년 4월 3일 04시,수요일,인천광역시 서구 석남동,경상사고,0,0,1,0,차대차 - 추돌 - 주정차중,안전운전불이행,건조,맑음,교차로 - 교차로부근,승용,남,32세,상해없음,승용,남,42세,경상
2013040300100111,2013년 4월 3일 07시,수요일,인천광역시 남구 용현동,경상사고,0,0,1,0,차량단독 - 기타,기타,건조,맑음,단일로 - 기타,승합,남,62세,상해없음,,,,
2013040300100149,2013년 4월 3일 08시,수요일,인천광역시 서구 마전동,경상사고,0,0,1,0,차대차 - 기타,안전운전불이행,건조,맑음,기타 - 기타,승용,여,53세,상해없음,승용,여,47세,경상
2013040300100177,2013년 4월 3일 09시,수요일,인천광역시 서구 경서동,경상사고,0,0,2,0,차대차 - 추돌 - 진행중,안전운전불이행,건조,맑음,교차로 - 교차로부근,승용,남,32세,상해없음,승용,남,44세,경상
2013040300100178,2013년 4월 3일 09시,수요일,인천광역시 서구 불로동,경상사고,0,0,1,0,차대차 - 기타,안전운전불이행,건조,맑음,교차로 - 교차로부근,화물,남,48세,상해없음,승용,여,52세,경상
2013040300100198,2013년 4월 3일 10시,수요일,인천광역시 남구 숭의동,경상사고,0,0,1,0,차대차 - 추돌 - 진행중,안전운전불이행,건조,맑음,교차로 - 교차로안,승합,남,54세,상해없음,자전거,남,35세,경상
2013040300100199,2013년 4월 3일 10시,수요일,인천광역시 서구 신현동,중상사고,0,1,0,0,차대차 - 기타,안전운전불이행,건조,맑음,교차로 - 교차로안,화물,남,44세,상해없음,승용,남,46세,중상
2013040300100200,2013년 4월 3일 10시,수요일,인천광역시 서구 석남동,경상사고,0,0,1,0,차대차 - 측면직각충돌,안전운전불이행,건조,맑음,단일로 - 기타,화물,여,53세,상해없음,승용,남,33세,경상
2013040300100221,2013년 4월 3일 11시,수요일,인천광역시 서구 석남동,중상사고,0,1,0,0,차대차 - 기타,신호위반,건조,맑음,기타 - 기타,승용,남,58세,상해없음,이륜,남,24세,중상
2013040300100240,2013년 4월 3일 12시,수요일,인천광역시 남구 용현동,경상사고,0,0,1,0,차대사람 - 차도통행중,안전운전불이행,건조,맑음,단일로 - 기타,화물,남,56세,상해없음,보행자,여,20세,경상
2013040300100241,2013년 4월 3일 12시,수요일,인천광역시 서구 당하동,중상사고,0,1,0,0,차대사람 - 기타,안전운전불이행,건조,맑음,단일로 - 기타,화물,남,37세,상해없음,보행자,여,87세,중상
2013040300100267,2013년 4월 3일 13시,수요일,인천광역시 남구 학익동,경상사고,0,0,1,0,차대사람 - 차도통행중,안전운전불이행,건조,맑음,단일로 - 기타,승합,남,53세,상해없음,보행자,여,51세,경상
2013040300100298,2013년 4월 3일 14시,수요일,인천광역시 남동구 장수동,중상사고,0,2,0,0,차대차 - 추돌 - 주정차중,안전거리미확보,건조,맑음,단일로 - 기타,화물,남,51세,상해없음,승용,여,35세,중상
2013040300100299,2013년 4월 3일 14시,수요일,인천광역시 남동구 간석동,경상사고,0,0,1,0,차대차 - 정면충돌,안전운전불이행,건조,맑음,기타 - 기타,승용,여,39세,상해없음,승용,남,51세,경상
2013040300100404,2013년 4월 3일 17시,수요일,인천광역시 남구 주안동,중상사고,0,1,0,0,차대차 - 측면직각충돌,안전운전불이행,건조,맑음,기타 - 기타,기타불명,기타불명,기타불명,기타불명,승용,남,43세,중상
2013040300100446,2013년 4월 3일 18시,수요일,인천광역시 서구 석남동,경상사고,0,0,1,0,차대사람 - 횡단중,보행자보호의무위반,건조,맑음,단일로 - 횡단보도상,승용,남,34세,상해없음,보행자,남,46세,경상
2013040300100447,2013년 4월 3일 18시,수요일,인천광역시 연수구 청학동,경상사고,0,0,1,0,차대차 - 측면직각충돌,교차로운행방법위반,건조,맑음,교차로 - 교차로안,승용,남,30세,상해없음,승용,남,52세,경상
2013040300100485,2013년 4월 3일 19시,수요일,인천광역시 남동구 논현동,경상사고,0,0,3,0,차대차 - 측면직각충돌,안전거리미확보,건조,맑음,교차로 - 교차로부근,승용,남,57세,상해없음,승합,남,52세,상해없음
2013040300100515,2013년 4월 3일 20시,수요일,인천광역시 남구 학익동,경상사고,0,0,1,0,차대사람 - 기타,안전운전불이행,건조,맑음,교차로 - 교차로부근,승용,남,67세,상해없음,보행자,남,57세,경상
2013040300100516,2013년 4월 3일 20시,수요일,인천광역시 남동구 만수동,경상사고,0,0,1,0,차대사람 - 횡단중,신호위반,건조,맑음,교차로 - 교차로부근,화물,남,24세,상해없음,보행자,여,10세,경상
2013040300100561,2013년 4월 3일 21시,수요일,인천광역시 남구 주안동,중상사고,0,1,1,0,차대차 - 측면직각충돌,안전거리미확보,건조,맑음,단일로 - 기타,승용,남,34세,상해없음,원동기,남,18세,중상
2013040300100562,2013년 4월 3일 21시,수요일,인천광역시 부평구 부평동,경상사고,0,0,1,0,차대차 - 측면직각충돌,교차로운행방법위반,건조,맑음,교차로 - 교차로안,승용,남,35세,상해없음,자전거,남,64세,경상
2013040300100619,2013년 4월 3일 23시,수요일,인천광역시 남구 용현동,경상사고,0,0,1,0,차대차 - 측면직각충돌,안전운전불이행,건조,맑음,단일로 - 기타,승용,남,58세,상해없음,화물,남,52세,상해없음
2013040400100025,2013년 4월 4일 00시,목요일,인천광역시 계양구 작전동,경상사고,0,0,1,0,차대차 - 기타,안전운전불이행,건조,맑음,단일로 - 기타,승용,남,27세,상해없음,승용,남,77세,경상
2013040400100026,2013년 4월 4일 00시,목요일,인천광역시 계양구 작전동,중상사고,0,1,1,0,차대차 - 추돌 - 주정차중,안전운전불이행,건조,맑음,교차로 - 교차로부근,승용,남,29세,기타불명,승용,남,45세,중상
2013040400100027,2013년 4월 4일 00시,목요일,인천광역시 부평구 구산동,중상사고,0,1,1,0,차대차 - 추돌 - 주정차중,안전운전불이행,건조,맑음,단일로 - 횡단보도부근,승합,남,48세,상해없음,승용,남,43세,경상
2013040400100041,2013년 4월 4일 01시,목요일,인천광역시 부평구 십정동,경상사고,0,0,1,0,차대차 - 추돌 - 진행중,안전운전불이행,건조,맑음,교차로 - 교차로부근,승용,남,28세,상해없음,승용,남,43세,상해없음
2013040400100042,2013년 4월 4일 01시,목요일,인천광역시 서구 원창동,경상사고,0,0,3,0,차대차 - 추돌 - 주정차중,안전운전불이행,건조,맑음,교차로 - 교차로부근,승용,남,42세,상해없음,승용,남,33세,경상
2013040400100067,2013년 4월 4일 03시,목요일,인천광역시 남구 학익동,중상사고,0,2,1,0,차대차 - 측면직각충돌,안전운전불이행,건조,맑음,교차로 - 교차로안,승용,남,32세,상해없음,승용,남,28세,중상
2013040400100125,2013년 4월 4일 07시,목요일,인천광역시 부평구 갈산동,경상사고,0,0,1,0,차대차 - 추돌 - 주정차중,안전거리미확보,건조,맑음,단일로 - 기타,승용,여,55세,상해없음,승합,남,50세,경상
2013040400100126,2013년 4월 4일 07시,목요일,인천광역시 서구 경서동,경상사고,0,0,1,0,차대차 - 기타,안전운전불이행,건조,맑음,단일로 - 기타,자전거,남,33세,경상,승용,여,50세,상해없음
2013040400100159,2013년 4월 4일 08시,목요일,인천광역시 남동구 구월동,경상사고,0,0,1,0,차대차 - 측면직각충돌,교차로운행방법위반,건조,맑음,교차로 - 교차로안,승용,남,60세,상해없음,승용,여,41세,경상
2013040400100160,2013년 4월 4일 08시,목요일,인천광역시 남동구 논현동,경상사고,0,0,3,0,차대차 - 측면직각충돌,안전거리미확보,건조,맑음,단일로 - 기타,화물,남,38세,상해없음,승용,여,30세,경상
2013040400100161,2013년 4월 4일 08시,목요일,인천광역시 서구 가좌동,경상사고,0,0,1,0,차대차 - 기타,안전운전불이행,건조,맑음,단일로 - 기타,승용,기타불명,기타불명,기타불명,승용,남,40세,경상
2013040400100187,2013년 4월 4일 09시,목요일,인천광역시 남구 도화동,중상사고,0,1,0,0,차대사람 - 기타,안전운전불이행,건조,맑음,기타 - 기타,승용,남,52세,상해없음,보행자,여,55세,중상
2013040400100188,2013년 4월 4일 09시,목요일,인천광역시 서구 백석동,중상사고,0,1,0,0,차대차 - 측면직각충돌,안전운전불이행,건조,맑음,교차로 - 교차로안,승용,남,19세,상해없음,승용,남,49세,중상
2013040400100189,2013년 4월 4일 09시,목요일,인천광역시 연수구 옥련동,중상사고,0,8,7,0,차대차 - 추돌 - 진행중,안전운전불이행,건조,맑음,단일로 - 기타,승합,남,53세,상해없음,승합,여,48세,경상
2013040400100207,2013년 4월 4일 10시,목요일,인천광역시 남구 주안동,경상사고,0,0,1,0,차대차 - 정면충돌,안전운전불이행,건조,맑음,교차로 - 교차로안,승용,남,62세,상해없음,승용,남,36세,경상
2013040400100208,2013년 4월 4일 10시,목요일,인천광역시 부평구 일신동,중상사고,0,1,1,0,차대차 - 측면직각충돌,안전운전불이행,건조,맑음,단일로 - 기타,화물,남,52세,상해없음,승용,여,54세,경상
2013040400100250,2013년 4월 4일 12시,목요일,인천광역시 서구 석남동,경상사고,0,0,2,0,차량단독 - 기타,안전운전불이행,건조,맑음,단일로 - 기타,승용,남,64세,상해없음,,,,
2013040400100290,2013년 4월 4일 14시,목요일,인천광역시 부평구 청천동,경상사고,0,0,1,0,차대사람 - 기타,안전운전불이행,건조,맑음,단일로 - 기타,승용,남,61세,상해없음,보행자,남,8세,경상
2013040400100291,2013년 4월 4일 14시,목요일,인천광역시 남동구 남촌동,경상사고,0,0,1,0,차대사람 - 기타,안전운전불이행,건조,맑음,교차로 - 교차로안,기타불명,기타불명,기타불명,기타불명,보행자,여,32세,경상
2013040400100351,2013년 4월 4일 16시,목요일,인천광역시 서구 당하동,중상사고,0,1,0,0,차대차 - 기타,안전운전불이행,건조,맑음,교차로 - 교차로부근,자전거,남,13세,중상,화물,남,47세,상해없음
2013040400100352,2013년 4월 4일 16시,목요일,인천광역시 연수구 동춘동,경상사고,0,0,1,0,차대차 - 기타,안전운전불이행,건조,맑음,단일로 - 기타,승합,남,39세,상해없음,승용,여,39세,경상
2013040400100384,2013년 4월 4일 17시,목요일,인천광역시 남구 숭의동,경상사고,0,0,1,0,차량단독 - 기타,안전운전불이행,건조,맑음,기타 - 기타,승합,남,48세,상해없음,,,,
2013040400100385,2013년 4월 4일 17시,목요일,인천광역시 남동구 만수동,경상사고,0,0,1,0,차대차 - 추돌 - 주정차중,안전운전불이행,건조,맑음,교차로 - 교차로부근,승용,남,49세,상해없음,승용,남,51세,경상
2013040400100386,2013년 4월 4일 17시,목요일,인천광역시 연수구 선학동,중상사고,0,1,0,0,차대차 - 기타,교차로운행방법위반,건조,맑음,교차로 - 교차로안,화물,남,39세,상해없음,이륜,남,17세,중상
2013040400100387,2013년 4월 4일 17시,목요일,인천광역시 연수구 청학동,경상사고,0,0,1,0,차대사람 - 횡단중,안전운전불이행,건조,맑음,단일로 - 기타,이륜,남,30세,상해없음,보행자,여,20세,경상
2013040400100425,2013년 4월 4일 18시,목요일,인천광역시 서구 가정동,중상사고,0,1,0,0,차대차 - 측면직각충돌,중앙선침범,건조,맑음,단일로 - 기타,승용,남,62세,상해없음,화물,남,52세,중상
2013040400100426,2013년 4월 4일 18시,목요일,인천광역시 서구 가좌동,경상사고,0,0,3,0,차대차 - 측면직각충돌,교차로운행방법위반,건조,맑음,단일로 - 기타,승용,남,54세,상해없음,화물,남,32세,경상
2013040400100522,2013년 4월 4일 21시,목요일,인천광역시 서구 심곡동,경상사고,0,0,1,0,차대차 - 기타,안전운전불이행,건조,맑음,단일로 - 기타,승용,남,38세,상해없음,승용,남,44세,경상
2013040400100523,2013년 4월 4일 21시,목요일,인천광역시 서구 석남동,경상사고,0,0,2,0,차대차 - 측면직각충돌,안전거리미확보,건조,맑음,교차로 - 교차로부근,승용,남,29세,상해없음,승용,남,30세,경상
2013040400100549,2013년 4월 4일 22시,목요일,인천광역시 서구 심곡동,경상사고,0,0,1,0,차대사람 - 기타,안전운전불이행,건조,맑음,기타 - 기타,이륜,남,15세,상해없음,보행자,여,57세,경상
2013040400100550,2013년 4월 4일 22시,목요일,인천광역시 서구 심곡동,경상사고,0,0,2,0,차대차 - 추돌 - 진행중,중앙선침범,건조,맑음,교차로 - 교차로부근,승용,남,46세,상해없음,승용,남,50세,경상
2013040400100551,2013년 4월 4일 22시,목요일,인천광역시 서구 가정동,경상사고,0,0,2,0,차대차 - 추돌 - 진행중,안전운전불이행,건조,맑음,단일로 - 기타,승용,남,46세,상해없음,승용,여,33세,경상
2013040400100591,2013년 4월 4일 23시,목요일,인천광역시 남구 숭의동,경상사고,0,0,2,0,차대차 - 측면직각충돌,신호위반,건조,맑음,교차로 - 교차로안,승용,남,25세,상해없음,승용,남,60세,경상
2013040400100593,2013년 4월 4일 23시,목요일,인천광역시 남동구 간석동,중상사고,0,1,0,0,차대사람 - 보도통행중,보행자보호의무위반,건조,맑음,교차로 - 교차로안,승합,남,31세,상해없음,보행자,남,34세,중상
2013040400100594,2013년 4월 4일 23시,목요일,인천광역시 서구 연희동,경상사고,0,0,3,0,차대차 - 기타,안전운전불이행,건조,맑음,단일로 - 기타,승용,남,46세,상해없음,승용,남,33세,경상
2013040500100028,2013년 4월 5일 00시,금요일,인천광역시 남동구 구월동,경상사고,0,0,1,0,차대사람 - 횡단중,신호위반,건조,맑음,단일로 - 횡단보도상,승용,여,52세,상해없음,보행자,여,54세,경상
2013040500100052,2013년 4월 5일 02시,금요일,인천광역시 계양구 계산동,경상사고,0,0,1,0,차대차 - 측면직각충돌,안전운전불이행,건조,맑음,교차로 - 교차로안,자전거,남,25세,경상,승용,남,47세,상해없음
2013040500100083,2013년 4월 5일 05시,금요일,인천광역시 서구 연희동,중상사고,0,2,0,0,차대차 - 추돌 - 진행중,안전운전불이행,건조,맑음,단일로 - 기타,승용,남,27세,상해없음,승용,남,57세,중상
2013040500100149,2013년 4월 5일 08시,금요일,인천광역시 남동구 논현동,중상사고,0,1,1,0,차대차 - 정면충돌,신호위반,건조,맑음,교차로 - 교차로안,승용,남,35세,상해없음,승용,남,60세,중상
2013040500100182,2013년 4월 5일 09시,금요일,인천광역시 중구 신흥동2가,중상사고,0,1,0,0,차대사람 - 차도통행중,안전운전불이행,건조,맑음,교차로 - 교차로안,화물,남,55세,상해없음,보행자,남,21세,중상
2013040500100183,2013년 4월 5일 09시,금요일,인천광역시 동구 금곡동,경상사고,0,0,2,0,차대차 - 측면직각충돌,교차로운행방법위반,건조,맑음,교차로 - 교차로안,화물,남,43세,상해없음,승용,여,53세,경상
2013040500100184,2013년 4월 5일 09시,금요일,인천광역시 남구 숭의동,경상사고,0,0,1,0,차대사람 - 횡단중,안전운전불이행,건조,맑음,단일로 - 기타,화물,남,52세,상해없음,보행자,남,55세,경상
2013040500100213,2013년 4월 5일 10시,금요일,인천광역시 남동구 운연동,경상사고,0,0,1,0,차대차 - 추돌 - 주정차중,안전운전불이행,건조,맑음,단일로 - 기타,화물,남,29세,상해없음,승용,남,51세,경상
2013040500100214,2013년 4월 5일 10시,금요일,인천광역시 연수구 옥련동,경상사고,0,0,4,0,차대차 - 추돌 - 주정차중,안전운전불이행,건조,맑음,단일로 - 횡단보도부근,화물,남,43세,상해없음,승용,여,41세,경상
2013040500100305,2013년 4월 5일 14시,금요일,인천광역시 남동구 남촌동,중상사고,0,1,0,0,차대차 - 측면직각충돌,안전운전불이행,건조,맑음,교차로 - 교차로부근,승용,여,37세,상해없음,자전거,남,15세,중상
2013040500100422,2013년 4월 5일 17시,금요일,인천광역시 서구 마전동,중상사고,0,2,0,0,차대차 - 추돌 - 진행중,안전운전불이행,건조,맑음,단일로 - 기타,승용,남,49세,상해없음,승용,남,43세,중상
2013040500100423,2013년 4월 5일 17시,금요일,인천광역시 연수구 옥련동,중상사고,0,1,0,0,차대차 - 기타,안전운전불이행,건조,맑음,교차로 - 교차로부근,승용,여,46세,상해없음,이륜,남,16세,중상
2013040500100509,2013년 4월 5일 19시,금요일,인천광역시 남구 학익동,경상사고,0,0,1,0,차대차 - 기타,안전운전불이행,건조,맑음,교차로 - 교차로안,화물,남,49세,상해없음,승용,여,47세,경상
2013040500100510,2013년 4월 5일 19시,금요일,인천광역시 남동구 논현동,경상사고,0,0,1,0,차대차 - 정면충돌,신호위반,건조,맑음,교차로 - 교차로안,승용,여,51세,상해없음,승용,남,45세,경상
2013040500100511,2013년 4월 5일 19시,금요일,인천광역시 남동구 구월동,중상사고,0,1,0,0,차대사람 - 횡단중,보행자보호의무위반,건조,흐림,교차로 - 교차로안,이륜,남,43세,상해없음,보행자,남,49세,중상
2013040500100557,2013년 4월 5일 20시,금요일,인천광역시 부평구 청천동,중상사고,0,1,1,0,차대차 - 측면직각충돌,신호위반,건조,맑음,교차로 - 교차로안,승용,남,24세,상해없음,승용,남,58세,중상
2013040500100558,2013년 4월 5일 20시,금요일,인천광역시 남동구 구월동,경상사고,0,0,2,0,차대차 - 측면직각충돌,안전거리미확보,건조,흐림,단일로 - 기타,승용,남,60세,상해없음,승용,남,43세,경상
2013040500100559,2013년 4월 5일 20시,금요일,인천광역시 서구 검암동,경상사고,0,0,1,0,차대차 - 측면직각충돌,교차로운행방법위반,건조,맑음,교차로 - 교차로안,화물,남,51세,상해없음,승용,남,40세,경상
2013040500100628,2013년 4월 5일 22시,금요일,인천광역시 계양구 작전동,경상사고,0,0,1,0,차대차 - 추돌 - 진행중,안전운전불이행,건조,흐림,단일로 - 기타,승용,남,45세,상해없음,원동기,남,44세,경상
2013040600100031,2013년 4월 6일 00시,토요일,인천광역시 남구 숭의동,경상사고,0,0,3,0,차대차 - 기타,신호위반,건조,맑음,교차로 - 교차로안,승용,남,62세,상해없음,승용,남,51세,경상
2013040600100056,2013년 4월 6일 01시,토요일,인천광역시 남구 주안동,경상사고,0,0,1,0,차대차 - 기타,안전운전불이행,건조,맑음,교차로 - 교차로안,승용,남,36세,상해없음,승용,남,41세,경상
2013040600100136,2013년 4월 6일 04시,토요일,인천광역시 남구 주안동,경상사고,0,0,1,0,차대사람 - 횡단중,안전운전불이행,건조,맑음,교차로 - 교차로안,승용,남,28세,상해없음,보행자,여,20세,경상
2013040600100137,2013년 4월 6일 04시,토요일,인천광역시 남동구 간석동,중상사고,0,3,1,0,차대차 - 정면충돌,신호위반,습기,비,교차로 - 교차로안,승용,남,76세,상해없음,승용,남,49세,중상
2013040600100156,2013년 4월 6일 05시,토요일,인천광역시 남구 주안동,중상사고,0,1,0,0,차대차 - 측면직각충돌,교차로운행방법위반,습기,비,교차로 - 교차로안,승용,남,25세,상해없음,승용,여,33세,중상
2013040600100199,2013년 4월 6일 07시,토요일,인천광역시 계양구 작전동,중상사고,0,1,6,0,차대차 - 측면직각충돌,안전운전불이행,습기,비,교차로 - 교차로부근,승용,남,28세,상해없음,승용,남,58세,경상
2013040600100200,2013년 4월 6일 07시,토요일,인천광역시 부평구 부평동,경상사고,0,0,1,0,차대차 - 추돌 - 진행중,안전운전불이행,습기,비,교차로 - 교차로부근,승용,남,30세,상해없음,승용,남,53세,경상
2013040600100216,2013년 4월 6일 08시,토요일,인천광역시 남동구 만수동,경상사고,0,0,1,0,차대차 - 측면직각충돌,안전운전불이행,건조,맑음,교차로 - 교차로안,승용,남,36세,상해없음,승용,남,31세,경상
2013040600100234,2013년 4월 6일 09시,토요일,인천광역시 남구 용현동,경상사고,0,0,1,0,차량단독 - 기타,안전운전불이행,건조,맑음,교차로 - 교차로안,승합,남,68세,상해없음,,,,
2013040600100256,2013년 4월 6일 10시,토요일,인천광역시 서구 가정동,경상사고,0,0,1,0,차대사람 - 횡단중,안전운전불이행,건조,맑음,교차로 - 교차로부근,화물,남,48세,상해없음,보행자,남,58세,경상
2013040600100317,2013년 4월 6일 12시,토요일,인천광역시 남동구 간석동,중상사고,0,1,2,0,차대사람 - 횡단중,신호위반,건조,맑음,교차로 - 교차로부근,이륜,남,15세,상해없음,보행자,여,58세,중상
2013040600100355,2013년 4월 6일 13시,토요일,인천광역시 서구 연희동,경상사고,0,0,1,0,차대차 - 추돌 - 주정차중,안전운전불이행,습기,비,교차로 - 교차로부근,승용,남,68세,상해없음,화물,남,27세,경상
2013040600100356,2013년 4월 6일 13시,토요일,인천광역시 연수구 동춘동,경상사고,0,0,1,0,차대차 - 추돌 - 주정차중,안전거리미확보,건조,맑음,교차로 - 교차로안,승용,여,47세,상해없음,승용,여,52세,경상
2013040600100357,2013년 4월 6일 13시,토요일,인천광역시 연수구 동춘동,경상사고,0,0,1,0,차대차 - 추돌 - 주정차중,안전거리미확보,건조,맑음,교차로 - 교차로안,승용,남,48세,상해없음,승용,여,52세,경상
2013040600100386,2013년 4월 6일 14시,토요일,인천광역시 서구 석남동,경상사고,0,0,1,1,차대차 - 기타,신호위반,습기,비,교차로 - 교차로안,승용,여,28세,부상신고,승용,남,35세,경상
2013040600100513,2013년 4월 6일 18시,토요일,인천광역시 부평구 청천동,경상사고,0,0,1,0,차대차 - 측면직각충돌,신호위반,건조,맑음,교차로 - 교차로안,승용,남,46세,상해없음,화물,남,56세,경상
2013040600100560,2013년 4월 6일 19시,토요일,인천광역시 남구 도화동,경상사고,0,0,2,0,차대차 - 기타,안전운전불이행,건조,맑음,교차로 - 교차로부근,승용,남,44세,상해없음,승용,남,26세,경상
2013040600100561,2013년 4월 6일 19시,토요일,인천광역시 부평구 산곡동,경상사고,0,0,1,0,차대사람 - 길가장자리구역통행중,안전운전불이행,습기,비,단일로 - 기타,승합,여,58세,상해없음,보행자,남,44세,경상
2013040600100622,2013년 4월 6일 20시,토요일,인천광역시 남구 관교동,경상사고,0,0,2,0,차대차 - 추돌 - 주정차중,안전운전불이행,습기,비,기타 - 기타,승용,남,45세,상해없음,승용,남,32세,경상
2013040600100623,2013년 4월 6일 20시,토요일,인천광역시 남동구 논현동,경상사고,0,0,3,0,차대차 - 추돌 - 주정차중,안전운전불이행,습기,비,단일로 - 기타,승용,남,48세,상해없음,승용,여,37세,경상
2013040600100624,2013년 4월 6일 20시,토요일,인천광역시 연수구 옥련동,경상사고,0,0,3,0,차대차 - 추돌 - 진행중,안전운전불이행,습기,비,교차로 - 교차로안,승용,남,48세,상해없음,승용,남,39세,경상
2013040600100669,2013년 4월 6일 21시,토요일,인천광역시 부평구 산곡동,중상사고,0,1,0,0,차대사람 - 횡단중,신호위반,습기,비,교차로 - 교차로부근,승용,남,62세,상해없음,보행자,남,16세,중상
2013040600100670,2013년 4월 6일 21시,토요일,인천광역시 부평구 산곡동,중상사고,0,1,0,0,차대사람 - 기타,안전운전불이행,습기,비,단일로 - 기타,승용,남,49세,상해없음,보행자,남,54세,중상
2013040600100671,2013년 4월 6일 21시,토요일,인천광역시 계양구 작전동,경상사고,0,0,1,0,차대차 - 추돌 - 주정차중,안전운전불이행,습기,비,교차로 - 교차로부근,승용,남,47세,상해없음,승용,남,49세,경상
2013040600100672,2013년 4월 6일 21시,토요일,인천광역시 강화군 강화읍,경상사고,0,0,4,0,차대차 - 측면직각충돌,안전운전불이행,습기,맑음,단일로 - 기타,승용,남,43세,상해없음,승용,남,45세,경상
2013040600100673,2013년 4월 6일 21시,토요일,인천광역시 연수구 청학동,중상사고,0,1,0,0,차대차 - 측면직각충돌,교차로운행방법위반,습기,비,교차로 - 교차로안,승용,남,62세,상해없음,승용,여,49세,중상
2013040600100718,2013년 4월 6일 22시,토요일,인천광역시 계양구 병방동,경상사고,0,0,1,0,차대사람 - 횡단중,신호위반,습기,비,교차로 - 교차로안,승용,남,29세,상해없음,보행자,남,29세,경상
2013040600100719,2013년 4월 6일 22시,토요일,인천광역시 계양구 장기동,중상사고,0,2,2,0,차대차 - 측면직각충돌,안전운전불이행,습기,비,단일로 - 기타,승용,여,30세,중상,승용,남,48세,경상
2013040600100720,2013년 4월 6일 22시,토요일,인천광역시 강화군 강화읍,중상사고,0,2,0,0,차량단독 - 기타,안전운전불이행,건조,맑음,교차로 - 교차로부근,승합,남,49세,상해없음,,,,
2013040600100774,2013년 4월 6일 23시,토요일,인천광역시 서구 석남동,경상사고,0,0,1,0,차대차 - 기타,안전운전불이행,습기,비,미분류 - 미분류,승용,남,31세,상해없음,원동기,남,31세,경상
2013040600100775,2013년 4월 6일 23시,토요일,인천광역시 서구 마전동,경상사고,0,0,1,0,차대사람 - 기타,중앙선침범,습기,비,단일로 - 기타,승합,여,61세,상해없음,보행자,여,53세,경상
2013040600100776,2013년 4월 6일 23시,토요일,인천광역시 연수구 송도동,중상사고,0,1,0,1,차대차 - 측면직각충돌,신호위반,습기,비,교차로 - 교차로부근,승용,여,55세,상해없음,이륜,남,16세,중상
2013040700100030,2013년 4월 7일 00시,일요일,인천광역시 남동구 구월동,중상사고,0,1,0,0,차대사람 - 기타,안전운전불이행,습기,비,단일로 - 기타,승용,남,33세,상해없음,보행자,남,23세,중상
2013040700100064,2013년 4월 7일 01시,일요일,인천광역시 남구 주안동,경상사고,0,0,1,0,차대사람 - 기타,보행자보호의무위반,습기,비,교차로 - 교차로안,승용,남,55세,상해없음,보행자,남,50세,경상