사고번호,사고일시,요일,시군구,사고내용,사망자수,중상자수,경상자수,부상신고자수,사고유형,법규위반,노면상태,기상상태,도로형태,가해운전자 차종,가해운전자 성별,가해운전자 연령,가해운전자 상해정도,피해운전자 차종,피해운전자 성별,피해운전자 연령,피해운전자 상해정도
2013041100100193,2013년 4월 11일 10시,목요일,인천광역시 남구 용현동,경상사고,0,0,1,0,차대차 - 측면직각충돌,안전거리미확보,건조,맑음,단일로 - 기타,화물,남,54세,상해없음,승용,남,36세,경상
2013041100100223,2013년 4월 11일 11시,목요일,인천광역시 계양구 작전동,중상사고,0,1,0,0,차대사람 - 횡단중,안전운전불이행,건조,맑음,단일로 - 기타,승용,남,26세,상해없음,보행자,여,64세,중상
2013041100100248,2013년 4월 11일 12시,목요일,인천광역시 남동구 구월동,경상사고,0,0,1,0,차대사람 - 횡단중,보행자보호의무위반,건조,맑음,단일로 - 횡단보도상,이륜,남,17세,상해없음,보행자,여,72세,경상
2013041100100249,2013년 4월 11일 12시,목요일,인천광역시 서구 오류동,경상사고,0,0,1,0,차대차 - 측면직각충돌,안전운전불이행,건조,맑음,단일로 - 기타,화물,남,58세,상해없음,승용,남,28세,경상
2013041100100309,2013년 4월 11일 14시,목요일,인천광역시 부평구 십정동,경상사고,0,0,1,0,차대사람 - 횡단중,안전운전불이행,건조,맑음,교차로 - 교차로부근,승용,여,43세,상해없음,보행자,여,12세,경상
2013041100100324,2013년 4월 11일 15시,목요일,인천광역시 남동구 구월동,경상사고,0,0,1,0,차대차 - 추돌 - 주정차중,안전운전불이행,건조,맑음,단일로 - 기타,화물,남,49세,상해없음,승용,남,44세,경상
2013041100100325,2013년 4월 11일 15시,목요일,인천광역시 연수구 송도동,중상사고,0,1,0,0,차대차 - 기타,신호위반,건조,맑음,교차로 - 교차로안,승용,남,31세,상해없음,승용,남,44세,중상
2013041100100355,2013년 4월 11일 16시,목요일,인천광역시 남구 주안동,부상신고사고,0,0,0,1,차대사람 - 기타,보행자보호의무위반,건조,맑음,단일로 - 횡단보도상,승용,여,39세,상해없음,보행자,여,35세,부상신고
2013041100100356,2013년 4월 11일 16시,목요일,인천광역시 남동구 도림동,중상사고,0,2,0,0,차대차 - 기타,안전거리미확보,건조,맑음,기타 - 기타,이륜,남,16세,중상,승용,남,48세,중상
2013041100100357,2013년 4월 11일 16시,목요일,인천광역시 남동구 간석동,부상신고사고,0,0,0,1,차대차 - 기타,교차로운행방법위반,건조,맑음,교차로 - 교차로안,원동기,남,17세,부상신고,화물,남,62세,상해없음
2013041100100455,2013년 4월 11일 19시,목요일,인천광역시 남동구 구월동,경상사고,0,0,2,0,차대차 - 측면직각충돌,안전운전불이행,건조,맑음,교차로 - 교차로부근,승용,여,47세,상해없음,승용,여,33세,경상
2013041100100530,2013년 4월 11일 21시,목요일,인천광역시 남동구 만수동,중상사고,0,1,0,0,차대차 - 측면직각충돌,중앙선침범,건조,맑음,교차로 - 교차로부근,승용,여,53세,상해없음,승용,여,33세,중상
2013041100100559,2013년 4월 11일 22시,목요일,인천광역시 남구 주안동,경상사고,0,0,1,0,차대차 - 추돌 - 주정차중,안전운전불이행,건조,맑음,단일로 - 기타,승용,남,33세,상해없음,원동기,남,53세,기타불명
2013041100100560,2013년 4월 11일 22시,목요일,인천광역시 부평구 부개동,부상신고사고,0,0,0,1,차대사람 - 기타,안전운전불이행,건조,흐림,단일로 - 기타,승합,남,40세,상해없음,보행자,여,42세,부상신고
2013041100100601,2013년 4월 11일 23시,목요일,인천광역시 계양구 서운동,경상사고,0,0,1,0,차대차 - 추돌 - 진행중,안전거리미확보,건조,맑음,단일로 - 기타,승용,남,31세,상해없음,승용,남,51세,경상
2013041200100064,2013년 4월 12일 03시,금요일,인천광역시 남동구 구월동,경상사고,0,0,2,0,차대차 - 측면직각충돌,신호위반,건조,맑음,교차로 - 교차로안,승용,남,24세,상해없음,승용,남,52세,경상
2013041200100101,2013년 4월 12일 06시,금요일,인천광역시 남구 주안동,중상사고,0,1,0,0,차대사람 - 횡단중,신호위반,건조,맑음,단일로 - 횡단보도상,승합,남,58세,상해없음,보행자,남,54세,중상
2013041200100129,2013년 4월 12일 07시,금요일,인천광역시 남동구 간석동,중상사고,0,1,0,0,차대사람 - 기타,안전운전불이행,건조,맑음,단일로 - 기타,승용,남,56세,상해없음,보행자,여,30세,중상
2013041200100164,2013년 4월 12일 08시,금요일,인천광역시 부평구 삼산동,중상사고,0,1,0,0,차대사람 - 차도통행중,안전운전불이행,건조,맑음,단일로 - 기타,화물,남,55세,상해없음,보행자,여,13세,중상
2013041200100196,2013년 4월 12일 09시,금요일,인천광역시 계양구 동양동,경상사고,0,0,1,0,차대차 - 측면직각충돌,안전운전불이행,건조,맑음,단일로 - 기타,화물,남,34세,상해없음,승용,남,52세,경상
2013041200100227,2013년 4월 12일 10시,금요일,인천광역시 계양구 작전동,중상사고,0,1,0,0,차대사람 - 길가장자리구역통행중,안전운전불이행,건조,맑음,단일로 - 기타,승용,남,37세,상해없음,보행자,여,69세,중상
2013041200100246,2013년 4월 12일 11시,금요일,인천광역시 서구 가좌동,경상사고,0,0,1,0,차대차 - 추돌 - 진행중,안전운전불이행,건조,맑음,단일로 - 기타,승용,남,54세,상해없음,승용,남,51세,경상
2013041200100273,2013년 4월 12일 12시,금요일,인천광역시 중구 신흥동3가,중상사고,0,1,0,0,차대차 - 측면직각충돌,안전운전불이행,건조,맑음,교차로 - 교차로안,승용,남,38세,상해없음,이륜,남,41세,중상
2013041200100301,2013년 4월 12일 13시,금요일,인천광역시 남구 주안동,경상사고,0,0,1,0,차대차 - 측면직각충돌,안전운전불이행,건조,맑음,단일로 - 기타,승합,남,66세,상해없음,승합,남,49세,상해없음
2013041200100327,2013년 4월 12일 14시,금요일,인천광역시 중구 신흥동3가,중상사고,0,1,0,0,차대차 - 측면직각충돌,안전운전불이행,건조,맑음,교차로 - 교차로부근,화물,남,56세,상해없음,이륜,남,44세,중상
2013041200100328,2013년 4월 12일 14시,금요일,인천광역시 서구 연희동,경상사고,0,0,1,0,차대차 - 추돌 - 진행중,안전운전불이행,건조,맑음,교차로 - 교차로부근,승용,여,40세,상해없음,승용,여,40세,경상
2013041200100329,2013년 4월 12일 14시,금요일,인천광역시 서구 가좌동,중상사고,0,1,0,0,차대사람 - 기타,안전운전불이행,건조,맑음,단일로 - 기타,승용,여,47세,상해없음,보행자,여,9세,중상
2013041200100330,2013년 4월 12일 14시,금요일,인천광역시 부평구 갈산동,경상사고,0,0,1,0,차대사람 - 차도통행중,안전운전불이행,건조,맑음,단일로 - 횡단보도부근,이륜,남,20세,상해없음,보행자,남,8세,경상
2013041200100331,2013년 4월 12일 14시,금요일,인천광역시 부평구 삼산동,경상사고,0,0,1,0,차대사람 - 횡단중,안전운전불이행,건조,맑음,교차로 - 교차로안,승용,남,53세,상해없음,보행자,여,48세,경상
2013041200100393,2013년 4월 12일 16시,금요일,인천광역시 남동구 구월동,중상사고,0,2,9,0,차대차 - 측면직각충돌,신호위반,건조,맑음,교차로 - 교차로안,승용,남,61세,상해없음,승합,남,58세,상해없음
2013041200100394,2013년 4월 12일 16시,금요일,인천광역시 계양구 효성동,경상사고,0,0,1,0,차대사람 - 횡단중,안전운전불이행,건조,맑음,단일로 - 기타,화물,남,59세,상해없음,보행자,남,14세,경상
2013041200100431,2013년 4월 12일 17시,금요일,인천광역시 남구 주안동,경상사고,0,0,1,0,차대차 - 추돌 - 주정차중,안전운전불이행,건조,맑음,단일로 - 기타,승용,남,51세,상해없음,승합,남,52세,경상
2013041200100432,2013년 4월 12일 17시,금요일,인천광역시 부평구 부평동,중상사고,0,1,0,0,차대차 - 측면직각충돌,차로위반,건조,맑음,단일로 - 기타,승용,남,33세,상해없음,이륜,남,17세,중상
2013041200100481,2013년 4월 12일 18시,금요일,인천광역시 중구 신흥동3가,경상사고,0,0,1,0,차대차 - 추돌 - 진행중,안전운전불이행,건조,맑음,단일로 - 기타,승용,남,59세,상해없음,화물,남,52세,경상
2013041200100482,2013년 4월 12일 18시,금요일,인천광역시 남동구 논현동,경상사고,0,0,3,0,차대차 - 기타,안전운전불이행,건조,맑음,기타 - 기타,승용,남,43세,상해없음,승용,남,27세,경상
2013041200100483,2013년 4월 12일 18시,금요일,인천광역시 연수구 선학동,경상사고,0,0,1,0,차대차 - 추돌 - 주정차중,안전거리미확보,건조,맑음,교차로 - 교차로부근,승용,남,59세,상해없음,승합,남,32세,경상
2013041200100484,2013년 4월 12일 18시,금요일,인천광역시 부평구 일신동,중상사고,0,1,0,0,차대차 - 추돌 - 진행중,안전운전불이행,건조,맑음,단일로 - 기타,이륜,남,64세,상해없음,자전거,남,62세,중상
2013041200100516,2013년 4월 12일 19시,금요일,인천광역시 남구 관교동,중상사고,0,1,0,0,차대사람 - 기타,안전운전불이행,건조,맑음,교차로 - 교차로안,승용,남,29세,상해없음,보행자,남,61세,중상
2013041200100517,2013년 4월 12일 19시,금요일,인천광역시 남동구 장수동,경상사고,0,0,1,0,차대차 - 측면직각충돌,신호위반,건조,맑음,교차로 - 교차로안,승용,기타불명,기타불명,기타불명,승용,남,36세,경상
2013041200100557,2013년 4월 12일 20시,금요일,인천광역시 부평구 부평동,경상사고,0,0,3,0,차대차 - 기타,안전운전불이행,건조,맑음,단일로 - 기타,승합,남,39세,상해없음,승용,여,55세,경상
2013041200100558,2013년 4월 12일 20시,금요일,인천광역시 남동구 고잔동,중상사고,0,1,0,0,차대차 - 기타,교차로운행방법위반,건조,맑음,교차로 - 교차로안,승용,남,57세,상해없음,이륜,남,40세,중상
2013041200100603,2013년 4월 12일 21시,금요일,인천광역시 남구 용현동,경상사고,0,0,1,0,차대차 - 측면직각충돌,교차로운행방법위반,건조,맑음,교차로 - 교차로안,승용,여,50세,상해없음,자전거,남,25세,경상
2013041200100604,2013년 4월 12일 21시,금요일,인천광역시 남동구 논현동,중상사고,0,1,0,0,차대차 - 기타,기타,건조,맑음,교차로 - 교차로부근,승용,남,38세,상해없음,원동기,남,16세,중상
2013041200100638,2013년 4월 12일 22시,금요일,인천광역시 남구 주안동,사망사고,1,0,0,1,차대차 - 기타,안전운전불이행,건조,맑음,단일로 - 기타,승용,남,34세,부상신고,승용,남,46세,기타불명
2013041200100670,2013년 4월 12일 23시,금요일,인천광역시 중구 신흥동2가,경상사고,0,0,2,0,차대차 - 추돌 - 주정차중,안전운전불이행,건조,맑음,교차로 - 교차로부근,승용,남,50세,상해없음,승용,남,36세,경상
2013041200100671,2013년 4월 12일 23시,금요일,인천광역시 남동구 만수동,경상사고,0,0,1,0,차대차 - 기타,차로위반,건조,맑음,단일로 - 기타,승용,남,45세,상해없음,이륜,남,16세,경상
2013041200100672,2013년 4월 12일 23시,금요일,인천광역시 서구 가좌동,중상사고,0,1,0,0,차량단독 - 기타,안전운전불이행,건조,맑음,단일로 - 기타,승합,남,50세,상해없음,,,,
2013041300100021,2013년 4월 13일 00시,토요일,인천광역시 연수구 송도동,경상사고,0,0,4,0,차대차 - 측면직각충돌,안전운전불이행,건조,맑음,단일로 - 기타,승용,남,58세,상해없음,승용,여,45세,경상
2013041300100031,2013년 4월 13일 01시,토요일,인천광역시 부평구 삼산동,중상사고,0,1,3,0,차대차 - 기타,신호위반,건조,맑음,교차로 - 교차로안,승용,남,64세,경상,승용,남,28세,중상
2013041300100071,2013년 4월 13일 04시,토요일,인천광역시 부평구 일신동,경상사고,0,0,2,0,차대차 - 추돌 - 주정차중,안전운전불이행,건조,맑음,단일로 - 기타,승용,남,24세,상해없음,승용,남,45세,경상
2013041300100082,2013년 4월 13일 05시,토요일,인천광역시 남구 용현동,경상사고,0,0,3,0,차대차 - 측면직각충돌,직진우회전진행방해,건조,맑음,교차로 - 교차로안,승용,남,40세,상해없음,승용,남,52세,경상
2013041300100083,2013년 4월 13일 05시,토요일,인천광역시 서구 가정동,중상사고,0,3,0,0,차대차 - 측면직각충돌,신호위반,건조,맑음,단일로 - 기타,승합,남,61세,상해없음,승용,남,55세,중상
2013041300100117,2013년 4월 13일 07시,토요일,인천광역시 남구 도화동,부상신고사고,0,0,0,1,차량단독 - 공작물충돌,안전운전불이행,건조,맑음,단일로 - 기타,승용,여,39세,부상신고,,,,
2013041300100118,2013년 4월 13일 07시,토요일,인천광역시 강화군 화도면,경상사고,0,0,1,0,차량단독 - 기타,안전운전불이행,건조,맑음,단일로 - 기타,자전거,남,32세,경상,,,,
2013041300100165,2013년 4월 13일 09시,토요일,인천광역시 남구 도화동,경상사고,0,0,2,0,차대차 - 기타,안전운전불이행,건조,맑음,교차로 - 교차로부근,승용,남,43세,상해없음,승용,여,51세,경상
2013041300100166,2013년 4월 13일 09시,토요일,인천광역시 남동구 구월동,중상사고,0,1,0,0,차대차 - 측면직각충돌,안전운전불이행,건조,맑음,교차로 - 교차로부근,승용,여,35세,상해없음,승용,남,53세,중상
2013041300100167,2013년 4월 13일 09시,토요일,인천광역시 계양구 병방동,중상사고,0,1,0,0,차대차 - 측면직각충돌,안전운전불이행,건조,맑음,단일로 - 기타,승용,남,52세,상해없음,자전거,남,75세,중상
2013041300100231,2013년 4월 13일 11시,토요일,인천광역시 부평구 삼산동,부상신고사고,0,0,0,1,차대차 - 추돌 - 진행중,안전운전불이행,건조,맑음,단일로 - 기타,승용,남,49세,상해없음,승용,남,30세,부상신고
2013041300100257,2013년 4월 13일 12시,토요일,인천광역시 부평구 십정동,중상사고,0,1,0,0,차대차 - 기타,교차로운행방법위반,건조,맑음,교차로 - 교차로안,승용,남,53세,상해없음,이륜,여,60세,중상
2013041300100345,2013년 4월 13일 14시,토요일,인천광역시 중구 신생동,경상사고,0,0,1,0,차대차 - 추돌 - 진행중,중앙선침범,건조,맑음,단일로 - 기타,이륜,남,29세,상해없음,승용,남,78세,경상
2013041300100346,2013년 4월 13일 14시,토요일,인천광역시 연수구 동춘동,중상사고,0,1,0,0,차대사람 - 기타,안전운전불이행,건조,맑음,기타 - 기타,화물,남,38세,상해없음,보행자,남,4세,중상
2013041300100385,2013년 4월 13일 15시,토요일,인천광역시 남동구 도림동,중상사고,0,1,1,0,차대차 - 추돌 - 진행중,안전거리미확보,건조,맑음,교차로 - 교차로안,승용,남,38세,상해없음,승용,남,54세,중상
2013041300100429,2013년 4월 13일 16시,토요일,인천광역시 중구 사동,중상사고,0,1,0,1,차대차 - 측면직각충돌,교차로운행방법위반,건조,맑음,교차로 - 교차로안,이륜,남,15세,중상,승용,여,58세,상해없음
2013041300100459,2013년 4월 13일 17시,토요일,인천광역시 계양구 작전동,중상사고,0,1,0,0,차대차 - 측면직각충돌,안전운전불이행,건조,맑음,교차로 - 교차로안,승용,남,28세,상해없음,자전거,남,10세,중상
2013041300100460,2013년 4월 13일 17시,토요일,인천광역시 연수구 송도동,중상사고,0,2,0,0,차대차 - 기타,신호위반,건조,맑음,교차로 - 교차로안,승용,남,45세,상해없음,이륜,남,16세,중상
2013041300100492,2013년 4월 13일 18시,토요일,인천광역시 남구 주안동,중상사고,0,1,0,0,차대차 - 측면직각충돌,신호위반,건조,맑음,교차로 - 교차로안,원동기,남,17세,중상,승용,남,62세,상해없음
2013041300100493,2013년 4월 13일 18시,토요일,인천광역시 서구 연희동,중상사고,0,2,0,0,차대사람 - 횡단중,안전운전불이행,건조,맑음,단일로 - 횡단보도상,승용,남,66세,상해없음,보행자,여,15세,중상
2013041300100527,2013년 4월 13일 19시,토요일,인천광역시 남동구 만수동,경상사고,0,0,2,0,차대차 - 기타,안전운전불이행,건조,맑음,단일로 - 기타,승용,남,45세,상해없음,승용,남,39세,경상
2013041300100528,2013년 4월 13일 19시,토요일,인천광역시 서구 검암동,경상사고,0,0,4,0,차대차 - 측면직각충돌,신호위반,건조,맑음,교차로 - 교차로안,승합,남,55세,상해없음,승용,여,32세,경상
2013041300100594,2013년 4월 13일 21시,토요일,인천광역시 중구 을왕동,경상사고,0,0,5,0,차대차 - 기타,신호위반,건조,맑음,교차로 - 교차로안,승용,남,22세,경상,승용,여,21세,경상
2013041300100595,2013년 4월 13일 21시,토요일,인천광역시 남구 용현동,경상사고,0,0,1,0,차대사람 - 횡단중,안전운전불이행,건조,맑음,단일로 - 기타,승합,남,40세,상해없음,보행자,남,37세,경상
2013041300100596,2013년 4월 13일 21시,토요일,인천광역시 부평구 산곡동,경상사고,0,0,1,0,차대차 - 추돌 - 주정차중,보행자보호의무위반,건조,맑음,단일로 - 횡단보도부근,원동기,남,51세,상해없음,승용,남,45세,상해없음
2013041300100597,2013년 4월 13일 21시,토요일,인천광역시 남동구 논현동,경상사고,0,0,2,0,차대사람 - 횡단중,신호위반,건조,맑음,단일로 - 횡단보도상,화물,남,61세,상해없음,보행자,여,57세,경상
2013041300100623,2013년 4월 13일 22시,토요일,인천광역시 남동구 구월동,경상사고,0,0,1,0,차대차 - 추돌 - 주정차중,기타,건조,맑음,단일로 - 기타,기타불명,기타불명,기타불명,기타불명,승용,남,55세,상해없음
2013041400100012,2013년 4월 14일 00시,일요일,인천광역시 연수구 옥련동,중상사고,0,1,0,0,차대사람 - 기타,안전운전불이행,건조,맑음,기타 - 기타,승합,남,47세,상해없음,보행자,남,38세,중상
2013041400100013,2013년 4월 14일 00시,일요일,인천광역시 부평구 일신동,경상사고,0,0,2,0,차대차 - 추돌 - 진행중,안전운전불이행,건조,흐림,교차로 - 교차로부근,승용,남,48세,상해없음,승용,남,44세,경상
2013041400100050,2013년 4월 14일 02시,일요일,인천광역시 남구 주안동,중상사고,0,1,0,0,차대사람 - 기타,안전운전불이행,건조,맑음,교차로 - 교차로안,승용,여,39세,상해없음,보행자,여,38세,중상
2013041400100051,2013년 4월 14일 02시,일요일,인천광역시 남구 용현동,중상사고,0,1,0,0,차대차 - 추돌 - 주정차중,안전운전불이행,건조,맑음,교차로 - 교차로부근,승용,남,46세,상해없음,승용,여,58세,중상
2013041400100062,2013년 4월 14일 03시,일요일,인천광역시 남동구 수산동,중상사고,0,1,0,0,차대차 - 추돌 - 진행중,안전운전불이행,건조,맑음,단일로 - 기타,승용,남,37세,상해없음,승용,남,29세,중상
2013041400100073,2013년 4월 14일 04시,일요일,인천광역시 남구 학익동,중상사고,0,1,1,0,차대차 - 기타,과속,습기,비,기타 - 기타,승용,남,56세,상해없음,자전거,남,67세,중상
2013041400100088,2013년 4월 14일 05시,일요일,인천광역시 부평구 청천동,경상사고,0,0,4,0,차대차 - 측면직각충돌,신호위반,습기,비,교차로 - 교차로안,승용,남,52세,경상,승용,남,56세,경상
2013041400100115,2013년 4월 14일 07시,일요일,인천광역시 남구 주안동,중상사고,0,1,0,0,차대사람 - 기타,안전운전불이행,건조,맑음,단일로 - 기타,승합,남,44세,상해없음,보행자,남,53세,중상
2013041400100159,2013년 4월 14일 10시,일요일,인천광역시 남구 관교동,경상사고,0,0,1,0,차대차 - 추돌 - 주정차중,안전운전불이행,건조,맑음,기타 - 기타,승용,남,66세,상해없음,승용,여,38세,경상
2013041400100160,2013년 4월 14일 10시,일요일,인천광역시 계양구 계산동,경상사고,0,0,1,0,차대차 - 측면직각충돌,안전운전불이행,건조,맑음,기타 - 기타,승용,남,60세,상해없음,승용,여,46세,경상
2013041400100295,2013년 4월 14일 15시,일요일,인천광역시 동구 송현동,경상사고,0,0,3,0,차대차 - 추돌 - 진행중,신호위반,건조,맑음,교차로 - 교차로안,승용,남,56세,상해없음,승용,남,34세,경상
2013041400100296,2013년 4월 14일 15시,일요일,인천광역시 부평구 부평동,중상사고,0,1,0,0,차대사람 - 기타,안전운전불이행,건조,맑음,단일로 - 기타,승용,남,67세,상해없음,보행자,여,17세,중상
2013041400100328,2013년 4월 14일 16시,일요일,인천광역시 남동구 논현동,경상사고,0,0,1,0,차대차 - 추돌 - 진행중,안전운전불이행,건조,맑음,단일로 - 기타,승합,남,64세,상해없음,이륜,남,28세,경상
2013041400100367,2013년 4월 14일 17시,일요일,인천광역시 중구 신흥동1가,경상사고,0,0,1,0,차대사람 - 횡단중,보행자보호의무위반,건조,맑음,단일로 - 횡단보도상,승용,남,48세,상해없음,보행자,여,10세,경상
2013041400100368,2013년 4월 14일 17시,일요일,인천광역시 남동구 만수동,경상사고,0,0,1,0,차대사람 - 기타,안전운전불이행,건조,맑음,단일로 - 기타,승용,남,55세,기타불명,보행자,남,6세,경상
2013041400100396,2013년 4월 14일 18시,일요일,인천광역시 남동구 논현동,경상사고,0,0,1,0,차대사람 - 기타,안전운전불이행,건조,맑음,교차로 - 교차로안,승용,남,43세,상해없음,보행자,여,53세,경상
2013041400100432,2013년 4월 14일 19시,일요일,인천광역시 부평구 부개동,경상사고,0,0,1,0,차대차 - 기타,안전운전불이행,건조,맑음,단일로 - 기타,승용,여,48세,상해없음,기타불명,남,29세,경상
2013041400100488,2013년 4월 14일 21시,일요일,인천광역시 서구 가좌동,중상사고,0,2,3,0,차대차 - 기타,안전운전불이행,건조,맑음,단일로 - 횡단보도부근,승용,남,23세,경상,승용,남,57세,중상
2013041500100051,2013년 4월 15일 06시,월요일,인천광역시 연수구 연수동,중상사고,0,1,2,0,차대차 - 추돌 - 진행중,안전거리미확보,건조,맑음,단일로 - 기타,화물,남,51세,상해없음,승용,남,68세,경상
2013041500100075,2013년 4월 15일 07시,월요일,인천광역시 서구 마전동,부상신고사고,0,0,0,1,차량단독 - 공작물충돌,안전운전불이행,기타,맑음,단일로 - 기타,승용,남,22세,부상신고,,,,
2013041500100130,2013년 4월 15일 09시,월요일,인천광역시 부평구 산곡동,부상신고사고,0,0,0,1,차대차 - 추돌 - 주정차중,안전운전불이행,건조,맑음,단일로 - 기타,승용,여,57세,상해없음,승용,여,45세,부상신고
2013041500100131,2013년 4월 15일 09시,월요일,인천광역시 부평구 부평동,중상사고,0,1,0,0,차량단독 - 공작물충돌,안전운전불이행,건조,맑음,단일로 - 기타,승합,남,46세,상해없음,,,,
2013041500100132,2013년 4월 15일 09시,월요일,인천광역시 부평구 부개동,중상사고,0,1,0,0,차대차 - 기타,안전운전불이행,건조,맑음,단일로 - 기타,승합,남,50세,상해없음,승용,여,53세,상해없음
2013041500100182,2013년 4월 15일 11시,월요일,인천광역시 계양구 작전동,중상사고,0,1,0,0,차대차 - 측면직각충돌,안전운전불이행,건조,맑음,교차로 - 교차로안,화물,남,37세,상해없음,자전거,남,76세,중상
2013041500100265,2013년 4월 15일 15시,월요일,인천광역시 계양구 용종동,중상사고,0,1,0,0,차대차 - 측면직각충돌,안전운전불이행,건조,맑음,교차로 - 교차로안,승합,남,42세,상해없음,승용,여,40세,중상
2013041500100266,2013년 4월 15일 15시,월요일,인천광역시 연수구 동춘동,경상사고,0,0,1,0,차대사람 - 길가장자리구역통행중,안전운전불이행,건조,맑음,기타 - 기타,승용,여,71세,상해없음,보행자,남,21세,경상
2013041500100295,2013년 4월 15일 16시,월요일,인천광역시 남동구 만수동,경상사고,0,0,1,0,차량단독 - 기타,안전운전불이행,건조,맑음,단일로 - 기타,승합,남,48세,상해없음,,,,
2013041500100296,2013년 4월 15일 16시,월요일,인천광역시 서구 검암동,중상사고,0,1,1,0,차대차 - 기타,불법유턴,건조,맑음,단일로 - 기타,승용,남,57세,중상,승용,남,55세,경상
2013041500100297,2013년 4월 15일 16시,월요일,인천광역시 부평구 부평동,경상사고,0,0,1,0,차대차 - 기타,안전운전불이행,건조,맑음,단일로 - 기타,승용,여,51세,상해없음,승용,여,50세,경상
2013041500100332,2013년 4월 15일 17시,월요일,인천광역시 서구 심곡동,경상사고,0,0,3,0,차대차 - 측면직각충돌,교차로운행방법위반,건조,맑음,교차로 - 교차로안,승용,남,66세,상해없음,승용,남,26세,경상
2013041500100355,2013년 4월 15일 18시,월요일,인천광역시 계양구 효성동,중상사고,0,1,0,0,차대사람 - 차도통행중,안전운전불이행,건조,맑음,단일로 - 기타,승용,여,59세,상해없음,보행자,남,10세,중상
2013041500100395,2013년 4월 15일 19시,월요일,인천광역시 남동구 논현동,중상사고,0,1,0,0,차대차 - 측면직각충돌,안전운전불이행,건조,맑음,단일로 - 기타,승용,남,38세,상해없음,이륜,남,34세,중상
2013041500100461,2013년 4월 15일 21시,월요일,인천광역시 부평구 갈산동,경상사고,0,0,1,0,차대사람 - 기타,안전운전불이행,건조,흐림,단일로 - 기타,기타불명,기타불명,기타불명,기타불명,보행자,남,22세,경상
2013041500100487,2013년 4월 15일 22시,월요일,인천광역시 남구 주안동,경상사고,0,0,1,0,차대사람 - 기타,안전운전불이행,건조,맑음,단일로 - 기타,이륜,남,45세,상해없음,보행자,남,49세,경상
2013041600100026,2013년 4월 16일 01시,화요일,인천광역시 부평구 십정동,경상사고,0,0,1,0,차대사람 - 기타,안전운전불이행,건조,맑음,단일로 - 기타,승용,여,43세,상해없음,보행자,남,27세,경상
2013041600100027,2013년 4월 16일 01시,화요일,인천광역시 계양구 계산동,중상사고,0,1,0,0,차대사람 - 기타,안전운전불이행,건조,맑음,단일로 - 기타,승용,기타불명,기타불명,기타불명,보행자,남,44세,중상
2013041600100044,2013년 4월 16일 03시,화요일,인천광역시 남구 용현동,중상사고,0,1,0,0,차대사람 - 차도통행중,안전운전불이행,건조,맑음,단일로 - 횡단보도상,승용,남,50세,상해없음,보행자,남,45세,중상
2013041600100079,2013년 4월 16일 06시,화요일,인천광역시 남구 주안동,중상사고,0,2,2,0,차대차 - 측면직각충돌,안전거리미확보,건조,맑음,교차로 - 교차로부근,승용,남,60세,상해없음,승용,남,29세,경상
2013041600100100,2013년 4월 16일 07시,화요일,인천광역시 남동구 고잔동,중상사고,0,1,0,0,차대차 - 측면직각충돌,안전운전불이행,건조,맑음,교차로 - 교차로안,화물,남,48세,상해없음,이륜,남,48세,중상
2013041600100128,2013년 4월 16일 08시,화요일,인천광역시 서구 가좌동,경상사고,0,0,1,0,차대사람 - 기타,안전운전불이행,건조,맑음,단일로 - 기타,승용,남,27세,상해없음,보행자,여,46세,경상
2013041600100156,2013년 4월 16일 09시,화요일,인천광역시 서구 가좌동,경상사고,0,0,1,0,차대사람 - 보도통행중,중앙선침범,건조,맑음,단일로 - 기타,자전거,남,38세,상해없음,보행자,여,48세,경상
2013041600100215,2013년 4월 16일 12시,화요일,인천광역시 서구 석남동,중상사고,0,1,0,0,차대사람 - 기타,안전운전불이행,건조,맑음,단일로 - 기타,승합,남,62세,상해없음,보행자,여,6세,중상
2013041600100216,2013년 4월 16일 12시,화요일,인천광역시 계양구 귤현동,경상사고,0,0,1,0,차대차 - 측면직각충돌,안전운전불이행,건조,맑음,단일로 - 기타,승용,남,62세,상해없음,승용,남,52세,경상
2013041600100246,2013년 4월 16일 13시,화요일,인천광역시 부평구 청천동,중상사고,0,1,0,0,차대차 - 기타,안전운전불이행,건조,맑음,단일로 - 기타,화물,남,37세,상해없음,특수,남,25세,중상
2013041600100247,2013년 4월 16일 13시,화요일,인천광역시 부평구 부평동,경상사고,0,0,1,0,차대사람 - 기타,안전운전불이행,건조,맑음,단일로 - 기타,승합,남,54세,상해없음,보행자,여,42세,경상
2013041600100248,2013년 4월 16일 13시,화요일,인천광역시 부평구 청천동,경상사고,0,0,1,1,차대차 - 측면직각충돌,교차로운행방법위반,건조,맑음,교차로 - 교차로안,승용,여,49세,부상신고,승합,남,60세,경상
2013041600100278,2013년 4월 16일 14시,화요일,인천광역시 서구 가좌동,경상사고,0,0,1,1,차대차 - 기타,차로위반,건조,맑음,단일로 - 기타,승용,남,51세,부상신고,화물,남,44세,경상