사고번호,사고일시,요일,시군구,사고내용,사망자수,중상자수,경상자수,부상신고자수,사고유형,법규위반,노면상태,기상상태,도로형태,가해운전자 차종,가해운전자 성별,가해운전자 연령,가해운전자 상해정도,피해운전자 차종,피해운전자 성별,피해운전자 연령,피해운전자 상해정도
2013042600100438,2013년 4월 26일 17시,금요일,인천광역시 남동구 만수동,중상사고,0,1,0,0,차대사람 - 보도통행중,기타,건조,맑음,단일로 - 횡단보도상,승용,남,20세,상해없음,보행자,남,12세,중상
2013042600100439,2013년 4월 26일 17시,금요일,인천광역시 남동구 고잔동,경상사고,0,0,1,0,차대차 - 기타,안전운전불이행,건조,맑음,단일로 - 기타,화물,남,41세,상해없음,이륜,남,32세,경상
2013042600100440,2013년 4월 26일 17시,금요일,인천광역시 서구 가좌동,중상사고,0,1,0,0,차대차 - 측면직각충돌,안전운전불이행,건조,맑음,단일로 - 기타,승용,남,64세,상해없음,이륜,남,33세,중상
2013042600100441,2013년 4월 26일 17시,금요일,인천광역시 서구 연희동,중상사고,0,1,0,0,차대차 - 기타,안전운전불이행,건조,맑음,단일로 - 기타,승합,남,46세,상해없음,이륜,남,48세,중상
2013042600100481,2013년 4월 26일 18시,금요일,인천광역시 남동구 간석동,중상사고,0,1,2,0,차대차 - 추돌 - 진행중,안전거리미확보,건조,맑음,단일로 - 기타,승용,남,32세,중상,승용,남,32세,경상
2013042600100549,2013년 4월 26일 20시,금요일,인천광역시 동구 송림동,경상사고,0,0,1,0,차대차 - 측면직각충돌,신호위반,건조,맑음,교차로 - 교차로부근,원동기,남,16세,상해없음,자전거,남,45세,경상
2013042600100550,2013년 4월 26일 20시,금요일,인천광역시 동구 송림동,중상사고,0,1,0,0,차대차 - 측면직각충돌,신호위반,건조,맑음,교차로 - 교차로안,승용,여,56세,상해없음,원동기,남,43세,중상
2013042600100551,2013년 4월 26일 20시,금요일,인천광역시 남구 관교동,경상사고,0,0,2,0,차대차 - 추돌 - 주정차중,안전운전불이행,건조,맑음,단일로 - 횡단보도부근,승용,남,49세,상해없음,승용,남,63세,경상
2013042600100552,2013년 4월 26일 20시,금요일,인천광역시 계양구 계산동,중상사고,0,1,0,0,차대사람 - 횡단중,안전운전불이행,건조,맑음,교차로 - 교차로안,승용,남,60세,상해없음,보행자,남,52세,중상
2013042600100634,2013년 4월 26일 22시,금요일,인천광역시 남구 도화동,부상신고사고,0,0,0,1,차대사람 - 기타,보행자보호의무위반,건조,맑음,교차로 - 교차로안,기타불명,기타불명,기타불명,기타불명,보행자,남,56세,부상신고
2013042600100635,2013년 4월 26일 22시,금요일,인천광역시 남동구 만수동,중상사고,0,1,0,0,차대차 - 추돌 - 진행중,안전거리미확보,건조,맑음,단일로 - 기타,화물,남,29세,상해없음,승용,남,44세,중상
2013042600100663,2013년 4월 26일 23시,금요일,인천광역시 남동구 장수동,중상사고,0,1,0,0,차대차 - 측면직각충돌,안전운전불이행,건조,맑음,단일로 - 기타,승용,남,45세,상해없음,승용,남,40세,중상
2013042600100664,2013년 4월 26일 23시,금요일,인천광역시 서구 금곡동,사망사고,1,1,1,0,차대차 - 정면충돌,중앙선침범,건조,맑음,교차로 - 교차로부근,승용,남,24세,사망,화물,남,38세,중상
2013042700100043,2013년 4월 27일 01시,토요일,인천광역시 남동구 구월동,경상사고,0,0,2,0,차대차 - 기타,안전운전불이행,건조,맑음,단일로 - 기타,승용,남,24세,상해없음,승용,남,65세,경상
2013042700100044,2013년 4월 27일 01시,토요일,인천광역시 서구 가좌동,중상사고,0,1,0,0,차량단독 - 공작물충돌,안전운전불이행,건조,흐림,교차로 - 교차로부근,원동기,남,30세,중상,,,,
2013042700100045,2013년 4월 27일 01시,토요일,인천광역시 계양구 계산동,중상사고,0,1,1,0,차대차 - 측면직각충돌,신호위반,건조,맑음,교차로 - 교차로안,승용,남,22세,상해없음,승용,남,50세,중상
2013042700100110,2013년 4월 27일 05시,토요일,인천광역시 남동구 만수동,경상사고,0,0,3,0,차대차 - 정면충돌,중앙선침범,건조,맑음,단일로 - 기타,승용,남,29세,상해없음,승용,여,53세,경상
2013042700100111,2013년 4월 27일 05시,토요일,인천광역시 계양구 장기동,경상사고,0,0,3,0,차대차 - 측면직각충돌,신호위반,건조,맑음,교차로 - 교차로안,승용,남,52세,상해없음,승용,남,19세,경상
2013042700100112,2013년 4월 27일 05시,토요일,인천광역시 부평구 부개동,경상사고,0,0,1,0,차대차 - 추돌 - 진행중,안전운전불이행,습기,비,단일로 - 기타,승용,기타불명,기타불명,기타불명,승합,남,41세,경상
2013042700100169,2013년 4월 27일 08시,토요일,인천광역시 부평구 갈산동,경상사고,0,0,1,0,차대차 - 측면직각충돌,안전운전불이행,건조,맑음,교차로 - 교차로안,승용,남,26세,상해없음,승용,여,53세,경상
2013042700100212,2013년 4월 27일 10시,토요일,인천광역시 중구 중산동,중상사고,0,1,0,0,차대차 - 기타,안전운전불이행,건조,맑음,단일로 - 기타,승용,남,71세,상해없음,이륜,남,35세,중상
2013042700100242,2013년 4월 27일 11시,토요일,인천광역시 부평구 청천동,경상사고,0,0,1,0,차대차 - 측면직각충돌,안전운전불이행,건조,맑음,단일로 - 기타,화물,남,40세,상해없음,승용,남,43세,경상
2013042700100275,2013년 4월 27일 12시,토요일,인천광역시 부평구 십정동,중상사고,0,1,0,0,차대차 - 측면직각충돌,안전운전불이행,건조,맑음,교차로 - 교차로안,승용,남,50세,상해없음,자전거,남,67세,중상
2013042700100276,2013년 4월 27일 12시,토요일,인천광역시 부평구 산곡동,경상사고,0,0,1,0,차대사람 - 횡단중,안전운전불이행,건조,맑음,교차로 - 교차로안,승용,기타불명,기타불명,기타불명,보행자,남,13세,경상
2013042700100277,2013년 4월 27일 12시,토요일,인천광역시 부평구 삼산동,중상사고,0,1,0,0,차대사람 - 기타,안전운전불이행,건조,맑음,단일로 - 기타,승용,남,55세,상해없음,보행자,남,59세,중상
2013042700100305,2013년 4월 27일 13시,토요일,인천광역시 남구 도화동,경상사고,0,0,1,0,차대사람 - 길가장자리구역통행중,안전운전불이행,건조,맑음,단일로 - 기타,승용,남,29세,기타불명,보행자,남,7세,경상
2013042700100339,2013년 4월 27일 14시,토요일,인천광역시 중구 운서동,중상사고,0,2,0,0,차대차 - 추돌 - 진행중,안전운전불이행,건조,맑음,단일로 - 기타,승용,남,52세,상해없음,화물,남,56세,중상
2013042700100340,2013년 4월 27일 14시,토요일,인천광역시 서구 가좌동,경상사고,0,0,1,0,차대사람 - 기타,안전운전불이행,건조,맑음,단일로 - 기타,화물,기타불명,기타불명,기타불명,보행자,남,54세,경상
2013042700100373,2013년 4월 27일 15시,토요일,인천광역시 남동구 논현동,중상사고,0,5,11,0,차대차 - 측면직각충돌,신호위반,건조,맑음,교차로 - 교차로안,승합,남,45세,상해없음,승합,남,46세,경상
2013042700100374,2013년 4월 27일 15시,토요일,인천광역시 남동구 논현동,중상사고,0,1,0,0,차대사람 - 기타,안전운전불이행,습기,맑음,기타 - 기타,이륜,남,26세,상해없음,보행자,여,69세,중상
2013042700100375,2013년 4월 27일 15시,토요일,인천광역시 남동구 장수동,경상사고,0,0,1,0,차대사람 - 기타,안전운전불이행,건조,맑음,기타 - 기타,자전거,여,58세,상해없음,보행자,여,23세,경상
2013042700100407,2013년 4월 27일 16시,토요일,인천광역시 서구 가정동,경상사고,0,0,1,0,차대차 - 추돌 - 진행중,안전운전불이행,건조,맑음,교차로 - 교차로안,기타불명,기타불명,기타불명,기타불명,승용,남,61세,상해없음
2013042700100453,2013년 4월 27일 17시,토요일,인천광역시 중구 신흥동3가,경상사고,0,0,1,0,차대차 - 추돌 - 주정차중,안전운전불이행,건조,맑음,교차로 - 교차로부근,승용,남,50세,상해없음,화물,남,50세,경상
2013042700100454,2013년 4월 27일 17시,토요일,인천광역시 남동구 도림동,경상사고,0,0,1,0,차대차 - 기타,안전운전불이행,건조,맑음,단일로 - 기타,승용,여,55세,상해없음,이륜,남,20세,경상
2013042700100455,2013년 4월 27일 17시,토요일,인천광역시 연수구 연수동,경상사고,0,0,1,0,차대차 - 측면직각충돌,안전운전불이행,건조,맑음,교차로 - 교차로부근,승용,남,34세,상해없음,원동기,남,18세,경상
2013042700100499,2013년 4월 27일 18시,토요일,인천광역시 남동구 만수동,경상사고,0,0,1,0,차대차 - 추돌 - 주정차중,안전거리미확보,건조,맑음,단일로 - 기타,승합,남,47세,상해없음,원동기,남,16세,경상
2013042700100536,2013년 4월 27일 19시,토요일,인천광역시 부평구 부평동,중상사고,0,1,3,0,차대차 - 기타,안전거리미확보,건조,맑음,단일로 - 기타,화물,남,56세,상해없음,승용,남,52세,경상
2013042700100605,2013년 4월 27일 21시,토요일,인천광역시 동구 송림동,경상사고,0,0,5,0,차대차 - 측면직각충돌,안전운전불이행,건조,맑음,단일로 - 기타,승용,남,49세,상해없음,승용,여,32세,경상
2013042700100606,2013년 4월 27일 21시,토요일,인천광역시 남구 도화동,경상사고,0,0,4,0,차대차 - 추돌 - 주정차중,안전운전불이행,건조,맑음,교차로 - 교차로안,승합,남,46세,경상,승용,남,55세,경상
2013042700100634,2013년 4월 27일 22시,토요일,인천광역시 부평구 십정동,부상신고사고,0,0,0,1,차대차 - 추돌 - 진행중,안전운전불이행,건조,맑음,단일로 - 기타,화물,남,36세,상해없음,승용,남,37세,부상신고
2013042800100020,2013년 4월 28일 00시,일요일,인천광역시 남구 문학동,경상사고,0,0,1,0,차대차 - 추돌 - 주정차중,안전운전불이행,건조,맑음,단일로 - 기타,승용,남,32세,상해없음,화물,남,29세,경상
2013042800100021,2013년 4월 28일 00시,일요일,인천광역시 남동구 만수동,중상사고,0,1,0,0,차대사람 - 기타,안전운전불이행,건조,맑음,단일로 - 기타,승용,남,35세,상해없음,보행자,여,60세,중상
2013042800100022,2013년 4월 28일 00시,일요일,인천광역시 서구 석남동,중상사고,0,1,0,0,차대차 - 기타,보행자보호의무위반,건조,맑음,단일로 - 횡단보도상,승용,남,61세,상해없음,승용,남,55세,상해없음
2013042800100053,2013년 4월 28일 02시,일요일,인천광역시 남동구 구월동,경상사고,0,0,1,0,차대차 - 측면직각충돌,안전운전불이행,건조,맑음,단일로 - 기타,승용,남,22세,상해없음,승용,남,65세,경상
2013042800100054,2013년 4월 28일 02시,일요일,인천광역시 남동구 간석동,부상신고사고,0,0,0,1,차대사람 - 기타,안전운전불이행,건조,맑음,교차로 - 교차로부근,화물,남,73세,상해없음,보행자,남,37세,부상신고
2013042800100055,2013년 4월 28일 02시,일요일,인천광역시 계양구 효성동,중상사고,0,2,2,0,차대차 - 측면직각충돌,신호위반,건조,맑음,교차로 - 교차로안,승용,남,39세,상해없음,승용,남,49세,경상
2013042800100056,2013년 4월 28일 02시,일요일,인천광역시 연수구 연수동,경상사고,0,0,2,0,차대차 - 기타,안전운전불이행,건조,맑음,단일로 - 기타,승용,기타불명,기타불명,기타불명,승용,남,29세,경상
2013042800100081,2013년 4월 28일 04시,일요일,인천광역시 남구 숭의동,경상사고,0,0,2,0,차대사람 - 횡단중,중앙선침범,건조,맑음,교차로 - 교차로부근,승용,여,49세,상해없음,보행자,여,21세,경상
2013042800100097,2013년 4월 28일 05시,일요일,인천광역시 서구 가좌동,부상신고사고,0,0,0,1,차대차 - 기타,안전거리미확보,건조,맑음,단일로 - 기타,승용,남,26세,부상신고,승합,남,42세,상해없음
2013042800100131,2013년 4월 28일 08시,일요일,인천광역시 남구 주안동,중상사고,0,1,0,0,차대사람 - 기타,안전운전불이행,건조,맑음,단일로 - 기타,승용,여,39세,상해없음,보행자,여,10세,중상
2013042800100162,2013년 4월 28일 10시,일요일,인천광역시 남동구 고잔동,경상사고,0,0,2,0,차대차 - 측면직각충돌,차로위반,건조,맑음,단일로 - 기타,화물,남,48세,상해없음,승용,여,45세,경상
2013042800100185,2013년 4월 28일 11시,일요일,인천광역시 남구 용현동,경상사고,0,0,1,0,차대차 - 측면직각충돌,안전운전불이행,건조,맑음,교차로 - 교차로안,승용,남,46세,기타불명,승용,여,23세,경상
2013042800100186,2013년 4월 28일 11시,일요일,인천광역시 남동구 구월동,경상사고,0,0,3,0,차대차 - 추돌 - 주정차중,안전운전불이행,건조,맑음,교차로 - 교차로안,승용,남,55세,상해없음,승용,남,60세,경상
2013042800100212,2013년 4월 28일 12시,일요일,인천광역시 서구 불로동,경상사고,0,0,1,0,차량단독 - 기타,안전운전불이행,건조,맑음,단일로 - 기타,승합,남,57세,상해없음,,,,
2013042800100213,2013년 4월 28일 12시,일요일,인천광역시 계양구 귤현동,경상사고,0,0,1,0,차대차 - 정면충돌,안전운전불이행,건조,맑음,단일로 - 기타,자전거,여,31세,상해없음,자전거,남,60세,경상
2013042800100247,2013년 4월 28일 13시,일요일,인천광역시 남동구 논현동,중상사고,0,1,0,0,차대사람 - 기타,안전운전불이행,건조,맑음,단일로 - 기타,이륜,남,52세,상해없음,보행자,여,44세,중상
2013042800100281,2013년 4월 28일 14시,일요일,인천광역시 중구 답동,경상사고,0,0,1,0,차대차 - 기타,신호위반,건조,맑음,교차로 - 교차로안,승합,남,66세,상해없음,승용,남,39세,경상
2013042800100314,2013년 4월 28일 15시,일요일,인천광역시 중구 남북동,중상사고,0,1,1,0,차량단독 - 전도전복,안전운전불이행,건조,맑음,단일로 - 기타,이륜,여,44세,경상,,,,
2013042800100315,2013년 4월 28일 15시,일요일,인천광역시 서구 검암동,경상사고,0,0,1,0,차대차 - 기타,중앙선침범,건조,맑음,단일로 - 기타,자전거,여,18세,상해없음,자전거,남,33세,경상
2013042800100347,2013년 4월 28일 16시,일요일,인천광역시 서구 당하동,경상사고,0,0,3,0,차대차 - 기타,안전거리미확보,건조,맑음,교차로 - 교차로부근,승용,여,21세,경상,건설기계,남,41세,경상
2013042800100348,2013년 4월 28일 16시,일요일,인천광역시 서구 검암동,중상사고,0,1,0,0,차대차 - 측면직각충돌,안전운전불이행,건조,맑음,단일로 - 기타,자전거,남,17세,상해없음,자전거,남,54세,중상
2013042800100349,2013년 4월 28일 16시,일요일,인천광역시 강화군 강화읍,경상사고,0,0,1,0,차대차 - 측면직각충돌,안전운전불이행,건조,맑음,교차로 - 교차로안,승용,남,58세,상해없음,이륜,남,73세,경상
2013042800100381,2013년 4월 28일 17시,일요일,인천광역시 중구 북성동1가,경상사고,0,0,3,0,차대차 - 추돌 - 진행중,안전운전불이행,건조,맑음,교차로 - 교차로부근,승용,남,43세,상해없음,승용,남,40세,경상
2013042800100382,2013년 4월 28일 17시,일요일,인천광역시 남동구 만수동,경상사고,0,0,1,0,차대차 - 정면충돌,안전운전불이행,건조,맑음,교차로 - 교차로부근,승용,남,29세,상해없음,자전거,남,16세,경상
2013042800100383,2013년 4월 28일 17시,일요일,인천광역시 계양구 병방동,경상사고,0,0,1,0,차량단독 - 공작물충돌,안전운전불이행,건조,맑음,기타 - 기타,승합,남,56세,상해없음,,,,
2013042800100384,2013년 4월 28일 17시,일요일,인천광역시 연수구 동춘동,경상사고,0,0,1,0,차대사람 - 기타,안전운전불이행,건조,맑음,교차로 - 교차로부근,승합,남,60세,상해없음,보행자,여,63세,경상
2013042800100461,2013년 4월 28일 20시,일요일,인천광역시 부평구 구산동,경상사고,0,0,1,0,차대차 - 측면직각충돌,안전운전불이행,건조,맑음,교차로 - 교차로안,승용,남,50세,상해없음,승용,여,30세,경상
2013042800100491,2013년 4월 28일 21시,일요일,인천광역시 남구 주안동,경상사고,0,0,1,0,차대차 - 측면직각충돌,신호위반,건조,맑음,단일로 - 기타,이륜,남,16세,경상,승용,남,31세,상해없음
2013042800100517,2013년 4월 28일 22시,일요일,인천광역시 서구 석남동,경상사고,0,0,1,0,차대차 - 기타,신호위반,건조,맑음,단일로 - 기타,원동기,남,16세,경상,원동기,남,16세,상해없음
2013042800100518,2013년 4월 28일 22시,일요일,인천광역시 서구 검암동,경상사고,0,0,1,0,차대사람 - 기타,안전운전불이행,건조,맑음,단일로 - 기타,승용,기타불명,기타불명,기타불명,보행자,여,38세,경상
2013042800100544,2013년 4월 28일 23시,일요일,인천광역시 중구 신생동,중상사고,0,1,0,0,차대차 - 기타,안전거리미확보,건조,맑음,교차로 - 교차로부근,원동기,남,16세,상해없음,승용,남,64세,상해없음
2013042800100545,2013년 4월 28일 23시,일요일,인천광역시 남구 주안동,중상사고,0,1,0,0,차대사람 - 횡단중,안전운전불이행,건조,맑음,단일로 - 횡단보도상,승용,남,52세,상해없음,보행자,여,14세,중상
2013042900100009,2013년 4월 29일 00시,월요일,인천광역시 남구 도화동,경상사고,0,0,1,0,차대차 - 기타,안전운전불이행,건조,맑음,단일로 - 횡단보도부근,승용,남,24세,상해없음,승용,남,32세,경상
2013042900100021,2013년 4월 29일 01시,월요일,인천광역시 남구 주안동,중상사고,0,1,1,0,차대차 - 추돌 - 주정차중,안전운전불이행,건조,맑음,단일로 - 기타,승용,남,40세,중상,화물,남,43세,기타불명
2013042900100032,2013년 4월 29일 02시,월요일,인천광역시 남동구 논현동,부상신고사고,0,0,0,1,차대차 - 추돌 - 주정차중,안전운전불이행,건조,맑음,교차로 - 교차로부근,원동기,남,18세,부상신고,승용,남,53세,기타불명
2013042900100056,2013년 4월 29일 05시,월요일,인천광역시 부평구 산곡동,중상사고,0,1,1,0,차대사람 - 횡단중,안전운전불이행,습기,비,교차로 - 교차로부근,화물,남,38세,상해없음,보행자,남,32세,경상
2013042900100093,2013년 4월 29일 07시,월요일,인천광역시 남동구 논현동,경상사고,0,0,1,0,차대차 - 정면충돌,신호위반,습기,비,교차로 - 교차로안,화물,남,42세,상해없음,승용,여,37세,경상
2013042900100094,2013년 4월 29일 07시,월요일,인천광역시 남동구 고잔동,중상사고,0,1,0,0,차대차 - 측면직각충돌,안전운전불이행,습기,비,단일로 - 기타,승용,남,66세,상해없음,자전거,남,55세,중상
2013042900100131,2013년 4월 29일 08시,월요일,인천광역시 중구 율목동,경상사고,0,0,1,0,차대차 - 측면직각충돌,신호위반,적설,비,교차로 - 교차로안,승용,남,21세,상해없음,승용,남,57세,경상
2013042900100132,2013년 4월 29일 08시,월요일,인천광역시 연수구 선학동,중상사고,0,1,0,0,차대사람 - 기타,안전운전불이행,건조,맑음,교차로 - 교차로부근,승용,남,58세,상해없음,보행자,여,51세,중상
2013042900100166,2013년 4월 29일 09시,월요일,인천광역시 중구 신흥동3가,경상사고,0,0,1,0,차대사람 - 보도통행중,기타,건조,맑음,단일로 - 기타,자전거,남,69세,상해없음,보행자,여,63세,경상
2013042900100167,2013년 4월 29일 09시,월요일,인천광역시 부평구 십정동,중상사고,0,2,0,0,차대차 - 정면충돌,중앙선침범,습기,흐림,단일로 - 기타,승용,남,49세,상해없음,승용,남,31세,중상
2013042900100168,2013년 4월 29일 09시,월요일,인천광역시 부평구 부평동,경상사고,0,0,1,0,차대사람 - 횡단중,안전운전불이행,건조,맑음,교차로 - 교차로부근,승용,남,65세,상해없음,보행자,여,45세,경상
2013042900100169,2013년 4월 29일 09시,월요일,인천광역시 부평구 산곡동,경상사고,0,0,2,0,차대차 - 기타,기타,건조,맑음,단일로 - 기타,화물,남,49세,상해없음,승합,남,58세,경상
2013042900100181,2013년 4월 29일 10시,월요일,인천광역시 서구 연희동,경상사고,0,0,1,0,차대사람 - 기타,안전운전불이행,습기,비,단일로 - 기타,승합,남,55세,상해없음,보행자,여,60세,경상
2013042900100182,2013년 4월 29일 10시,월요일,인천광역시 연수구 연수동,부상신고사고,0,0,0,1,차대사람 - 기타,안전운전불이행,건조,맑음,단일로 - 기타,기타불명,기타불명,기타불명,기타불명,보행자,남,53세,부상신고
2013042900100236,2013년 4월 29일 12시,월요일,인천광역시 부평구 십정동,경상사고,0,0,1,0,차대사람 - 횡단중,안전운전불이행,건조,맑음,교차로 - 교차로안,승용,남,55세,상해없음,보행자,여,51세,경상
2013042900100237,2013년 4월 29일 12시,월요일,인천광역시 남동구 구월동,경상사고,0,0,1,0,차대사람 - 기타,안전운전불이행,건조,맑음,단일로 - 기타,기타불명,기타불명,기타불명,기타불명,보행자,남,55세,경상
2013042900100286,2013년 4월 29일 14시,월요일,인천광역시 남동구 논현동,경상사고,0,0,2,0,차대차 - 측면직각충돌,교차로운행방법위반,건조,맑음,교차로 - 교차로안,승용,여,46세,상해없음,승용,여,48세,경상
2013042900100287,2013년 4월 29일 14시,월요일,인천광역시 계양구 임학동,중상사고,0,1,0,0,차대사람 - 횡단중,안전운전불이행,건조,맑음,단일로 - 기타,승용,여,51세,상해없음,보행자,여,65세,중상
2013042900100314,2013년 4월 29일 15시,월요일,인천광역시 연수구 연수동,중상사고,0,1,0,0,차대사람 - 길가장자리구역통행중,안전운전불이행,건조,맑음,단일로 - 기타,승용,남,60세,상해없음,보행자,남,18세,중상
2013042900100341,2013년 4월 29일 16시,월요일,인천광역시 부평구 청천동,중상사고,0,2,0,0,차대차 - 추돌 - 진행중,안전운전불이행,건조,맑음,단일로 - 기타,화물,남,52세,상해없음,승용,남,53세,중상
2013042900100373,2013년 4월 29일 17시,월요일,인천광역시 남동구 논현동,경상사고,0,0,1,0,차대차 - 측면직각충돌,차로위반,건조,맑음,단일로 - 기타,승용,여,53세,상해없음,승용,여,23세,경상
2013042900100374,2013년 4월 29일 17시,월요일,인천광역시 남동구 논현동,경상사고,0,0,1,0,차량단독 - 기타,안전운전불이행,건조,맑음,단일로 - 기타,승합,남,52세,상해없음,,,,
2013042900100421,2013년 4월 29일 19시,월요일,인천광역시 부평구 부평동,중상사고,0,2,1,0,차대차 - 측면직각충돌,중앙선침범,건조,맑음,교차로 - 교차로부근,원동기,남,18세,중상,승용,남,55세,상해없음
2013042900100453,2013년 4월 29일 20시,월요일,인천광역시 남구 주안동,경상사고,0,0,1,0,차대사람 - 횡단중,안전운전불이행,건조,맑음,단일로 - 기타,승용,여,61세,상해없음,보행자,남,20세,경상
2013042900100454,2013년 4월 29일 20시,월요일,인천광역시 부평구 청천동,중상사고,0,1,2,0,차대차 - 측면직각충돌,교차로운행방법위반,건조,맑음,교차로 - 교차로안,승용,남,53세,상해없음,이륜,남,25세,중상
2013042900100455,2013년 4월 29일 20시,월요일,인천광역시 부평구 부평동,중상사고,0,1,0,0,차대사람 - 기타,중앙선침범,건조,맑음,단일로 - 기타,승용,여,44세,상해없음,보행자,여,32세,중상
2013042900100456,2013년 4월 29일 20시,월요일,인천광역시 남동구 구월동,중상사고,0,1,0,0,차대차 - 추돌 - 진행중,신호위반,건조,맑음,교차로 - 교차로부근,승용,남,30세,상해없음,이륜,남,17세,중상
2013042900100490,2013년 4월 29일 21시,월요일,인천광역시 연수구 옥련동,중상사고,0,1,0,0,차대차 - 기타,안전운전불이행,건조,맑음,교차로 - 교차로안,승용,여,40세,상해없음,이륜,남,61세,중상
2013043000100018,2013년 4월 30일 00시,화요일,인천광역시 남동구 간석동,중상사고,0,1,0,0,차대차 - 측면직각충돌,중앙선침범,건조,맑음,단일로 - 기타,승용,남,54세,상해없음,승용,남,52세,중상
2013043000100040,2013년 4월 30일 02시,화요일,인천광역시 남구 용현동,경상사고,0,0,3,0,차대차 - 추돌 - 주정차중,안전운전불이행,건조,맑음,교차로 - 교차로부근,승용,남,34세,상해없음,승용,남,46세,경상
2013043000100041,2013년 4월 30일 02시,화요일,인천광역시 부평구 산곡동,중상사고,0,1,0,0,차대사람 - 횡단중,안전운전불이행,건조,맑음,단일로 - 기타,승용,남,54세,상해없음,보행자,여,49세,중상
2013043000100130,2013년 4월 30일 08시,화요일,인천광역시 남동구 만수동,경상사고,0,0,2,0,차대차 - 측면직각충돌,교차로운행방법위반,건조,맑음,교차로 - 교차로안,승용,남,50세,상해없음,승용,남,36세,경상
2013043000100131,2013년 4월 30일 08시,화요일,인천광역시 강화군 하점면,중상사고,0,1,1,0,차대차 - 측면직각충돌,안전운전불이행,건조,맑음,교차로 - 교차로안,승용,남,71세,상해없음,승용,남,50세,중상
2013043000100133,2013년 4월 30일 08시,화요일,인천광역시 연수구 선학동,경상사고,0,0,4,0,차대차 - 추돌 - 주정차중,안전거리미확보,건조,맑음,기타 - 기타,승합,남,38세,기타불명,화물,남,61세,경상
2013043000100165,2013년 4월 30일 09시,화요일,인천광역시 부평구 부평동,중상사고,0,1,0,0,차대차 - 기타,안전운전불이행,건조,맑음,단일로 - 기타,승용,여,43세,상해없음,자전거,남,79세,중상
2013043000100166,2013년 4월 30일 09시,화요일,인천광역시 부평구 갈산동,경상사고,0,0,2,0,차대차 - 추돌 - 주정차중,안전운전불이행,건조,맑음,단일로 - 기타,승용,여,39세,상해없음,승용,여,44세,경상
2013043000100215,2013년 4월 30일 11시,화요일,인천광역시 부평구 삼산동,중상사고,0,1,1,0,차대차 - 추돌 - 진행중,안전운전불이행,건조,맑음,교차로 - 교차로부근,승용,여,30세,상해없음,이륜,남,20세,중상
2013043000100216,2013년 4월 30일 11시,화요일,인천광역시 남구 학익동,중상사고,0,2,2,0,차대차 - 추돌 - 진행중,안전운전불이행,건조,맑음,단일로 - 기타,화물,남,52세,상해없음,화물,남,61세,중상
2013043000100246,2013년 4월 30일 12시,화요일,인천광역시 중구 항동7가,중상사고,0,1,0,0,차대차 - 측면직각충돌,안전운전불이행,건조,맑음,교차로 - 교차로부근,특수,남,52세,상해없음,이륜,남,43세,중상
2013043000100270,2013년 4월 30일 13시,화요일,인천광역시 중구 을왕동,경상사고,0,0,5,0,차대차 - 측면직각충돌,안전운전불이행,건조,맑음,단일로 - 기타,승용,남,21세,상해없음,승용,남,34세,경상
2013043000100271,2013년 4월 30일 13시,화요일,인천광역시 남구 주안동,중상사고,0,1,0,0,차대차 - 기타,안전운전불이행,건조,맑음,기타 - 기타,승용,남,35세,상해없음,승용,여,28세,중상
2013043000100374,2013년 4월 30일 16시,화요일,인천광역시 계양구 작전동,경상사고,0,0,1,0,차대차 - 측면직각충돌,안전운전불이행,건조,맑음,기타 - 기타,승용,여,44세,상해없음,승용,남,65세,경상
2013043000100375,2013년 4월 30일 16시,화요일,인천광역시 서구 검암동,경상사고,0,0,1,0,차대차 - 측면직각충돌,안전운전불이행,건조,맑음,단일로 - 기타,승용,여,25세,상해없음,승용,남,47세,경상
2013043000100415,2013년 4월 30일 17시,화요일,인천광역시 남구 주안동,경상사고,0,0,1,0,차대사람 - 횡단중,안전운전불이행,건조,맑음,단일로 - 기타,승용,여,20세,상해없음,보행자,여,48세,경상
2013043000100451,2013년 4월 30일 18시,화요일,인천광역시 남구 도화동,경상사고,0,0,3,1,차대차 - 기타,안전운전불이행,건조,맑음,기타 - 기타,승용,여,54세,상해없음,승용,남,38세,경상
2013043000100452,2013년 4월 30일 18시,화요일,인천광역시 남동구 간석동,경상사고,0,0,3,0,차대차 - 측면직각충돌,차로위반,건조,맑음,교차로 - 교차로부근,승용,남,49세,상해없음,승용,남,32세,경상
2013043000100453,2013년 4월 30일 18시,화요일,인천광역시 강화군 화도면,중상사고,0,1,0,0,차대차 - 측면직각충돌,안전운전불이행,건조,맑음,교차로 - 교차로안,화물,남,53세,상해없음,승용,여,19세,중상
2013043000100454,2013년 4월 30일 18시,화요일,인천광역시 부평구 부평동,경상사고,0,0,1,0,차대사람 - 길가장자리구역통행중,안전운전불이행,건조,맑음,단일로 - 기타,승용,여,24세,상해없음,보행자,여,21세,경상
2013043000100485,2013년 4월 30일 19시,화요일,인천광역시 부평구 십정동,경상사고,0,0,1,0,차대차 - 측면직각충돌,안전운전불이행,건조,맑음,단일로 - 기타,승합,남,40세,상해없음,이륜,남,23세,경상