사고번호,사고일시,요일,시군구,사고내용,사망자수,중상자수,경상자수,부상신고자수,사고유형,법규위반,노면상태,기상상태,도로형태,가해운전자 차종,가해운전자 성별,가해운전자 연령,가해운전자 상해정도,피해운전자 차종,피해운전자 성별,피해운전자 연령,피해운전자 상해정도
2013051400100565,2013년 5월 14일 20시,화요일,인천광역시 남동구 간석동,경상사고,0,0,2,0,차대차 - 추돌 - 주정차중,안전운전불이행,건조,맑음,단일로 - 기타,승용,여,35세,상해없음,승용,남,40세,경상
2013051400100566,2013년 5월 14일 20시,화요일,인천광역시 남동구 만수동,경상사고,0,0,1,0,차대사람 - 기타,안전운전불이행,건조,맑음,단일로 - 기타,화물,남,50세,상해없음,보행자,남,52세,경상
2013051400100567,2013년 5월 14일 20시,화요일,인천광역시 연수구 송도동,중상사고,0,1,0,0,차대사람 - 횡단중,신호위반,건조,맑음,교차로 - 교차로부근,이륜,남,16세,상해없음,보행자,여,56세,중상
2013051400100595,2013년 5월 14일 21시,화요일,인천광역시 부평구 일신동,경상사고,0,0,1,0,차대차 - 추돌 - 진행중,안전거리미확보,건조,맑음,기타 - 기타,승용,남,27세,상해없음,승용,남,54세,경상
2013051400100624,2013년 5월 14일 22시,화요일,인천광역시 남구 주안동,경상사고,0,0,1,0,차대사람 - 횡단중,안전운전불이행,건조,맑음,단일로 - 기타,승합,남,52세,상해없음,보행자,남,52세,경상
2013051400100625,2013년 5월 14일 22시,화요일,인천광역시 남구 숭의동,경상사고,0,0,2,0,차대차 - 측면직각충돌,불법유턴,건조,맑음,교차로 - 교차로부근,승용,남,58세,상해없음,승용,남,25세,경상
2013051400100626,2013년 5월 14일 22시,화요일,인천광역시 연수구 연수동,중상사고,0,2,3,0,차대차 - 추돌 - 주정차중,안전운전불이행,건조,맑음,교차로 - 교차로부근,승용,남,38세,상해없음,승용,남,51세,경상
2013051400100627,2013년 5월 14일 22시,화요일,인천광역시 연수구 송도동,중상사고,0,1,0,0,차대사람 - 횡단중,안전운전불이행,건조,맑음,단일로 - 기타,승용,남,39세,상해없음,보행자,남,59세,중상
2013051500100015,2013년 5월 15일 00시,수요일,인천광역시 계양구 용종동,중상사고,0,1,0,0,차대사람 - 횡단중,안전운전불이행,건조,맑음,교차로 - 교차로안,승용,남,41세,상해없음,보행자,남,38세,중상
2013051500100016,2013년 5월 15일 00시,수요일,인천광역시 연수구 선학동,경상사고,0,0,1,0,차대사람 - 길가장자리구역통행중,불법유턴,건조,맑음,단일로 - 기타,승용,남,56세,상해없음,보행자,남,20세,경상
2013051500100033,2013년 5월 15일 01시,수요일,인천광역시 계양구 계산동,경상사고,0,0,1,0,차대차 - 정면충돌,중앙선침범,건조,맑음,단일로 - 기타,승용,남,26세,상해없음,승용,남,49세,경상
2013051500100053,2013년 5월 15일 03시,수요일,인천광역시 남동구 논현동,경상사고,0,0,1,0,차대차 - 측면직각충돌,신호위반,건조,맑음,교차로 - 교차로안,승용,남,30세,상해없음,승용,남,20세,경상
2013051500100061,2013년 5월 15일 04시,수요일,인천광역시 남구 용현동,경상사고,0,0,1,0,차대차 - 추돌 - 주정차중,안전운전불이행,건조,맑음,교차로 - 교차로부근,승용,남,29세,상해없음,승용,남,27세,경상
2013051500100062,2013년 5월 15일 04시,수요일,인천광역시 남구 주안동,경상사고,0,0,1,0,차대차 - 측면직각충돌,신호위반,건조,맑음,교차로 - 교차로안,승용,남,25세,상해없음,승용,여,26세,경상
2013051500100107,2013년 5월 15일 07시,수요일,인천광역시 계양구 병방동,중상사고,0,2,0,0,차대사람 - 횡단중,보행자보호의무위반,건조,맑음,단일로 - 기타,승합,남,39세,상해없음,보행자,여,15세,중상
2013051500100108,2013년 5월 15일 07시,수요일,인천광역시 계양구 용종동,경상사고,0,0,1,0,차대차 - 측면직각충돌,안전운전불이행,건조,맑음,교차로 - 교차로부근,승용,남,38세,상해없음,승용,남,49세,경상
2013051500100109,2013년 5월 15일 07시,수요일,인천광역시 서구 가정동,경상사고,0,0,1,0,차대차 - 기타,안전운전불이행,건조,흐림,미분류 - 미분류,승용,여,42세,상해없음,승용,남,55세,경상
2013051500100144,2013년 5월 15일 08시,수요일,인천광역시 남구 주안동,경상사고,0,0,1,0,차대사람 - 횡단중,보행자보호의무위반,건조,맑음,단일로 - 횡단보도상,기타불명,기타불명,기타불명,기타불명,보행자,남,16세,경상
2013051500100174,2013년 5월 15일 09시,수요일,인천광역시 남구 학익동,경상사고,0,0,1,0,차대차 - 기타,안전운전불이행,건조,맑음,단일로 - 기타,승용,남,66세,상해없음,승용,여,37세,경상
2013051500100226,2013년 5월 15일 11시,수요일,인천광역시 동구 창영동,중상사고,0,1,0,0,차대사람 - 횡단중,신호위반,건조,맑음,단일로 - 횡단보도상,승용,남,79세,상해없음,보행자,남,61세,중상
2013051500100347,2013년 5월 15일 15시,수요일,인천광역시 계양구 작전동,경상사고,0,0,1,0,차대차 - 기타,안전운전불이행,건조,맑음,단일로 - 기타,승용,기타불명,기타불명,기타불명,자전거,남,76세,경상
2013051500100407,2013년 5월 15일 16시,수요일,인천광역시 부평구 부평동,경상사고,0,0,1,0,차대사람 - 기타,안전운전불이행,건조,맑음,단일로 - 기타,승용,여,35세,상해없음,보행자,여,13세,경상
2013051500100446,2013년 5월 15일 17시,수요일,인천광역시 남구 도화동,경상사고,0,0,1,0,차대사람 - 횡단중,신호위반,건조,맑음,교차로 - 교차로안,화물,남,24세,상해없음,보행자,여,47세,경상
2013051500100447,2013년 5월 15일 17시,수요일,인천광역시 연수구 송도동,경상사고,0,0,1,0,차량단독 - 기타,기타,건조,맑음,단일로 - 기타,승합,남,58세,상해없음,,,,
2013051500100498,2013년 5월 15일 18시,수요일,인천광역시 부평구 부평동,중상사고,0,1,0,0,차대사람 - 횡단중,안전운전불이행,건조,맑음,단일로 - 기타,승용,남,55세,상해없음,보행자,여,14세,중상
2013051500100499,2013년 5월 15일 18시,수요일,인천광역시 남동구 구월동,경상사고,0,0,1,0,차대차 - 추돌 - 주정차중,안전운전불이행,건조,맑음,교차로 - 교차로부근,승용,남,51세,상해없음,승용,남,47세,경상
2013051500100500,2013년 5월 15일 18시,수요일,인천광역시 계양구 계산동,중상사고,0,3,0,0,차대차 - 정면충돌,중앙선침범,건조,맑음,교차로 - 교차로부근,승용,남,24세,기타불명,승용,남,58세,중상
2013051500100536,2013년 5월 15일 19시,수요일,인천광역시 서구 검암동,중상사고,0,1,0,0,차대사람 - 횡단중,안전운전불이행,건조,맑음,단일로 - 기타,이륜,남,18세,상해없음,보행자,여,46세,중상
2013051500100537,2013년 5월 15일 19시,수요일,인천광역시 연수구 동춘동,경상사고,0,0,1,0,차대차 - 측면직각충돌,안전거리미확보,건조,맑음,교차로 - 교차로부근,승용,남,53세,상해없음,화물,남,28세,경상
2013051500100573,2013년 5월 15일 20시,수요일,인천광역시 부평구 부평동,경상사고,0,0,1,0,차대차 - 측면직각충돌,신호위반,건조,흐림,교차로 - 교차로부근,승용,여,53세,상해없음,이륜,남,42세,경상
2013051500100574,2013년 5월 15일 20시,수요일,인천광역시 서구 금곡동,경상사고,0,0,8,0,차대차 - 추돌 - 주정차중,안전운전불이행,건조,맑음,단일로 - 기타,승용,남,34세,상해없음,승합,남,31세,경상
2013051500100575,2013년 5월 15일 20시,수요일,인천광역시 부평구 갈산동,중상사고,0,1,0,0,차대사람 - 횡단중,신호위반,건조,맑음,단일로 - 횡단보도상,자전거,남,30세,상해없음,보행자,여,43세,중상
2013051500100608,2013년 5월 15일 21시,수요일,인천광역시 남구 학익동,경상사고,0,0,1,0,차대차 - 기타,안전거리미확보,건조,맑음,교차로 - 교차로부근,승용,남,21세,상해없음,이륜,남,21세,경상
2013051500100609,2013년 5월 15일 21시,수요일,인천광역시 부평구 십정동,경상사고,0,0,2,0,차대차 - 측면직각충돌,차로위반,건조,맑음,단일로 - 기타,승용,남,47세,상해없음,승용,남,54세,상해없음
2013051500100672,2013년 5월 15일 23시,수요일,인천광역시 부평구 갈산동,경상사고,0,0,1,0,차대차 - 추돌 - 진행중,안전운전불이행,건조,맑음,교차로 - 교차로부근,승용,남,39세,상해없음,승용,남,29세,경상
2013051600100036,2013년 5월 16일 01시,목요일,인천광역시 서구 가정동,중상사고,0,1,3,0,차대차 - 추돌 - 진행중,안전운전불이행,건조,맑음,단일로 - 기타,화물,남,34세,상해없음,승합,남,49세,경상
2013051600100037,2013년 5월 16일 01시,목요일,인천광역시 부평구 갈산동,경상사고,0,0,1,0,차대차 - 측면직각충돌,안전운전불이행,건조,맑음,교차로 - 교차로안,승용,남,48세,상해없음,승용,남,52세,경상
2013051600100055,2013년 5월 16일 02시,목요일,인천광역시 계양구 효성동,중상사고,0,2,0,0,차대차 - 측면직각충돌,교차로운행방법위반,건조,맑음,교차로 - 교차로안,승용,남,50세,상해없음,승용,남,44세,중상
2013051600100056,2013년 5월 16일 02시,목요일,인천광역시 연수구 동춘동,중상사고,0,1,0,0,차대사람 - 차도통행중,안전운전불이행,건조,맑음,교차로 - 교차로안,승용,남,53세,상해없음,보행자,남,50세,중상
2013051600100072,2013년 5월 16일 03시,목요일,인천광역시 중구 운서동,중상사고,0,1,0,0,차대사람 - 횡단중,안전운전불이행,건조,맑음,단일로 - 기타,특수,남,36세,상해없음,보행자,남,19세,중상
2013051600100085,2013년 5월 16일 04시,목요일,인천광역시 남구 도화동,경상사고,0,0,2,0,차대차 - 측면직각충돌,안전거리미확보,건조,맑음,단일로 - 기타,승용,남,49세,상해없음,승용,여,21세,경상
2013051600100134,2013년 5월 16일 07시,목요일,인천광역시 부평구 삼산동,경상사고,0,0,1,0,차대차 - 측면직각충돌,안전거리미확보,건조,맑음,단일로 - 기타,승용,남,52세,상해없음,승용,남,34세,경상
2013051600100216,2013년 5월 16일 09시,목요일,인천광역시 남구 숭의동,중상사고,0,1,0,0,차대차 - 정면충돌,중앙선침범,건조,맑음,단일로 - 기타,승용,남,58세,상해없음,화물,남,47세,중상
2013051600100217,2013년 5월 16일 09시,목요일,인천광역시 서구 왕길동,경상사고,0,0,1,0,차대차 - 기타,안전운전불이행,건조,맑음,단일로 - 기타,승용,여,57세,상해없음,승합,여,58세,경상
2013051600100251,2013년 5월 16일 10시,목요일,인천광역시 부평구 청천동,경상사고,0,0,2,0,차대차 - 기타,안전운전불이행,건조,맑음,단일로 - 기타,승용,남,19세,경상,승용,여,48세,경상
2013051600100279,2013년 5월 16일 11시,목요일,인천광역시 남구 주안동,경상사고,0,0,1,0,차대차 - 측면직각충돌,안전거리미확보,건조,맑음,교차로 - 교차로부근,승합,남,50세,상해없음,승용,남,31세,경상
2013051600100280,2013년 5월 16일 11시,목요일,인천광역시 부평구 산곡동,경상사고,0,0,1,0,차대차 - 추돌 - 진행중,안전운전불이행,건조,맑음,교차로 - 교차로부근,승용,여,33세,상해없음,승용,남,53세,경상
2013051600100281,2013년 5월 16일 11시,목요일,인천광역시 부평구 부개동,중상사고,0,1,0,0,차대차 - 측면직각충돌,신호위반,건조,맑음,단일로 - 횡단보도상,화물,남,48세,상해없음,자전거,여,41세,중상
2013051600100308,2013년 5월 16일 12시,목요일,인천광역시 서구 석남동,경상사고,0,0,2,0,차량단독 - 공작물충돌,안전운전불이행,건조,맑음,기타 - 기타,승용,남,49세,경상,,,,
2013051600100366,2013년 5월 16일 14시,목요일,인천광역시 남동구 간석동,경상사고,0,0,2,0,차대차 - 기타,안전운전불이행,건조,맑음,단일로 - 기타,승용,남,33세,경상,승용,여,52세,경상
2013051600100398,2013년 5월 16일 15시,목요일,인천광역시 중구 항동7가,경상사고,0,0,1,0,차대차 - 기타,안전운전불이행,건조,맑음,단일로 - 기타,화물,남,48세,상해없음,자전거,남,60세,경상
2013051600100399,2013년 5월 16일 15시,목요일,인천광역시 남동구 만수동,중상사고,0,2,1,0,차대차 - 측면직각충돌,안전거리미확보,건조,맑음,단일로 - 기타,승용,남,26세,상해없음,화물,남,48세,상해없음
2013051600100400,2013년 5월 16일 15시,목요일,인천광역시 남동구 간석동,경상사고,0,0,1,0,차대차 - 측면직각충돌,안전운전불이행,건조,맑음,교차로 - 교차로부근,승용,여,46세,기타불명,승용,여,35세,경상
2013051600100401,2013년 5월 16일 15시,목요일,인천광역시 계양구 계산동,경상사고,0,0,1,0,차대차 - 측면직각충돌,안전운전불이행,건조,맑음,교차로 - 교차로안,승용,여,48세,상해없음,이륜,남,35세,경상
2013051600100402,2013년 5월 16일 15시,목요일,인천광역시 계양구 계산동,경상사고,0,0,1,0,차대차 - 추돌 - 주정차중,안전운전불이행,건조,맑음,단일로 - 터널,화물,남,51세,상해없음,승용,남,26세,경상
2013051600100443,2013년 5월 16일 16시,목요일,인천광역시 남구 도화동,경상사고,0,0,3,0,차대차 - 측면직각충돌,안전운전불이행,건조,맑음,단일로 - 기타,이륜,남,16세,상해없음,승용,남,47세,경상
2013051600100444,2013년 5월 16일 16시,목요일,인천광역시 연수구 송도동,경상사고,0,0,1,0,차대사람 - 기타,안전운전불이행,건조,맑음,단일로 - 기타,이륜,남,21세,상해없음,보행자,남,45세,경상
2013051600100491,2013년 5월 16일 17시,목요일,인천광역시 중구 신흥동3가,경상사고,0,0,1,0,차대차 - 측면직각충돌,안전운전불이행,건조,맑음,단일로 - 기타,승용,남,64세,상해없음,자전거,남,5세,경상
2013051600100492,2013년 5월 16일 17시,목요일,인천광역시 서구 신현동,중상사고,0,1,0,0,차대사람 - 기타,안전운전불이행,건조,맑음,단일로 - 횡단보도상,승합,남,41세,상해없음,보행자,여,13세,중상
2013051600100493,2013년 5월 16일 17시,목요일,인천광역시 계양구 계산동,경상사고,0,0,1,0,차대차 - 추돌 - 주정차중,안전운전불이행,건조,맑음,단일로 - 횡단보도부근,승용,남,46세,상해없음,승용,여,46세,경상
2013051600100564,2013년 5월 16일 19시,목요일,인천광역시 서구 신현동,중상사고,0,1,0,0,차대차 - 기타,중앙선침범,건조,맑음,단일로 - 기타,승용,남,42세,상해없음,이륜,남,43세,중상
2013051600100599,2013년 5월 16일 20시,목요일,인천광역시 부평구 십정동,중상사고,0,1,0,0,차대차 - 기타,신호위반,건조,맑음,교차로 - 교차로안,승용,남,36세,상해없음,이륜,남,39세,중상
2013051600100636,2013년 5월 16일 21시,목요일,인천광역시 부평구 산곡동,경상사고,0,0,1,0,차대차 - 측면직각충돌,안전운전불이행,건조,맑음,단일로 - 기타,원동기,남,22세,경상,승용,남,41세,상해없음
2013051600100637,2013년 5월 16일 21시,목요일,인천광역시 남동구 간석동,중상사고,0,1,0,0,차대차 - 정면충돌,안전운전불이행,건조,맑음,단일로 - 기타,승용,남,30세,상해없음,원동기,남,42세,중상
2013051600100661,2013년 5월 16일 22시,목요일,인천광역시 남구 주안동,경상사고,0,0,1,0,차대차 - 측면직각충돌,안전거리미확보,건조,맑음,단일로 - 기타,승용,남,38세,상해없음,원동기,남,17세,경상
2013051600100662,2013년 5월 16일 22시,목요일,인천광역시 남동구 남촌동,경상사고,0,0,1,0,차대차 - 측면직각충돌,차로위반,건조,맑음,단일로 - 기타,승용,남,59세,상해없음,승용,여,31세,경상
2013051600100663,2013년 5월 16일 22시,목요일,인천광역시 서구 가좌동,경상사고,0,0,1,0,차량단독 - 기타,안전운전불이행,건조,맑음,단일로 - 기타,승합,남,56세,상해없음,,,,
2013051600100699,2013년 5월 16일 23시,목요일,인천광역시 남동구 만수동,경상사고,0,0,1,0,차대사람 - 기타,안전운전불이행,건조,맑음,교차로 - 교차로안,승용,남,33세,상해없음,보행자,남,54세,상해없음
2013051600100700,2013년 5월 16일 23시,목요일,인천광역시 서구 가좌동,중상사고,0,1,0,0,차대차 - 측면직각충돌,안전운전불이행,건조,흐림,단일로 - 기타,원동기,남,28세,상해없음,승용,남,44세,중상
2013051600100701,2013년 5월 16일 23시,목요일,인천광역시 서구 석남동,경상사고,0,0,1,0,차대사람 - 기타,안전운전불이행,건조,맑음,단일로 - 기타,승용,여,31세,상해없음,보행자,여,18세,경상
2013051700100019,2013년 5월 17일 00시,금요일,인천광역시 남동구 구월동,경상사고,0,0,1,0,차대차 - 추돌 - 주정차중,안전운전불이행,건조,맑음,교차로 - 교차로안,승용,남,52세,상해없음,승용,여,40세,경상
2013051700100044,2013년 5월 17일 01시,금요일,인천광역시 부평구 산곡동,경상사고,0,0,1,0,차대사람 - 횡단중,안전운전불이행,건조,맑음,단일로 - 기타,승용,남,59세,상해없음,보행자,남,45세,경상
2013051700100045,2013년 5월 17일 01시,금요일,인천광역시 부평구 부개동,경상사고,0,0,2,1,차대차 - 측면직각충돌,신호위반,건조,맑음,교차로 - 교차로안,승용,남,45세,상해없음,승용,남,57세,경상
2013051700100107,2013년 5월 17일 04시,금요일,인천광역시 남동구 간석동,경상사고,0,0,1,0,차대차 - 측면직각충돌,차로위반,건조,맑음,교차로 - 교차로부근,승용,남,28세,상해없음,승용,남,48세,경상
2013051700100108,2013년 5월 17일 04시,금요일,인천광역시 서구 석남동,중상사고,0,1,0,0,차대차 - 기타,안전운전불이행,건조,맑음,교차로 - 교차로안,승용,남,43세,상해없음,자전거,남,66세,중상
2013051700100109,2013년 5월 17일 04시,금요일,인천광역시 부평구 부개동,경상사고,0,0,1,0,차대사람 - 기타,안전운전불이행,건조,흐림,기타 - 기타,승용,남,33세,상해없음,보행자,남,48세,경상
2013051700100163,2013년 5월 17일 07시,금요일,인천광역시 부평구 산곡동,경상사고,0,0,2,0,차대차 - 측면직각충돌,신호위반,건조,맑음,교차로 - 교차로안,승용,남,28세,상해없음,승용,남,70세,경상
2013051700100202,2013년 5월 17일 09시,금요일,인천광역시 서구 검암동,경상사고,0,0,3,0,차대차 - 추돌 - 진행중,안전운전불이행,건조,맑음,단일로 - 기타,승용,여,41세,상해없음,승용,남,36세,경상
2013051700100226,2013년 5월 17일 10시,금요일,인천광역시 남구 주안동,경상사고,0,0,1,0,차대차 - 기타,안전거리미확보,건조,맑음,기타 - 기타,승용,남,49세,상해없음,이륜,남,23세,경상
2013051700100227,2013년 5월 17일 10시,금요일,인천광역시 남동구 간석동,경상사고,0,0,2,0,차대차 - 측면직각충돌,차로위반,건조,맑음,교차로 - 교차로안,승용,여,44세,상해없음,승용,남,34세,경상
2013051700100228,2013년 5월 17일 10시,금요일,인천광역시 서구 가좌동,경상사고,0,0,5,0,차대차 - 기타,안전운전불이행,건조,맑음,기타 - 기타,승용,남,64세,상해없음,승용,여,45세,경상
2013051700100293,2013년 5월 17일 12시,금요일,인천광역시 계양구 선주지동,경상사고,0,0,1,0,차대사람 - 길가장자리구역통행중,안전운전불이행,건조,맑음,단일로 - 기타,승용,남,49세,상해없음,보행자,남,46세,경상
2013051700100373,2013년 5월 17일 14시,금요일,인천광역시 부평구 십정동,중상사고,0,1,0,0,차대사람 - 기타,안전운전불이행,건조,맑음,단일로 - 기타,승용,여,29세,상해없음,보행자,여,67세,중상
2013051700100374,2013년 5월 17일 14시,금요일,인천광역시 연수구 옥련동,중상사고,0,1,0,0,차대차 - 측면직각충돌,교차로운행방법위반,건조,맑음,교차로 - 교차로안,승용,남,52세,상해없음,승용,남,55세,중상
2013051700100408,2013년 5월 17일 15시,금요일,인천광역시 남동구 논현동,중상사고,0,1,2,0,차대차 - 측면직각충돌,안전운전불이행,건조,맑음,단일로 - 기타,승용,남,61세,상해없음,승용,남,71세,경상
2013051700100409,2013년 5월 17일 15시,금요일,인천광역시 서구 신현동,중상사고,0,2,1,0,차대사람 - 횡단중,신호위반,건조,맑음,교차로 - 교차로부근,이륜,남,16세,상해없음,보행자,여,53세,중상
2013051700100445,2013년 5월 17일 16시,금요일,인천광역시 동구 송현동,중상사고,0,1,10,0,차대차 - 추돌 - 진행중,안전운전불이행,건조,맑음,단일로 - 기타,승용,남,37세,상해없음,승용,남,41세,중상
2013051700100446,2013년 5월 17일 16시,금요일,인천광역시 남구 용현동,경상사고,0,0,1,0,차대차 - 추돌 - 진행중,안전운전불이행,건조,맑음,단일로 - 기타,기타불명,기타불명,기타불명,기타불명,승용,남,48세,경상
2013051700100447,2013년 5월 17일 16시,금요일,인천광역시 연수구 선학동,경상사고,0,0,1,0,차대차 - 기타,안전운전불이행,건조,맑음,기타 - 기타,승용,남,55세,상해없음,자전거,남,20세,경상
2013051700100483,2013년 5월 17일 17시,금요일,인천광역시 서구 석남동,부상신고사고,0,0,0,1,차대차 - 기타,안전운전불이행,건조,맑음,단일로 - 기타,승용,기타불명,기타불명,기타불명,이륜,남,16세,부상신고
2013051700100512,2013년 5월 17일 18시,금요일,인천광역시 부평구 부평동,중상사고,0,1,0,0,차대차 - 측면직각충돌,교차로운행방법위반,건조,맑음,교차로 - 교차로안,승용,남,51세,상해없음,승용,여,44세,중상
2013051700100645,2013년 5월 17일 22시,금요일,인천광역시 서구 신현동,중상사고,0,2,0,0,차대차 - 측면직각충돌,신호위반,건조,맑음,교차로 - 교차로안,이륜,남,30세,중상,승용,남,55세,상해없음
2013051700100664,2013년 5월 17일 23시,금요일,인천광역시 남동구 구월동,경상사고,0,0,1,0,차대차 - 측면직각충돌,신호위반,건조,맑음,교차로 - 교차로안,승용,남,33세,상해없음,승용,남,57세,경상
2013051800100019,2013년 5월 18일 00시,토요일,인천광역시 남구 주안동,경상사고,0,0,1,0,차대차 - 기타,안전운전불이행,건조,맑음,교차로 - 교차로안,승용,남,21세,상해없음,승용,남,52세,경상
2013051800100020,2013년 5월 18일 00시,토요일,인천광역시 남동구 서창동,경상사고,0,0,1,0,차대사람 - 기타,안전운전불이행,건조,맑음,교차로 - 교차로안,화물,남,50세,상해없음,보행자,남,38세,경상
2013051800100021,2013년 5월 18일 00시,토요일,인천광역시 계양구 계산동,경상사고,0,0,2,0,차대차 - 측면직각충돌,안전운전불이행,건조,맑음,단일로 - 기타,승용,남,42세,상해없음,원동기,남,18세,경상
2013051800100032,2013년 5월 18일 01시,토요일,인천광역시 중구 을왕동,경상사고,0,0,1,0,차대차 - 추돌 - 진행중,안전운전불이행,건조,맑음,교차로 - 교차로부근,승용,남,31세,상해없음,승용,남,56세,경상
2013051800100033,2013년 5월 18일 01시,토요일,인천광역시 부평구 부평동,경상사고,0,0,1,0,차대사람 - 기타,신호위반,건조,흐림,단일로 - 기타,승용,남,21세,상해없음,보행자,여,66세,경상
2013051800100080,2013년 5월 18일 04시,토요일,인천광역시 남동구 구월동,경상사고,0,0,1,0,차대차 - 추돌 - 주정차중,안전운전불이행,건조,맑음,단일로 - 기타,승용,남,21세,상해없음,승용,남,47세,경상
2013051800100121,2013년 5월 18일 07시,토요일,인천광역시 남동구 간석동,경상사고,0,0,2,0,차대차 - 추돌 - 진행중,안전거리미확보,건조,맑음,단일로 - 기타,승용,남,51세,상해없음,승용,남,52세,경상
2013051800100143,2013년 5월 18일 08시,토요일,인천광역시 남동구 간석동,사망사고,1,0,0,0,차대사람 - 차도통행중,안전운전불이행,건조,맑음,단일로 - 기타,승용,남,68세,상해없음,보행자,여,77세,사망
2013051800100186,2013년 5월 18일 10시,토요일,인천광역시 남동구 만수동,경상사고,0,0,1,0,차대차 - 추돌 - 주정차중,안전운전불이행,건조,맑음,단일로 - 기타,승용,남,27세,상해없음,승용,남,70세,경상
2013051800100205,2013년 5월 18일 11시,토요일,인천광역시 남구 도화동,중상사고,0,1,0,0,차대사람 - 기타,안전운전불이행,건조,맑음,교차로 - 교차로안,승용,남,51세,상해없음,보행자,남,73세,중상
2013051800100206,2013년 5월 18일 11시,토요일,인천광역시 강화군 화도면,경상사고,0,0,1,0,차대차 - 측면직각충돌,중앙선침범,건조,맑음,단일로 - 기타,승용,남,37세,상해없음,승용,여,56세,경상
2013051800100232,2013년 5월 18일 12시,토요일,인천광역시 남동구 간석동,중상사고,0,1,0,0,차량단독 - 기타,기타,건조,맑음,단일로 - 기타,승합,남,60세,상해없음,,,,
2013051800100285,2013년 5월 18일 14시,토요일,인천광역시 남동구 간석동,중상사고,0,1,0,0,차대차 - 측면직각충돌,기타,건조,맑음,단일로 - 기타,승용,남,60세,상해없음,자전거,남,77세,중상
2013051800100392,2013년 5월 18일 17시,토요일,인천광역시 남구 도화동,경상사고,0,0,1,0,차대차 - 측면직각충돌,안전운전불이행,습기,비,단일로 - 기타,승용,여,61세,상해없음,승용,남,31세,경상
2013051800100393,2013년 5월 18일 17시,토요일,인천광역시 남구 주안동,경상사고,0,0,1,0,차대차 - 측면직각충돌,기타,습기,비,교차로 - 교차로부근,승용,남,56세,상해없음,이륜,남,19세,경상
2013051800100493,2013년 5월 18일 20시,토요일,인천광역시 연수구 연수동,경상사고,0,0,1,0,차대차 - 측면직각충돌,안전운전불이행,건조,맑음,단일로 - 기타,승용,남,18세,상해없음,원동기,남,20세,경상
2013051800100551,2013년 5월 18일 21시,토요일,인천광역시 중구 을왕동,중상사고,0,1,0,0,차대사람 - 기타,보행자보호의무위반,건조,맑음,단일로 - 횡단보도상,화물,남,60세,상해없음,보행자,남,23세,중상
2013051800100552,2013년 5월 18일 21시,토요일,인천광역시 연수구 동춘동,경상사고,0,0,1,0,차대차 - 추돌 - 주정차중,안전거리미확보,습기,비,교차로 - 교차로안,승용,남,62세,상해없음,이륜,남,17세,경상
2013051800100553,2013년 5월 18일 21시,토요일,인천광역시 부평구 갈산동,부상신고사고,0,0,0,1,차대사람 - 기타,안전운전불이행,습기,비,단일로 - 기타,승용,남,50세,상해없음,보행자,남,53세,부상신고
2013051800100619,2013년 5월 18일 22시,토요일,인천광역시 동구 송현동,경상사고,0,0,2,0,차대차 - 측면직각충돌,신호위반,습기,비,교차로 - 교차로안,승용,남,46세,상해없음,승용,남,29세,경상
2013051800100620,2013년 5월 18일 22시,토요일,인천광역시 부평구 부개동,경상사고,0,0,1,0,차대차 - 추돌 - 진행중,안전운전불이행,습기,비,단일로 - 기타,승용,남,41세,상해없음,승용,남,58세,경상
2013051800100673,2013년 5월 18일 23시,토요일,인천광역시 부평구 부평동,중상사고,0,1,0,0,차대차 - 기타,직진우회전진행방해,건조,맑음,교차로 - 교차로안,승용,남,49세,상해없음,원동기,남,21세,중상
2013051800100674,2013년 5월 18일 23시,토요일,인천광역시 남동구 만수동,경상사고,0,0,1,0,차대사람 - 기타,안전운전불이행,습기,비,단일로 - 기타,승용,여,22세,상해없음,보행자,남,26세,경상
2013051900100041,2013년 5월 19일 00시,일요일,인천광역시 남동구 간석동,경상사고,0,0,1,0,차대사람 - 보도통행중,안전운전불이행,건조,맑음,단일로 - 기타,승용,남,44세,상해없음,보행자,남,41세,경상
2013051900100042,2013년 5월 19일 00시,일요일,인천광역시 서구 당하동,중상사고,0,1,0,0,차대차 - 정면충돌,중앙선침범,습기,비,단일로 - 기타,승용,남,32세,상해없음,승용,여,37세,중상
2013051900100077,2013년 5월 19일 01시,일요일,인천광역시 부평구 삼산동,경상사고,0,0,1,0,차대차 - 정면충돌,신호위반,습기,비,교차로 - 교차로안,승용,남,59세,상해없음,승용,남,50세,경상
2013051900100108,2013년 5월 19일 02시,일요일,인천광역시 동구 송림동,중상사고,0,1,2,0,차대차 - 측면직각충돌,기타,습기,비,교차로 - 교차로안,승용,남,53세,상해없음,승용,여,53세,경상
2013051900100109,2013년 5월 19일 02시,일요일,인천광역시 남동구 논현동,경상사고,0,0,3,1,차대차 - 기타,차로위반,습기,비,교차로 - 교차로부근,승용,남,43세,부상신고,승용,남,65세,경상