사고번호,사고일시,요일,시군구,사고내용,사망자수,중상자수,경상자수,부상신고자수,사고유형,법규위반,노면상태,기상상태,도로형태,가해운전자 차종,가해운전자 성별,가해운전자 연령,가해운전자 상해정도,피해운전자 차종,피해운전자 성별,피해운전자 연령,피해운전자 상해정도
2013052400100384,2013년 5월 24일 16시,금요일,인천광역시 남구 주안동,경상사고,0,0,1,0,차대사람 - 횡단중,안전운전불이행,건조,맑음,교차로 - 교차로안,기타불명,기타불명,기타불명,기타불명,보행자,여,40세,경상
2013052400100385,2013년 5월 24일 16시,금요일,인천광역시 남동구 구월동,경상사고,0,0,1,0,차대차 - 기타,안전운전불이행,건조,맑음,단일로 - 기타,승용,여,47세,상해없음,화물,남,33세,상해없음
2013052400100386,2013년 5월 24일 16시,금요일,인천광역시 연수구 동춘동,경상사고,0,0,1,0,차대차 - 측면직각충돌,안전운전불이행,건조,맑음,교차로 - 교차로안,승용,남,35세,상해없음,승용,여,32세,경상
2013052400100432,2013년 5월 24일 17시,금요일,인천광역시 남구 도화동,경상사고,0,0,1,0,차대차 - 추돌 - 진행중,안전운전불이행,건조,맑음,단일로 - 기타,승용,남,75세,상해없음,승용,남,46세,상해없음
2013052400100433,2013년 5월 24일 17시,금요일,인천광역시 부평구 산곡동,경상사고,0,0,1,0,차대사람 - 기타,안전운전불이행,건조,맑음,단일로 - 기타,승용,남,47세,기타불명,보행자,여,47세,경상
2013052400100434,2013년 5월 24일 17시,금요일,인천광역시 연수구 옥련동,경상사고,0,0,1,0,차대차 - 기타,안전운전불이행,건조,맑음,교차로 - 교차로안,기타불명,기타불명,기타불명,기타불명,자전거,남,14세,경상
2013052400100482,2013년 5월 24일 18시,금요일,인천광역시 서구 연희동,경상사고,0,0,2,0,차대차 - 기타,안전운전불이행,건조,맑음,교차로 - 교차로안,이륜,남,16세,경상,이륜,남,20세,경상
2013052400100517,2013년 5월 24일 19시,금요일,인천광역시 서구 검암동,경상사고,0,0,1,0,차대차 - 기타,안전운전불이행,건조,맑음,교차로 - 교차로안,승용,기타불명,기타불명,기타불명,승용,여,36세,경상
2013052400100518,2013년 5월 24일 19시,금요일,인천광역시 계양구 작전동,중상사고,0,1,0,0,차대사람 - 길가장자리구역통행중,안전운전불이행,건조,맑음,단일로 - 기타,승용,여,44세,상해없음,보행자,여,50세,중상
2013052400100552,2013년 5월 24일 20시,금요일,인천광역시 남동구 장수동,경상사고,0,0,1,0,차대차 - 기타,안전운전불이행,건조,맑음,단일로 - 교량,승용,남,26세,상해없음,승용,남,23세,경상
2013052400100553,2013년 5월 24일 20시,금요일,인천광역시 남동구 간석동,경상사고,0,0,1,0,차대차 - 기타,안전운전불이행,건조,맑음,단일로 - 기타,화물,남,58세,상해없음,승용,남,41세,경상
2013052400100589,2013년 5월 24일 21시,금요일,인천광역시 남구 용현동,경상사고,0,0,2,0,차대차 - 기타,안전운전불이행,건조,맑음,단일로 - 기타,승용,남,54세,상해없음,승용,여,31세,경상
2013052400100619,2013년 5월 24일 22시,금요일,인천광역시 서구 경서동,경상사고,0,0,3,0,차대차 - 추돌 - 주정차중,안전운전불이행,건조,맑음,교차로 - 교차로부근,승용,남,35세,기타불명,승용,남,55세,경상
2013052400100620,2013년 5월 24일 22시,금요일,인천광역시 서구 가정동,중상사고,0,1,1,0,차대차 - 기타,안전운전불이행,건조,맑음,단일로 - 기타,승용,남,60세,상해없음,승합,여,36세,상해없음
2013052500100022,2013년 5월 25일 00시,토요일,인천광역시 서구 가정동,중상사고,0,1,4,0,차대차 - 기타,안전운전불이행,건조,맑음,기타 - 기타,승용,남,46세,상해없음,승용,남,57세,경상
2013052500100023,2013년 5월 25일 00시,토요일,인천광역시 연수구 청학동,경상사고,0,0,1,0,차대차 - 추돌 - 진행중,안전운전불이행,건조,맑음,단일로 - 기타,승용,기타불명,기타불명,기타불명,승용,남,37세,경상
2013052500100049,2013년 5월 25일 01시,토요일,인천광역시 중구 신흥동1가,경상사고,0,0,2,0,차대차 - 추돌 - 주정차중,안전운전불이행,건조,맑음,교차로 - 교차로부근,승용,남,49세,상해없음,승용,남,55세,상해없음
2013052500100050,2013년 5월 25일 01시,토요일,인천광역시 남동구 간석동,경상사고,0,0,2,0,차대차 - 기타,안전운전불이행,건조,맑음,단일로 - 기타,승용,여,42세,상해없음,승용,남,33세,경상
2013052500100093,2013년 5월 25일 03시,토요일,인천광역시 계양구 작전동,중상사고,0,1,1,0,차대차 - 측면직각충돌,안전운전불이행,건조,맑음,교차로 - 교차로부근,승용,남,37세,상해없음,승용,남,61세,경상
2013052500100108,2013년 5월 25일 04시,토요일,인천광역시 부평구 청천동,사망사고,1,0,0,0,차대사람 - 기타,기타,건조,맑음,단일로 - 기타,승용,남,27세,상해없음,보행자,남,70세,사망
2013052500100169,2013년 5월 25일 07시,토요일,인천광역시 부평구 십정동,중상사고,0,1,0,0,차대차 - 측면직각충돌,안전거리미확보,건조,맑음,단일로 - 기타,화물,남,59세,상해없음,이륜,남,42세,중상
2013052500100196,2013년 5월 25일 08시,토요일,인천광역시 서구 가좌동,중상사고,0,1,0,0,차대차 - 기타,교차로운행방법위반,건조,맑음,교차로 - 교차로안,승용,남,40세,상해없음,자전거,남,53세,중상
2013052500100197,2013년 5월 25일 08시,토요일,인천광역시 서구 공촌동,경상사고,0,0,1,0,차대차 - 추돌 - 진행중,안전운전불이행,건조,맑음,단일로 - 기타,승용,남,58세,상해없음,승용,남,32세,경상
2013052500100198,2013년 5월 25일 08시,토요일,인천광역시 연수구 송도동,중상사고,0,1,0,0,차대사람 - 기타,안전운전불이행,건조,맑음,단일로 - 기타,자전거,남,16세,상해없음,보행자,여,56세,중상
2013052500100334,2013년 5월 25일 12시,토요일,인천광역시 남구 문학동,경상사고,0,0,1,0,차대사람 - 횡단중,안전운전불이행,건조,맑음,교차로 - 교차로부근,자전거,여,13세,상해없음,보행자,여,76세,경상
2013052500100335,2013년 5월 25일 12시,토요일,인천광역시 남동구 구월동,부상신고사고,0,0,0,1,차대사람 - 길가장자리구역통행중,안전운전불이행,건조,맑음,단일로 - 기타,기타불명,기타불명,기타불명,기타불명,보행자,여,76세,부상신고
2013052500100363,2013년 5월 25일 13시,토요일,인천광역시 남구 도화동,중상사고,0,1,3,0,차대차 - 측면직각충돌,신호위반,건조,맑음,교차로 - 교차로안,화물,남,56세,경상,승용,남,59세,경상
2013052500100364,2013년 5월 25일 13시,토요일,인천광역시 계양구 계산동,경상사고,0,0,1,0,차대차 - 기타,안전운전불이행,건조,맑음,단일로 - 기타,승용,여,46세,상해없음,자전거,남,61세,경상
2013052500100365,2013년 5월 25일 13시,토요일,인천광역시 계양구 계산동,경상사고,0,0,1,0,차대차 - 추돌 - 진행중,안전운전불이행,건조,맑음,기타 - 기타,승용,남,46세,상해없음,화물,여,27세,경상
2013052500100407,2013년 5월 25일 14시,토요일,인천광역시 남동구 논현동,중상사고,0,1,0,0,차대사람 - 기타,안전운전불이행,건조,맑음,기타 - 기타,승용,여,49세,상해없음,보행자,남,55세,중상
2013052500100408,2013년 5월 25일 14시,토요일,인천광역시 계양구 박촌동,중상사고,0,1,0,0,차대차 - 측면직각충돌,안전운전불이행,건조,맑음,단일로 - 기타,승용,남,40세,상해없음,자전거,남,13세,중상
2013052500100440,2013년 5월 25일 15시,토요일,인천광역시 중구 운서동,중상사고,0,1,0,0,차대사람 - 기타,안전운전불이행,건조,맑음,단일로 - 기타,승용,남,29세,상해없음,보행자,여,54세,중상
2013052500100478,2013년 5월 25일 16시,토요일,인천광역시 남구 주안동,경상사고,0,0,4,0,차대차 - 기타,안전운전불이행,건조,맑음,기타 - 기타,승용,남,42세,상해없음,승용,남,36세,경상
2013052500100517,2013년 5월 25일 17시,토요일,인천광역시 부평구 청천동,중상사고,0,1,0,0,차대차 - 측면직각충돌,교차로운행방법위반,건조,맑음,교차로 - 교차로부근,승용,남,58세,상해없음,자전거,남,60세,중상
2013052500100518,2013년 5월 25일 17시,토요일,인천광역시 연수구 청학동,경상사고,0,0,1,0,차대사람 - 기타,안전운전불이행,건조,맑음,단일로 - 기타,이륜,남,23세,상해없음,보행자,남,14세,경상
2013052500100519,2013년 5월 25일 17시,토요일,인천광역시 부평구 부평동,경상사고,0,0,1,0,차대차 - 측면직각충돌,안전운전불이행,건조,맑음,단일로 - 기타,승용,남,31세,상해없음,이륜,남,53세,경상
2013052500100560,2013년 5월 25일 18시,토요일,인천광역시 서구 석남동,중상사고,0,1,0,0,차대사람 - 횡단중,안전운전불이행,건조,맑음,교차로 - 교차로안,승합,남,34세,상해없음,보행자,남,3세,중상
2013052500100595,2013년 5월 25일 19시,토요일,인천광역시 남구 숭의동,중상사고,0,1,0,0,차대사람 - 기타,안전운전불이행,건조,맑음,교차로 - 교차로부근,화물,남,62세,상해없음,보행자,여,32세,중상
2013052500100596,2013년 5월 25일 19시,토요일,인천광역시 서구 석남동,경상사고,0,0,1,0,차대차 - 측면직각충돌,안전거리미확보,건조,맑음,교차로 - 교차로부근,승용,남,25세,상해없음,이륜,남,17세,경상
2013052500100597,2013년 5월 25일 19시,토요일,인천광역시 계양구 효성동,경상사고,0,0,1,0,차대차 - 측면직각충돌,안전운전불이행,건조,맑음,교차로 - 교차로안,이륜,남,39세,상해없음,자전거,남,10세,경상
2013052500100627,2013년 5월 25일 20시,토요일,인천광역시 남구 숭의동,경상사고,0,0,1,0,차대차 - 측면직각충돌,교차로운행방법위반,건조,맑음,교차로 - 교차로안,승합,남,30세,상해없음,이륜,남,25세,경상
2013052500100628,2013년 5월 25일 20시,토요일,인천광역시 남구 주안동,경상사고,0,0,1,0,차대사람 - 기타,안전운전불이행,건조,맑음,단일로 - 기타,승용,여,55세,상해없음,보행자,남,68세,경상
2013052500100629,2013년 5월 25일 20시,토요일,인천광역시 남동구 구월동,경상사고,0,0,1,0,차대차 - 측면직각충돌,신호위반,건조,맑음,교차로 - 교차로안,승용,남,55세,상해없음,승용,남,55세,경상
2013052500100630,2013년 5월 25일 20시,토요일,인천광역시 서구 심곡동,중상사고,0,2,0,0,차대차 - 측면직각충돌,안전운전불이행,건조,맑음,단일로 - 기타,이륜,남,17세,상해없음,이륜,남,33세,중상
2013052500100684,2013년 5월 25일 22시,토요일,인천광역시 서구 석남동,경상사고,0,0,1,0,차대차 - 측면직각충돌,신호위반,건조,맑음,교차로 - 교차로안,승합,남,41세,상해없음,승용,남,26세,경상
2013052500100715,2013년 5월 25일 23시,토요일,인천광역시 남동구 간석동,경상사고,0,0,2,0,차대차 - 기타,불법유턴,건조,맑음,교차로 - 교차로안,승용,남,28세,상해없음,승합,남,25세,경상
2013052500100716,2013년 5월 25일 23시,토요일,인천광역시 서구 원당동,경상사고,0,0,3,0,차대차 - 기타,안전거리미확보,건조,맑음,교차로 - 교차로부근,승용,남,25세,상해없음,승용,남,66세,경상
2013052600100016,2013년 5월 26일 00시,일요일,인천광역시 서구 공촌동,경상사고,0,0,2,0,차대차 - 추돌 - 주정차중,안전운전불이행,건조,맑음,단일로 - 기타,승용,남,39세,상해없음,승용,여,24세,경상
2013052600100058,2013년 5월 26일 02시,일요일,인천광역시 부평구 십정동,경상사고,0,0,1,0,차대차 - 추돌 - 주정차중,안전운전불이행,건조,맑음,교차로 - 교차로부근,승용,남,32세,상해없음,승용,남,58세,경상
2013052600100083,2013년 5월 26일 04시,일요일,인천광역시 남구 주안동,경상사고,0,0,3,0,차대차 - 기타,안전운전불이행,건조,맑음,단일로 - 기타,승용,남,24세,상해없음,승용,남,52세,경상
2013052600100084,2013년 5월 26일 04시,일요일,인천광역시 서구 석남동,경상사고,0,0,1,0,차대사람 - 기타,안전운전불이행,건조,맑음,단일로 - 기타,승용,남,22세,상해없음,보행자,남,21세,경상
2013052600100085,2013년 5월 26일 04시,일요일,인천광역시 연수구 청학동,중상사고,0,1,1,0,차대차 - 기타,안전거리미확보,건조,맑음,단일로 - 기타,승용,남,46세,상해없음,승용,남,45세,경상
2013052600100086,2013년 5월 26일 04시,일요일,인천광역시 부평구 부평동,중상사고,0,1,0,0,차대사람 - 기타,안전운전불이행,건조,흐림,단일로 - 기타,승용,여,24세,상해없음,보행자,남,27세,중상
2013052600100100,2013년 5월 26일 05시,일요일,인천광역시 부평구 청천동,중상사고,0,1,1,0,차대차 - 정면충돌,중앙선침범,건조,맑음,교차로 - 교차로부근,승용,남,48세,상해없음,승용,남,57세,상해없음
2013052600100117,2013년 5월 26일 06시,일요일,인천광역시 부평구 삼산동,중상사고,0,1,0,0,차대차 - 측면직각충돌,신호위반,건조,맑음,교차로 - 교차로안,자전거,남,74세,중상,화물,남,70세,상해없음
2013052600100145,2013년 5월 26일 08시,일요일,인천광역시 부평구 십정동,경상사고,0,0,1,0,차대차 - 측면직각충돌,신호위반,건조,맑음,교차로 - 교차로안,승용,남,29세,상해없음,승용,남,42세,경상
2013052600100146,2013년 5월 26일 08시,일요일,인천광역시 부평구 부평동,경상사고,0,0,1,0,차대차 - 추돌 - 주정차중,안전거리미확보,건조,맑음,단일로 - 교량,승합,남,49세,상해없음,승용,남,67세,경상
2013052600100166,2013년 5월 26일 09시,일요일,인천광역시 남구 숭의동,경상사고,0,0,1,0,차대차 - 기타,안전운전불이행,건조,맑음,교차로 - 교차로안,승용,남,52세,상해없음,이륜,남,39세,경상
2013052600100188,2013년 5월 26일 10시,일요일,인천광역시 부평구 십정동,경상사고,0,0,3,0,차대차 - 측면직각충돌,신호위반,건조,맑음,교차로 - 교차로안,승용,여,68세,상해없음,승용,남,57세,경상
2013052600100214,2013년 5월 26일 11시,일요일,인천광역시 남구 용현동,경상사고,0,0,1,0,차대사람 - 차도통행중,안전운전불이행,건조,맑음,단일로 - 기타,승용,남,42세,상해없음,보행자,남,5세,경상
2013052600100390,2013년 5월 26일 17시,일요일,인천광역시 남동구 만수동,경상사고,0,0,1,0,차대차 - 측면직각충돌,안전운전불이행,건조,맑음,단일로 - 기타,승용,남,70세,상해없음,승용,남,44세,상해없음
2013052600100422,2013년 5월 26일 18시,일요일,인천광역시 서구 원당동,경상사고,0,0,2,0,차대차 - 추돌 - 진행중,안전운전불이행,건조,맑음,단일로 - 기타,승용,남,50세,상해없음,승용,남,36세,경상
2013052600100453,2013년 5월 26일 19시,일요일,인천광역시 남구 학익동,경상사고,0,0,1,0,차대차 - 정면충돌,중앙선침범,건조,맑음,단일로 - 기타,자전거,남,26세,경상,승용,남,35세,상해없음
2013052600100495,2013년 5월 26일 20시,일요일,인천광역시 서구 신현동,중상사고,0,1,0,0,차대사람 - 기타,안전운전불이행,건조,맑음,교차로 - 교차로안,승용,남,55세,상해없음,보행자,여,58세,중상
2013052600100519,2013년 5월 26일 21시,일요일,인천광역시 남구 숭의동,중상사고,0,1,0,0,차대차 - 측면직각충돌,안전운전불이행,건조,맑음,단일로 - 기타,승합,남,55세,상해없음,원동기,남,50세,중상
2013052600100520,2013년 5월 26일 21시,일요일,인천광역시 서구 심곡동,경상사고,0,0,1,0,차대사람 - 횡단중,안전운전불이행,건조,맑음,단일로 - 횡단보도상,승용,남,60세,상해없음,보행자,남,50세,경상
2013052600100541,2013년 5월 26일 22시,일요일,인천광역시 동구 송현동,중상사고,0,1,0,0,차대사람 - 기타,신호위반,건조,맑음,기타 - 기타,화물,남,57세,상해없음,보행자,남,22세,중상
2013052600100542,2013년 5월 26일 22시,일요일,인천광역시 부평구 삼산동,중상사고,0,1,0,0,차대차 - 추돌 - 주정차중,안전운전불이행,건조,맑음,단일로 - 기타,승용,남,29세,상해없음,승용,남,40세,중상
2013052700100027,2013년 5월 27일 01시,월요일,인천광역시 옹진군 영흥면,중상사고,0,1,0,0,차대사람 - 차도통행중,안전운전불이행,건조,맑음,단일로 - 기타,승합,남,51세,상해없음,보행자,남,57세,중상
2013052700100059,2013년 5월 27일 05시,월요일,인천광역시 남구 문학동,경상사고,0,0,3,0,차대차 - 측면직각충돌,직진우회전진행방해,건조,맑음,교차로 - 교차로안,승용,남,23세,경상,승용,남,44세,경상
2013052700100080,2013년 5월 27일 06시,월요일,인천광역시 연수구 동춘동,경상사고,0,0,1,0,차대차 - 기타,안전운전불이행,건조,맑음,단일로 - 기타,승용,여,47세,상해없음,자전거,남,65세,경상
2013052700100139,2013년 5월 27일 08시,월요일,인천광역시 중구 답동,경상사고,0,0,2,0,차대차 - 측면직각충돌,신호위반,습기,비,교차로 - 교차로안,승용,남,61세,상해없음,승용,남,71세,경상
2013052700100140,2013년 5월 27일 08시,월요일,인천광역시 남구 도화동,경상사고,0,0,3,0,차대차 - 추돌 - 주정차중,안전운전불이행,습기,비,단일로 - 교량,승용,여,52세,상해없음,승용,여,40세,경상
2013052700100141,2013년 5월 27일 08시,월요일,인천광역시 남동구 만수동,경상사고,0,0,1,0,차대사람 - 기타,안전운전불이행,건조,맑음,교차로 - 교차로안,승용,남,57세,상해없음,보행자,남,40세,경상
2013052700100142,2013년 5월 27일 08시,월요일,인천광역시 서구 당하동,경상사고,0,0,1,0,차대차 - 기타,안전운전불이행,건조,맑음,단일로 - 기타,승용,여,23세,상해없음,승용,남,46세,경상
2013052700100143,2013년 5월 27일 08시,월요일,인천광역시 연수구 동춘동,경상사고,0,0,1,0,차대사람 - 보도통행중,안전운전불이행,습기,비,교차로 - 교차로부근,승용,남,27세,상해없음,보행자,남,11세,경상
2013052700100182,2013년 5월 27일 09시,월요일,인천광역시 계양구 효성동,중상사고,0,1,0,0,차대사람 - 횡단중,보행자보호의무위반,습기,비,교차로 - 교차로부근,승용,여,32세,상해없음,보행자,여,68세,중상
2013052700100203,2013년 5월 27일 10시,월요일,인천광역시 남구 숭의동,경상사고,0,0,1,0,차대차 - 추돌 - 주정차중,안전운전불이행,적설,비,단일로 - 기타,원동기,남,79세,상해없음,승용,남,23세,경상
2013052700100204,2013년 5월 27일 10시,월요일,인천광역시 계양구 계산동,경상사고,0,0,2,0,차대차 - 추돌 - 진행중,안전운전불이행,습기,비,교차로 - 교차로부근,건설기계,남,45세,상해없음,화물,남,54세,경상
2013052700100236,2013년 5월 27일 11시,월요일,인천광역시 남구 주안동,경상사고,0,0,1,0,차대사람 - 기타,안전운전불이행,습기,비,기타 - 기타,승용,기타불명,기타불명,기타불명,보행자,남,30세,경상
2013052700100237,2013년 5월 27일 11시,월요일,인천광역시 남동구 간석동,경상사고,0,0,1,1,차대차 - 측면직각충돌,신호위반,습기,비,교차로 - 교차로안,승용,여,35세,부상신고,원동기,남,19세,경상
2013052700100265,2013년 5월 27일 12시,월요일,인천광역시 연수구 연수동,중상사고,0,1,0,0,차대사람 - 기타,안전운전불이행,습기,비,단일로 - 기타,승합,남,62세,상해없음,보행자,여,48세,중상
2013052700100296,2013년 5월 27일 13시,월요일,인천광역시 옹진군 영흥면,경상사고,0,0,1,0,차대차 - 추돌 - 진행중,안전운전불이행,습기,비,단일로 - 기타,승용,남,46세,상해없음,승용,남,34세,경상
2013052700100297,2013년 5월 27일 13시,월요일,인천광역시 중구 운서동,경상사고,0,0,1,0,차대차 - 기타,안전운전불이행,건조,맑음,단일로 - 기타,화물,남,38세,기타불명,화물,남,36세,경상
2013052700100298,2013년 5월 27일 13시,월요일,인천광역시 남동구 논현동,중상사고,0,1,0,0,차대차 - 기타,안전운전불이행,습기,비,교차로 - 교차로부근,승용,남,28세,상해없음,이륜,남,48세,중상
2013052700100299,2013년 5월 27일 13시,월요일,인천광역시 남동구 간석동,중상사고,0,1,0,0,차대차 - 측면직각충돌,안전운전불이행,건조,맑음,교차로 - 교차로안,화물,남,48세,상해없음,승용,남,60세,중상
2013052700100332,2013년 5월 27일 14시,월요일,인천광역시 남구 숭의동,경상사고,0,0,1,0,차대사람 - 기타,안전운전불이행,습기,비,교차로 - 교차로안,화물,남,47세,상해없음,보행자,여,46세,경상
2013052700100333,2013년 5월 27일 14시,월요일,인천광역시 연수구 동춘동,경상사고,0,0,2,0,차대차 - 측면직각충돌,안전운전불이행,습기,비,단일로 - 기타,승합,남,65세,상해없음,승용,여,48세,경상
2013052700100367,2013년 5월 27일 15시,월요일,인천광역시 남동구 고잔동,경상사고,0,0,4,0,차대차 - 추돌 - 주정차중,안전운전불이행,습기,비,교차로 - 교차로부근,승용,남,47세,상해없음,승용,남,27세,경상
2013052700100368,2013년 5월 27일 15시,월요일,인천광역시 서구 공촌동,경상사고,0,0,1,0,차량단독 - 기타,안전운전불이행,습기,비,단일로 - 기타,승용,남,37세,상해없음,,,,
2013052700100369,2013년 5월 27일 15시,월요일,인천광역시 부평구 부평동,사망사고,1,0,0,0,차대사람 - 횡단중,안전운전불이행,습기,비,단일로 - 횡단보도부근,승용,남,57세,상해없음,보행자,여,85세,사망
2013052700100403,2013년 5월 27일 16시,월요일,인천광역시 남동구 남촌동,중상사고,0,1,0,0,차대사람 - 기타,안전운전불이행,습기,비,단일로 - 기타,승용,남,27세,상해없음,보행자,여,51세,중상
2013052700100404,2013년 5월 27일 16시,월요일,인천광역시 계양구 동양동,중상사고,0,2,0,0,차대차 - 추돌 - 진행중,안전운전불이행,습기,비,교차로 - 교차로안,승용,남,34세,상해없음,승용,남,49세,중상
2013052700100447,2013년 5월 27일 17시,월요일,인천광역시 남구 주안동,경상사고,0,0,1,0,차대차 - 기타,안전운전불이행,습기,비,단일로 - 기타,승용,여,46세,상해없음,승용,남,48세,경상
2013052700100448,2013년 5월 27일 17시,월요일,인천광역시 부평구 부개동,경상사고,0,0,1,0,차대차 - 측면직각충돌,안전거리미확보,습기,비,단일로 - 기타,승용,남,57세,상해없음,이륜,남,24세,경상
2013052700100496,2013년 5월 27일 18시,월요일,인천광역시 동구 송림동,경상사고,0,0,1,0,차량단독 - 공작물충돌,안전운전불이행,습기,비,교차로 - 교차로안,승합,남,53세,경상,,,,
2013052700100621,2013년 5월 27일 20시,월요일,인천광역시 부평구 청천동,경상사고,0,0,1,0,차대차 - 측면직각충돌,안전운전불이행,습기,비,단일로 - 기타,화물,남,37세,상해없음,원동기,남,30세,경상
2013052700100622,2013년 5월 27일 20시,월요일,인천광역시 서구 석남동,경상사고,0,0,1,0,차대사람 - 기타,보행자보호의무위반,습기,비,단일로 - 기타,승용,남,63세,상해없음,보행자,남,32세,경상
2013052700100623,2013년 5월 27일 20시,월요일,인천광역시 서구 심곡동,중상사고,0,1,0,0,차대사람 - 횡단중,안전운전불이행,습기,비,단일로 - 기타,승용,여,52세,상해없음,보행자,남,70세,중상
2013052700100756,2013년 5월 27일 22시,월요일,인천광역시 서구 가정동,경상사고,0,0,4,0,차대차 - 기타,신호위반,습기,비,교차로 - 교차로안,승용,남,58세,상해없음,승용,남,30세,경상
2013052700100757,2013년 5월 27일 22시,월요일,인천광역시 연수구 송도동,중상사고,0,1,0,0,차대사람 - 횡단중,보행자보호의무위반,습기,비,단일로 - 횡단보도상,승용,남,34세,상해없음,보행자,여,17세,중상
2013052700100758,2013년 5월 27일 22시,월요일,인천광역시 서구 경서동,경상사고,0,0,4,0,차량단독 - 기타,안전운전불이행,습기,비,단일로 - 기타,승용,남,19세,상해없음,,,,
2013052700100811,2013년 5월 27일 23시,월요일,인천광역시 남동구 간석동,경상사고,0,0,2,0,차대차 - 추돌 - 주정차중,안전운전불이행,습기,비,단일로 - 기타,승용,남,53세,상해없음,승용,남,53세,경상
2013052700100812,2013년 5월 27일 23시,월요일,인천광역시 계양구 작전동,중상사고,0,1,2,0,차대차 - 추돌 - 주정차중,안전운전불이행,건조,맑음,교차로 - 교차로부근,승용,남,49세,상해없음,승용,남,54세,중상
2013052700100813,2013년 5월 27일 23시,월요일,인천광역시 계양구 용종동,경상사고,0,0,1,0,차대사람 - 횡단중,안전운전불이행,습기,비,교차로 - 교차로안,승용,남,53세,상해없음,보행자,여,27세,경상
2013052800100041,2013년 5월 28일 00시,화요일,인천광역시 남구 주안동,경상사고,0,0,1,0,차대차 - 기타,안전운전불이행,건조,맑음,단일로 - 기타,승용,남,38세,상해없음,이륜,남,34세,경상
2013052800100042,2013년 5월 28일 00시,화요일,인천광역시 남구 주안동,경상사고,0,0,2,0,차대차 - 추돌 - 진행중,안전운전불이행,습기,비,교차로 - 교차로안,승용,남,52세,상해없음,승용,남,49세,경상
2013052800100043,2013년 5월 28일 00시,화요일,인천광역시 부평구 구산동,경상사고,0,0,1,0,차대차 - 측면직각충돌,안전운전불이행,습기,비,단일로 - 기타,승용,남,38세,상해없음,승용,여,40세,경상
2013052800100065,2013년 5월 28일 01시,화요일,인천광역시 부평구 삼산동,경상사고,0,0,1,0,차대사람 - 길가장자리구역통행중,안전운전불이행,습기,비,단일로 - 기타,기타불명,기타불명,기타불명,기타불명,보행자,남,17세,경상
2013052800100129,2013년 5월 28일 06시,화요일,인천광역시 부평구 부평동,경상사고,0,0,1,0,차대차 - 추돌 - 주정차중,안전운전불이행,습기,흐림,교차로 - 교차로부근,승합,남,34세,상해없음,화물,남,60세,경상
2013052800100188,2013년 5월 28일 08시,화요일,인천광역시 남동구 남촌동,중상사고,0,1,0,0,차대차 - 추돌 - 주정차중,기타,건조,맑음,단일로 - 기타,승용,남,62세,상해없음,자전거,여,61세,중상
2013052800100189,2013년 5월 28일 08시,화요일,인천광역시 남동구 구월동,부상신고사고,0,0,0,1,차대사람 - 기타,보행자보호의무위반,건조,맑음,교차로 - 교차로부근,승용,기타불명,기타불명,기타불명,보행자,여,10세,부상신고
2013052800100190,2013년 5월 28일 08시,화요일,인천광역시 부평구 부개동,중상사고,0,1,0,0,차대사람 - 횡단중,중앙선침범,습기,흐림,교차로 - 교차로안,화물,남,64세,상해없음,보행자,여,38세,중상
2013052800100218,2013년 5월 28일 09시,화요일,인천광역시 남동구 구월동,부상신고사고,0,0,0,1,차대차 - 측면직각충돌,안전운전불이행,건조,맑음,단일로 - 기타,원동기,남,70세,부상신고,승합,여,50세,상해없음
2013052800100219,2013년 5월 28일 09시,화요일,인천광역시 남동구 간석동,경상사고,0,0,3,0,차대차 - 측면직각충돌,신호위반,건조,맑음,교차로 - 교차로안,승용,남,44세,상해없음,승용,남,50세,경상
2013052800100241,2013년 5월 28일 10시,화요일,인천광역시 남동구 만수동,경상사고,0,0,1,0,차대차 - 기타,기타,습기,비,단일로 - 기타,승용,남,44세,상해없음,승용,여,33세,경상
2013052800100267,2013년 5월 28일 11시,화요일,인천광역시 연수구 연수동,중상사고,0,1,1,0,차대차 - 추돌 - 진행중,안전운전불이행,습기,비,단일로 - 기타,건설기계,남,60세,상해없음,승용,남,42세,중상
2013052800100345,2013년 5월 28일 14시,화요일,인천광역시 남동구 간석동,경상사고,0,0,3,0,차대차 - 측면직각충돌,차로위반,습기,비,교차로 - 교차로안,승용,남,22세,상해없음,승용,남,54세,경상
2013052800100419,2013년 5월 28일 16시,화요일,인천광역시 계양구 작전동,경상사고,0,0,1,0,차대사람 - 보도통행중,중앙선침범,습기,흐림,단일로 - 기타,이륜,남,28세,상해없음,보행자,남,5세,경상
2013052800100455,2013년 5월 28일 17시,화요일,인천광역시 남구 도화동,중상사고,0,1,0,0,차대차 - 기타,안전운전불이행,습기,비,기타 - 기타,승용,여,26세,상해없음,자전거,남,74세,중상
2013052800100456,2013년 5월 28일 17시,화요일,인천광역시 남구 용현동,경상사고,0,0,2,0,차대차 - 추돌 - 주정차중,안전운전불이행,건조,맑음,단일로 - 기타,승용,남,50세,상해없음,승용,남,40세,경상