사고번호,사고일시,요일,시군구,사고내용,사망자수,중상자수,경상자수,부상신고자수,사고유형,법규위반,노면상태,기상상태,도로형태,가해운전자 차종,가해운전자 성별,가해운전자 연령,가해운전자 상해정도,피해운전자 차종,피해운전자 성별,피해운전자 연령,피해운전자 상해정도
2013060700100226,2013년 6월 7일 11시,금요일,인천광역시 연수구 동춘동,경상사고,0,0,1,0,차대차 - 측면직각충돌,교차로운행방법위반,건조,맑음,교차로 - 교차로안,승합,남,52세,상해없음,승용,남,43세,경상
2013060700100246,2013년 6월 7일 12시,금요일,인천광역시 남구 주안동,경상사고,0,0,1,0,차대사람 - 횡단중,보행자보호의무위반,건조,맑음,단일로 - 횡단보도상,승용,남,44세,상해없음,보행자,남,51세,경상
2013060700100271,2013년 6월 7일 13시,금요일,인천광역시 남구 주안동,경상사고,0,0,1,0,차대차 - 기타,안전운전불이행,건조,맑음,단일로 - 기타,승용,남,64세,상해없음,승합,남,46세,상해없음
2013060700100318,2013년 6월 7일 14시,금요일,인천광역시 남구 숭의동,중상사고,0,1,0,0,차대사람 - 횡단중,안전운전불이행,건조,맑음,기타 - 기타,화물,남,47세,상해없음,보행자,여,57세,중상
2013060700100356,2013년 6월 7일 15시,금요일,인천광역시 남동구 남촌동,중상사고,0,1,3,0,차대차 - 측면직각충돌,안전거리미확보,건조,맑음,단일로 - 기타,승용,남,34세,상해없음,승용,남,52세,경상
2013060700100383,2013년 6월 7일 16시,금요일,인천광역시 서구 연희동,경상사고,0,0,3,0,차대차 - 기타,교차로운행방법위반,건조,맑음,교차로 - 교차로안,화물,남,41세,상해없음,승용,여,54세,경상
2013060700100384,2013년 6월 7일 16시,금요일,인천광역시 연수구 연수동,중상사고,0,1,0,0,차대차 - 기타,안전운전불이행,건조,맑음,단일로 - 기타,승용,여,58세,상해없음,승용,남,50세,중상
2013060700100421,2013년 6월 7일 17시,금요일,인천광역시 동구 송림동,중상사고,0,1,1,0,차대차 - 추돌 - 진행중,안전운전불이행,건조,맑음,단일로 - 기타,승용,여,45세,상해없음,승용,여,30세,경상
2013060700100422,2013년 6월 7일 17시,금요일,인천광역시 연수구 연수동,경상사고,0,0,1,0,차대사람 - 기타,안전운전불이행,건조,맑음,교차로 - 교차로부근,승합,남,46세,상해없음,보행자,남,2세,경상
2013060700100466,2013년 6월 7일 18시,금요일,인천광역시 옹진군 대청면,중상사고,0,1,0,0,차량단독 - 공작물충돌,안전운전불이행,건조,맑음,단일로 - 기타,건설기계,남,55세,중상,,,,
2013060700100467,2013년 6월 7일 18시,금요일,인천광역시 서구 가정동,중상사고,0,1,0,0,차대차 - 기타,기타,건조,맑음,단일로 - 기타,승합,남,51세,상해없음,원동기,남,25세,중상
2013060700100508,2013년 6월 7일 19시,금요일,인천광역시 남구 주안동,부상신고사고,0,0,0,1,차량단독 - 기타,안전운전불이행,건조,맑음,단일로 - 기타,승합,남,65세,상해없음,,,,
2013060700100509,2013년 6월 7일 19시,금요일,인천광역시 남동구 간석동,중상사고,0,1,0,0,차대사람 - 기타,안전운전불이행,건조,맑음,교차로 - 교차로부근,승용,여,36세,상해없음,보행자,여,44세,중상
2013060700100510,2013년 6월 7일 19시,금요일,인천광역시 부평구 부평동,경상사고,0,0,1,0,차대사람 - 기타,안전운전불이행,건조,맑음,단일로 - 기타,기타불명,기타불명,기타불명,기타불명,보행자,남,9세,경상
2013060700100592,2013년 6월 7일 21시,금요일,인천광역시 부평구 산곡동,경상사고,0,0,2,0,차대차 - 기타,안전거리미확보,건조,맑음,단일로 - 기타,승합,남,33세,상해없음,승합,남,53세,경상
2013060700100593,2013년 6월 7일 21시,금요일,인천광역시 강화군 선원면,중상사고,0,1,0,0,차대사람 - 차도통행중,안전운전불이행,건조,맑음,단일로 - 기타,승용,남,39세,기타불명,보행자,여,35세,중상
2013060700100594,2013년 6월 7일 21시,금요일,인천광역시 부평구 갈산동,경상사고,0,0,1,0,차대차 - 추돌 - 진행중,안전운전불이행,건조,맑음,단일로 - 기타,승용,남,44세,상해없음,승용,남,56세,경상
2013060700100627,2013년 6월 7일 22시,금요일,인천광역시 남동구 구월동,경상사고,0,0,1,0,차대차 - 기타,안전거리미확보,건조,맑음,단일로 - 기타,이륜,남,17세,상해없음,승용,여,39세,경상
2013060700100628,2013년 6월 7일 22시,금요일,인천광역시 남동구 서창동,경상사고,0,0,1,0,차대차 - 측면직각충돌,안전운전불이행,건조,맑음,교차로 - 교차로안,승용,남,25세,상해없음,승용,여,33세,경상
2013060700100629,2013년 6월 7일 22시,금요일,인천광역시 계양구 효성동,경상사고,0,0,2,0,차대차 - 추돌 - 주정차중,안전운전불이행,건조,맑음,단일로 - 기타,승용,남,25세,상해없음,승용,남,32세,경상
2013060700100630,2013년 6월 7일 22시,금요일,인천광역시 연수구 동춘동,중상사고,0,1,0,0,차대차 - 기타,안전운전불이행,건조,맑음,교차로 - 교차로부근,승용,남,48세,상해없음,자전거,여,41세,중상
2013060700100653,2013년 6월 7일 23시,금요일,인천광역시 남구 주안동,경상사고,0,0,5,0,차대차 - 측면직각충돌,안전거리미확보,건조,맑음,단일로 - 기타,승용,남,25세,경상,승용,남,20세,경상
2013060800100021,2013년 6월 8일 00시,토요일,인천광역시 남동구 논현동,사망사고,1,0,0,0,차대사람 - 횡단중,안전운전불이행,건조,맑음,단일로 - 기타,승용,남,30세,상해없음,보행자,남,32세,사망
2013060800100081,2013년 6월 8일 03시,토요일,인천광역시 남동구 남촌동,중상사고,0,1,0,0,차대차 - 추돌 - 주정차중,안전운전불이행,건조,맑음,단일로 - 기타,승용,남,65세,상해없음,화물,남,38세,중상
2013060800100114,2013년 6월 8일 05시,토요일,인천광역시 부평구 부평동,경상사고,0,0,1,0,차대차 - 기타,안전운전불이행,건조,맑음,단일로 - 기타,승용,남,28세,상해없음,승합,남,62세,경상
2013060800100130,2013년 6월 8일 06시,토요일,인천광역시 동구 송림동,경상사고,0,0,1,0,차량단독 - 공작물충돌,안전운전불이행,건조,맑음,교차로 - 교차로안,이륜,남,18세,경상,,,,
2013060800100146,2013년 6월 8일 07시,토요일,인천광역시 부평구 십정동,경상사고,0,0,1,0,차대사람 - 기타,안전운전불이행,건조,맑음,단일로 - 기타,화물,남,48세,상해없음,보행자,남,26세,경상
2013060800100198,2013년 6월 8일 09시,토요일,인천광역시 부평구 산곡동,경상사고,0,0,1,0,차대사람 - 횡단중,안전운전불이행,건조,맑음,단일로 - 기타,승용,남,24세,상해없음,보행자,여,55세,경상
2013060800100230,2013년 6월 8일 10시,토요일,인천광역시 부평구 청천동,경상사고,0,0,1,0,차대차 - 추돌 - 진행중,안전거리미확보,건조,맑음,단일로 - 기타,승합,남,49세,상해없음,승용,여,48세,경상
2013060800100231,2013년 6월 8일 10시,토요일,인천광역시 부평구 부평동,중상사고,0,1,0,0,차대사람 - 기타,기타,건조,맑음,단일로 - 기타,승용,여,50세,상해없음,보행자,남,1세,중상
2013060800100260,2013년 6월 8일 11시,토요일,인천광역시 계양구 용종동,경상사고,0,0,1,0,차대차 - 추돌 - 진행중,안전거리미확보,건조,맑음,단일로 - 기타,화물,남,20세,상해없음,승용,남,38세,경상
2013060800100294,2013년 6월 8일 12시,토요일,인천광역시 중구 신흥동2가,중상사고,0,1,0,0,차대사람 - 횡단중,신호위반,건조,맑음,단일로 - 횡단보도상,승용,여,34세,상해없음,보행자,여,11세,중상
2013060800100331,2013년 6월 8일 13시,토요일,인천광역시 중구 운서동,중상사고,0,1,2,0,차대차 - 기타,안전운전불이행,건조,맑음,단일로 - 기타,승용,여,45세,상해없음,승용,여,46세,경상
2013060800100332,2013년 6월 8일 13시,토요일,인천광역시 남동구 만수동,중상사고,0,1,0,0,차대차 - 정면충돌,안전운전불이행,건조,맑음,단일로 - 기타,이륜,남,19세,상해없음,자전거,남,12세,중상
2013060800100419,2013년 6월 8일 16시,토요일,인천광역시 중구 신흥동3가,경상사고,0,0,2,0,차대차 - 측면직각충돌,안전운전불이행,건조,맑음,단일로 - 기타,화물,남,29세,상해없음,승용,여,32세,경상
2013060800100445,2013년 6월 8일 17시,토요일,인천광역시 부평구 부평동,경상사고,0,0,3,1,차대차 - 측면직각충돌,교차로운행방법위반,건조,맑음,교차로 - 교차로안,승용,남,31세,상해없음,승용,남,30세,경상
2013060800100446,2013년 6월 8일 17시,토요일,인천광역시 남동구 논현동,중상사고,0,1,0,0,차대사람 - 차도통행중,안전운전불이행,건조,맑음,단일로 - 기타,승용,남,30세,상해없음,보행자,남,13세,중상
2013060800100495,2013년 6월 8일 19시,토요일,인천광역시 연수구 선학동,경상사고,0,0,1,0,차대차 - 기타,안전운전불이행,건조,맑음,교차로 - 교차로부근,화물,남,52세,상해없음,자전거,남,54세,경상
2013060800100496,2013년 6월 8일 19시,토요일,인천광역시 부평구 구산동,경상사고,0,0,4,0,차대차 - 기타,안전거리미확보,건조,맑음,단일로 - 기타,승용,여,27세,경상,승용,남,31세,경상
2013060800100555,2013년 6월 8일 21시,토요일,인천광역시 남구 숭의동,경상사고,0,0,2,0,차대차 - 기타,신호위반,건조,맑음,교차로 - 교차로안,승용,남,45세,상해없음,승용,남,35세,경상
2013060800100556,2013년 6월 8일 21시,토요일,인천광역시 계양구 계산동,중상사고,0,1,0,0,차대차 - 측면직각충돌,안전운전불이행,건조,맑음,교차로 - 교차로안,승용,남,47세,상해없음,이륜,남,16세,중상
2013060800100579,2013년 6월 8일 22시,토요일,인천광역시 계양구 용종동,경상사고,0,0,1,0,차대차 - 측면직각충돌,안전운전불이행,건조,맑음,교차로 - 교차로안,승용,남,48세,상해없음,자전거,여,46세,경상
2013060800100602,2013년 6월 8일 23시,토요일,인천광역시 동구 창영동,경상사고,0,0,1,0,차대사람 - 길가장자리구역통행중,안전운전불이행,건조,맑음,단일로 - 기타,승용,남,49세,상해없음,보행자,남,34세,경상
2013060800100603,2013년 6월 8일 23시,토요일,인천광역시 남동구 만수동,중상사고,0,1,0,0,차대차 - 기타,안전운전불이행,건조,맑음,단일로 - 기타,승용,남,22세,상해없음,승용,남,41세,기타불명
2013060800100604,2013년 6월 8일 23시,토요일,인천광역시 남동구 구월동,경상사고,0,0,2,0,차대차 - 추돌 - 주정차중,안전운전불이행,건조,맑음,교차로 - 교차로부근,승용,여,26세,상해없음,승용,남,28세,경상
2013060900100020,2013년 6월 9일 00시,일요일,인천광역시 남구 학익동,경상사고,0,0,1,0,차대차 - 추돌 - 진행중,안전운전불이행,건조,맑음,교차로 - 교차로안,승용,남,30세,기타불명,이륜,남,16세,경상
2013060900100056,2013년 6월 9일 02시,일요일,인천광역시 동구 송림동,중상사고,0,1,0,0,차대차 - 정면충돌,신호위반,건조,맑음,교차로 - 교차로안,승용,남,31세,상해없음,이륜,남,27세,중상
2013060900100063,2013년 6월 9일 03시,일요일,인천광역시 남동구 간석동,경상사고,0,0,2,0,차대차 - 측면직각충돌,교차로운행방법위반,건조,맑음,교차로 - 교차로안,승용,남,24세,상해없음,승용,남,50세,경상
2013060900100074,2013년 6월 9일 04시,일요일,인천광역시 남동구 간석동,경상사고,0,0,2,0,차대차 - 추돌 - 주정차중,안전운전불이행,건조,맑음,단일로 - 기타,승용,남,20세,상해없음,승용,남,53세,기타불명
2013060900100075,2013년 6월 9일 04시,일요일,인천광역시 연수구 옥련동,중상사고,0,1,0,0,차대사람 - 횡단중,안전운전불이행,건조,맑음,단일로 - 기타,승용,여,30세,상해없음,보행자,남,79세,중상
2013060900100087,2013년 6월 9일 05시,일요일,인천광역시 남구 용현동,경상사고,0,0,1,0,차대차 - 측면직각충돌,직진우회전진행방해,건조,맑음,교차로 - 교차로안,화물,남,37세,상해없음,승용,남,34세,경상
2013060900100175,2013년 6월 9일 10시,일요일,인천광역시 서구 석남동,경상사고,0,0,1,0,차대차 - 기타,안전거리미확보,건조,맑음,단일로 - 기타,승용,남,35세,상해없음,승용,여,52세,경상
2013060900100214,2013년 6월 9일 12시,일요일,인천광역시 동구 송림동,중상사고,0,1,0,0,차대사람 - 차도통행중,안전운전불이행,건조,맑음,단일로 - 기타,승용,여,21세,상해없음,보행자,남,83세,중상
2013060900100238,2013년 6월 9일 13시,일요일,인천광역시 남구 관교동,경상사고,0,0,1,0,차대차 - 측면직각충돌,교차로운행방법위반,건조,맑음,단일로 - 기타,승용,남,40세,상해없음,승용,남,54세,경상
2013060900100239,2013년 6월 9일 13시,일요일,인천광역시 남동구 간석동,경상사고,0,0,1,0,차대차 - 추돌 - 주정차중,안전운전불이행,건조,맑음,단일로 - 기타,승용,남,33세,상해없음,승용,남,61세,경상
2013060900100240,2013년 6월 9일 13시,일요일,인천광역시 계양구 계산동,중상사고,0,1,0,0,차대차 - 측면직각충돌,안전운전불이행,건조,맑음,교차로 - 교차로부근,승용,여,32세,상해없음,원동기,남,20세,중상
2013060900100266,2013년 6월 9일 14시,일요일,인천광역시 남구 학익동,경상사고,0,0,1,0,차대사람 - 횡단중,신호위반,건조,맑음,교차로 - 교차로안,승합,남,46세,상해없음,보행자,남,70세,경상
2013060900100313,2013년 6월 9일 16시,일요일,인천광역시 중구 중산동,중상사고,0,1,1,1,차대차 - 기타,안전운전불이행,건조,맑음,단일로 - 횡단보도부근,이륜,남,15세,경상,이륜,남,15세,부상신고
2013060900100346,2013년 6월 9일 17시,일요일,인천광역시 연수구 선학동,경상사고,0,0,3,0,차대차 - 측면직각충돌,안전운전불이행,건조,맑음,단일로 - 기타,승용,남,50세,상해없음,승용,여,49세,경상
2013060900100376,2013년 6월 9일 18시,일요일,인천광역시 부평구 부평동,경상사고,0,0,2,0,차대차 - 기타,신호위반,건조,맑음,교차로 - 교차로안,승용,남,72세,상해없음,승용,남,26세,상해없음
2013060900100377,2013년 6월 9일 18시,일요일,인천광역시 서구 가좌동,경상사고,0,0,1,0,차대사람 - 기타,안전운전불이행,건조,맑음,단일로 - 기타,이륜,남,45세,상해없음,보행자,여,56세,경상
2013060900100378,2013년 6월 9일 18시,일요일,인천광역시 서구 검암동,중상사고,0,1,1,0,차대사람 - 기타,안전운전불이행,건조,맑음,단일로 - 기타,자전거,여,23세,경상,보행자,여,2세,중상
2013060900100379,2013년 6월 9일 18시,일요일,인천광역시 부평구 삼산동,중상사고,0,1,1,0,차대차 - 측면직각충돌,교차로운행방법위반,건조,맑음,교차로 - 교차로안,이륜,남,17세,중상,이륜,남,16세,경상
2013060900100403,2013년 6월 9일 19시,일요일,인천광역시 남동구 남촌동,경상사고,0,0,1,0,차대사람 - 기타,안전운전불이행,건조,맑음,단일로 - 기타,승용,기타불명,기타불명,기타불명,보행자,남,33세,경상
2013060900100480,2013년 6월 9일 22시,일요일,인천광역시 부평구 산곡동,경상사고,0,0,1,0,차대사람 - 횡단중,안전운전불이행,건조,맑음,단일로 - 기타,승용,남,49세,상해없음,보행자,남,5세,경상
2013060900100481,2013년 6월 9일 22시,일요일,인천광역시 서구 가좌동,경상사고,0,0,1,0,차대차 - 기타,신호위반,건조,맑음,교차로 - 교차로안,기타불명,기타불명,기타불명,기타불명,이륜,남,17세,경상
2013060900100482,2013년 6월 9일 22시,일요일,인천광역시 연수구 동춘동,중상사고,0,1,0,0,차대사람 - 횡단중,안전운전불이행,건조,맑음,단일로 - 기타,승용,남,54세,상해없음,보행자,여,21세,중상
2013060900100483,2013년 6월 9일 22시,일요일,인천광역시 부평구 갈산동,경상사고,0,0,1,0,차대차 - 기타,기타,건조,맑음,단일로 - 기타,승용,남,46세,기타불명,이륜,남,26세,경상
2013061000100014,2013년 6월 10일 00시,월요일,인천광역시 남동구 만수동,경상사고,0,0,1,0,차대차 - 기타,안전운전불이행,건조,맑음,교차로 - 교차로안,화물,남,51세,상해없음,이륜,남,28세,경상
2013061000100015,2013년 6월 10일 00시,월요일,인천광역시 서구 석남동,중상사고,0,2,2,0,차대차 - 정면충돌,신호위반,건조,맑음,교차로 - 교차로안,승용,남,55세,상해없음,승용,남,47세,중상
2013061000100016,2013년 6월 10일 00시,월요일,인천광역시 계양구 효성동,중상사고,0,1,0,0,차량단독 - 기타,기타,건조,맑음,교차로 - 교차로안,승합,남,32세,상해없음,,,,
2013061000100115,2013년 6월 10일 07시,월요일,인천광역시 남구 숭의동,경상사고,0,0,2,0,차대차 - 기타,안전운전불이행,건조,맑음,교차로 - 교차로안,승용,남,53세,상해없음,승용,여,27세,경상
2013061000100116,2013년 6월 10일 07시,월요일,인천광역시 서구 가좌동,경상사고,0,0,1,0,차대차 - 측면직각충돌,안전거리미확보,건조,맑음,단일로 - 기타,승합,남,55세,상해없음,승용,남,36세,경상
2013061000100173,2013년 6월 10일 08시,월요일,인천광역시 남구 주안동,경상사고,0,0,1,0,차대사람 - 횡단중,안전운전불이행,건조,맑음,단일로 - 기타,승용,남,59세,상해없음,보행자,여,21세,경상
2013061000100211,2013년 6월 10일 09시,월요일,인천광역시 남동구 고잔동,경상사고,0,0,2,0,차대차 - 측면직각충돌,안전운전불이행,건조,맑음,단일로 - 기타,이륜,남,39세,경상,자전거,남,48세,경상
2013061000100235,2013년 6월 10일 10시,월요일,인천광역시 남동구 남촌동,경상사고,0,0,1,0,차대차 - 추돌 - 진행중,안전거리미확보,건조,맑음,교차로 - 교차로부근,화물,남,54세,상해없음,승합,남,56세,경상
2013061000100290,2013년 6월 10일 12시,월요일,인천광역시 부평구 부평동,경상사고,0,0,1,0,차대차 - 기타,안전운전불이행,건조,맑음,단일로 - 기타,승용,여,53세,상해없음,자전거,여,38세,경상
2013061000100318,2013년 6월 10일 13시,월요일,인천광역시 남동구 장수동,중상사고,0,1,1,0,차대차 - 기타,안전거리미확보,건조,맑음,미분류 - 미분류,화물,남,46세,상해없음,승용,남,36세,중상
2013061000100346,2013년 6월 10일 14시,월요일,인천광역시 남동구 논현동,중상사고,0,1,1,0,차대차 - 기타,안전거리미확보,건조,맑음,단일로 - 기타,화물,남,34세,상해없음,승용,여,42세,중상
2013061000100347,2013년 6월 10일 14시,월요일,인천광역시 부평구 부평동,중상사고,0,1,0,0,차대차 - 기타,안전운전불이행,건조,맑음,기타 - 기타,승용,여,20세,상해없음,승용,여,43세,중상
2013061000100386,2013년 6월 10일 15시,월요일,인천광역시 남동구 구월동,중상사고,0,1,0,0,차대사람 - 횡단중,안전운전불이행,건조,맑음,교차로 - 교차로안,승용,남,55세,상해없음,보행자,여,81세,중상
2013061000100387,2013년 6월 10일 15시,월요일,인천광역시 서구 석남동,경상사고,0,0,3,0,차대차 - 기타,안전운전불이행,건조,맑음,기타 - 기타,승합,남,41세,경상,승용,남,41세,경상
2013061000100388,2013년 6월 10일 15시,월요일,인천광역시 계양구 작전동,경상사고,0,0,2,0,차대차 - 추돌 - 진행중,안전운전불이행,건조,맑음,단일로 - 기타,승용,남,25세,상해없음,승용,여,56세,경상
2013061000100423,2013년 6월 10일 16시,월요일,인천광역시 남동구 만수동,경상사고,0,0,1,0,차량단독 - 기타,안전운전불이행,건조,맑음,단일로 - 기타,승합,남,62세,상해없음,,,,
2013061000100424,2013년 6월 10일 16시,월요일,인천광역시 남동구 구월동,경상사고,0,0,2,0,차대차 - 추돌 - 주정차중,안전운전불이행,건조,맑음,단일로 - 기타,승용,남,27세,상해없음,승용,여,52세,경상
2013061000100456,2013년 6월 10일 17시,월요일,인천광역시 서구 가좌동,경상사고,0,0,1,0,차대차 - 기타,기타,건조,맑음,단일로 - 기타,승용,남,52세,상해없음,이륜,남,16세,경상
2013061000100497,2013년 6월 10일 18시,월요일,인천광역시 남구 숭의동,경상사고,0,0,1,0,차대사람 - 기타,신호위반,건조,맑음,교차로 - 교차로부근,자전거,남,14세,상해없음,보행자,여,78세,경상
2013061000100584,2013년 6월 10일 21시,월요일,인천광역시 남동구 고잔동,중상사고,0,1,1,0,차대차 - 측면직각충돌,기타,건조,맑음,교차로 - 교차로안,화물,남,29세,상해없음,화물,남,46세,경상
2013061000100613,2013년 6월 10일 22시,월요일,인천광역시 남동구 만수동,경상사고,0,0,1,0,차대차 - 추돌 - 진행중,안전운전불이행,건조,맑음,교차로 - 교차로부근,승용,여,58세,상해없음,승용,남,33세,경상
2013061000100614,2013년 6월 10일 22시,월요일,인천광역시 계양구 용종동,경상사고,0,0,1,0,차대차 - 정면충돌,기타,건조,맑음,교차로 - 교차로부근,승용,남,44세,상해없음,승용,남,39세,상해없음
2013061100100013,2013년 6월 11일 00시,화요일,인천광역시 남구 주안동,경상사고,0,0,1,0,차대사람 - 기타,안전운전불이행,건조,맑음,단일로 - 기타,기타불명,기타불명,기타불명,기타불명,보행자,여,55세,경상
2013061100100024,2013년 6월 11일 01시,화요일,인천광역시 서구 가정동,중상사고,0,1,0,0,차대차 - 추돌 - 주정차중,안전운전불이행,건조,맑음,단일로 - 기타,승용,남,31세,기타불명,승용,남,47세,중상
2013061100100035,2013년 6월 11일 02시,화요일,인천광역시 부평구 부평동,중상사고,0,1,0,0,차대사람 - 길가장자리구역통행중,안전운전불이행,건조,흐림,기타 - 기타,승용,여,20세,상해없음,보행자,남,71세,중상
2013061100100042,2013년 6월 11일 03시,화요일,인천광역시 남구 주안동,경상사고,0,0,1,0,차대차 - 측면직각충돌,안전운전불이행,건조,맑음,교차로 - 교차로안,승용,남,45세,상해없음,승용,남,40세,상해없음
2013061100100052,2013년 6월 11일 04시,화요일,인천광역시 부평구 청천동,중상사고,0,3,2,0,차대차 - 측면직각충돌,신호위반,건조,맑음,교차로 - 교차로안,승합,남,78세,경상,승합,남,39세,상해없음
2013061100100062,2013년 6월 11일 05시,화요일,인천광역시 연수구 동춘동,부상신고사고,0,0,0,1,차량단독 - 공작물충돌,안전운전불이행,건조,맑음,단일로 - 기타,승용,남,21세,상해없음,,,,
2013061100100063,2013년 6월 11일 05시,화요일,인천광역시 연수구 동춘동,부상신고사고,0,0,0,1,차량단독 - 공작물충돌,안전운전불이행,건조,맑음,미분류 - 미분류,승용,남,21세,상해없음,,,,
2013061100100097,2013년 6월 11일 07시,화요일,인천광역시 남동구 만수동,경상사고,0,0,1,0,차대사람 - 횡단중,안전운전불이행,습기,흐림,단일로 - 횡단보도상,승용,남,44세,상해없음,보행자,여,52세,경상
2013061100100200,2013년 6월 11일 11시,화요일,인천광역시 남구 주안동,경상사고,0,0,1,0,차대사람 - 기타,기타,건조,맑음,단일로 - 기타,승용,남,61세,상해없음,보행자,남,56세,경상
2013061100100231,2013년 6월 11일 12시,화요일,인천광역시 부평구 청천동,경상사고,0,0,2,0,차대차 - 추돌 - 진행중,안전거리미확보,건조,맑음,단일로 - 기타,승용,남,23세,상해없음,승용,남,65세,경상
2013061100100256,2013년 6월 11일 13시,화요일,인천광역시 연수구 연수동,중상사고,0,1,0,0,차대사람 - 기타,안전운전불이행,건조,흐림,단일로 - 기타,승용,남,33세,상해없음,보행자,남,71세,중상
2013061100100280,2013년 6월 11일 14시,화요일,인천광역시 중구 신흥동3가,중상사고,0,1,0,0,차대사람 - 기타,안전운전불이행,건조,맑음,교차로 - 교차로부근,화물,남,57세,상해없음,보행자,여,25세,중상
2013061100100281,2013년 6월 11일 14시,화요일,인천광역시 서구 마전동,경상사고,0,0,1,0,차대사람 - 기타,안전운전불이행,건조,맑음,단일로 - 기타,승용,남,20세,상해없음,보행자,여,59세,경상
2013061100100355,2013년 6월 11일 16시,화요일,인천광역시 동구 송림동,중상사고,0,2,0,0,차대차 - 측면직각충돌,안전운전불이행,건조,흐림,단일로 - 기타,자전거,남,14세,중상,승용,여,40세,기타불명
2013061100100398,2013년 6월 11일 17시,화요일,인천광역시 남구 학익동,사망사고,2,0,1,0,차대차 - 정면충돌,중앙선침범,습기,비,단일로 - 기타,화물,남,56세,사망,승합,남,42세,경상
2013061100100399,2013년 6월 11일 17시,화요일,인천광역시 남구 주안동,경상사고,0,0,3,0,차대차 - 측면직각충돌,중앙선침범,습기,비,단일로 - 횡단보도부근,화물,남,56세,상해없음,승용,남,77세,경상
2013061100100440,2013년 6월 11일 18시,화요일,인천광역시 서구 석남동,중상사고,0,1,1,0,차대사람 - 기타,안전운전불이행,건조,맑음,교차로 - 교차로안,승용,남,45세,상해없음,보행자,남,33세,중상
2013061100100477,2013년 6월 11일 19시,화요일,인천광역시 남구 주안동,경상사고,0,0,1,0,차대차 - 측면직각충돌,안전운전불이행,습기,비,단일로 - 기타,화물,남,58세,상해없음,원동기,남,17세,경상
2013061100100478,2013년 6월 11일 19시,화요일,인천광역시 남동구 간석동,경상사고,0,0,1,0,차대차 - 기타,안전운전불이행,습기,비,기타 - 기타,승용,남,52세,상해없음,원동기,남,43세,경상
2013061100100538,2013년 6월 11일 20시,화요일,인천광역시 부평구 십정동,경상사고,0,0,2,0,차대차 - 기타,안전운전불이행,건조,맑음,단일로 - 기타,승용,남,49세,상해없음,승합,남,48세,상해없음
2013061100100539,2013년 6월 11일 20시,화요일,인천광역시 서구 가좌동,중상사고,0,1,0,0,차대차 - 정면충돌,안전운전불이행,습기,맑음,교차로 - 교차로안,승용,남,48세,상해없음,이륜,남,32세,중상
2013061100100578,2013년 6월 11일 21시,화요일,인천광역시 남구 관교동,경상사고,0,0,2,0,차대차 - 기타,신호위반,습기,비,교차로 - 교차로안,승용,남,54세,상해없음,승용,남,46세,경상
2013061100100579,2013년 6월 11일 21시,화요일,인천광역시 부평구 청천동,중상사고,0,1,0,0,차대차 - 기타,안전운전불이행,습기,비,단일로 - 기타,기타불명,기타불명,기타불명,기타불명,이륜,남,51세,중상
2013061100100580,2013년 6월 11일 21시,화요일,인천광역시 남동구 남촌동,중상사고,0,1,0,0,차대사람 - 보도통행중,보행자보호의무위반,습기,비,단일로 - 횡단보도상,승합,남,62세,상해없음,보행자,남,42세,중상
2013061100100581,2013년 6월 11일 21시,화요일,인천광역시 남동구 남촌동,경상사고,0,0,1,0,차대차 - 기타,안전운전불이행,건조,맑음,교차로 - 교차로부근,승용,남,23세,기타불명,승합,남,37세,경상
2013061100100625,2013년 6월 11일 22시,화요일,인천광역시 부평구 부평동,경상사고,0,0,1,0,차대사람 - 횡단중,신호위반,습기,비,교차로 - 교차로부근,승용,남,46세,상해없음,보행자,여,48세,경상
2013061200100020,2013년 6월 12일 00시,수요일,인천광역시 서구 가좌동,중상사고,0,1,0,0,차대차 - 기타,안전운전불이행,습기,비,교차로 - 교차로부근,승용,남,48세,상해없음,이륜,남,45세,중상
2013061200100035,2013년 6월 12일 01시,수요일,인천광역시 남동구 구월동,중상사고,0,2,4,0,차대차 - 추돌 - 주정차중,안전운전불이행,건조,맑음,단일로 - 기타,승용,남,35세,상해없음,승용,남,61세,중상
2013061200100063,2013년 6월 12일 04시,수요일,인천광역시 계양구 임학동,경상사고,0,0,1,0,차대사람 - 길가장자리구역통행중,안전운전불이행,건조,맑음,단일로 - 기타,승용,남,21세,기타불명,보행자,남,28세,경상
2013061200100083,2013년 6월 12일 06시,수요일,인천광역시 남구 학익동,경상사고,0,0,1,0,차대차 - 추돌 - 주정차중,안전운전불이행,습기,비,교차로 - 교차로안,승용,남,48세,상해없음,승용,남,39세,경상
2013061200100105,2013년 6월 12일 07시,수요일,인천광역시 연수구 동춘동,경상사고,0,0,1,0,차대차 - 기타,안전운전불이행,습기,비,미분류 - 미분류,승합,여,54세,상해없음,승용,남,29세,상해없음
2013061200100146,2013년 6월 12일 08시,수요일,인천광역시 남구 주안동,부상신고사고,0,0,0,1,차대차 - 추돌 - 진행중,안전운전불이행,적설,비,교차로 - 교차로부근,원동기,남,15세,부상신고,승용,남,38세,상해없음