사고번호,사고일시,요일,시군구,사고내용,사망자수,중상자수,경상자수,부상신고자수,사고유형,법규위반,노면상태,기상상태,도로형태,가해운전자 차종,가해운전자 성별,가해운전자 연령,가해운전자 상해정도,피해운전자 차종,피해운전자 성별,피해운전자 연령,피해운전자 상해정도
2013061200100147,2013년 6월 12일 08시,수요일,인천광역시 서구 연희동,경상사고,0,0,2,0,차대차 - 기타,보행자보호의무위반,기타,비,교차로 - 교차로안,승용,남,57세,상해없음,승용,여,39세,경상
2013061200100241,2013년 6월 12일 12시,수요일,인천광역시 남동구 논현동,중상사고,0,1,0,0,차대사람 - 횡단중,신호위반,건조,맑음,단일로 - 횡단보도상,승합,남,62세,상해없음,보행자,남,39세,중상
2013061200100272,2013년 6월 12일 13시,수요일,인천광역시 남동구 구월동,중상사고,0,1,0,0,차대사람 - 횡단중,안전운전불이행,건조,맑음,단일로 - 기타,승용,여,50세,상해없음,보행자,여,11세,중상
2013061200100309,2013년 6월 12일 14시,수요일,인천광역시 남구 도화동,경상사고,0,0,1,0,차대차 - 기타,안전운전불이행,건조,맑음,교차로 - 교차로부근,화물,남,60세,상해없음,화물,남,31세,경상
2013061200100310,2013년 6월 12일 14시,수요일,인천광역시 남동구 간석동,경상사고,0,0,1,0,차대사람 - 기타,차로위반,건조,맑음,단일로 - 기타,승용,남,45세,상해없음,보행자,남,40세,경상
2013061200100311,2013년 6월 12일 14시,수요일,인천광역시 서구 연희동,경상사고,0,0,2,0,차대차 - 측면직각충돌,안전운전불이행,건조,맑음,교차로 - 교차로안,승용,여,26세,상해없음,승용,남,39세,경상
2013061200100312,2013년 6월 12일 14시,수요일,인천광역시 서구 연희동,중상사고,0,1,0,0,차대차 - 측면직각충돌,중앙선침범,건조,맑음,단일로 - 기타,승용,남,44세,상해없음,승용,여,51세,중상
2013061200100313,2013년 6월 12일 14시,수요일,인천광역시 연수구 청학동,중상사고,0,1,0,0,차대차 - 측면직각충돌,신호위반,건조,맑음,교차로 - 교차로안,승용,남,23세,상해없음,승용,여,45세,중상
2013061200100340,2013년 6월 12일 15시,수요일,인천광역시 남동구 만수동,경상사고,0,0,1,0,차대차 - 측면직각충돌,안전운전불이행,건조,맑음,교차로 - 교차로안,승용,남,39세,상해없음,승용,남,50세,경상
2013061200100341,2013년 6월 12일 15시,수요일,인천광역시 계양구 병방동,경상사고,0,0,1,0,차대차 - 추돌 - 주정차중,안전운전불이행,건조,맑음,교차로 - 교차로부근,화물,남,46세,상해없음,승용,여,23세,경상
2013061200100372,2013년 6월 12일 16시,수요일,인천광역시 서구 연희동,경상사고,0,0,1,0,차대차 - 기타,안전운전불이행,건조,맑음,단일로 - 기타,승합,남,55세,상해없음,승용,남,65세,경상
2013061200100403,2013년 6월 12일 17시,수요일,인천광역시 부평구 부평동,경상사고,0,0,1,0,차대차 - 측면직각충돌,신호위반,건조,맑음,교차로 - 교차로안,승용,여,53세,상해없음,승합,남,59세,경상
2013061200100404,2013년 6월 12일 17시,수요일,인천광역시 서구 가좌동,중상사고,0,1,0,0,차대사람 - 기타,신호위반,건조,맑음,단일로 - 기타,승용,남,38세,상해없음,보행자,남,41세,중상
2013061200100435,2013년 6월 12일 18시,수요일,인천광역시 남구 도화동,경상사고,0,0,1,0,차대차 - 측면직각충돌,안전거리미확보,건조,맑음,미분류 - 미분류,화물,남,58세,상해없음,승용,남,35세,경상
2013061200100436,2013년 6월 12일 18시,수요일,인천광역시 남동구 간석동,중상사고,0,1,0,0,차대차 - 측면직각충돌,교차로운행방법위반,건조,맑음,교차로 - 교차로부근,승용,여,27세,상해없음,이륜,남,58세,중상
2013061200100437,2013년 6월 12일 18시,수요일,인천광역시 계양구 작전동,중상사고,0,1,0,0,차대차 - 측면직각충돌,안전운전불이행,건조,맑음,단일로 - 횡단보도상,승용,여,46세,상해없음,자전거,여,51세,중상
2013061200100473,2013년 6월 12일 19시,수요일,인천광역시 남동구 장수동,경상사고,0,0,1,0,차대사람 - 기타,안전운전불이행,건조,맑음,단일로 - 기타,승용,여,43세,기타불명,보행자,남,47세,경상
2013061200100474,2013년 6월 12일 19시,수요일,인천광역시 서구 연희동,경상사고,0,0,1,0,차대차 - 기타,안전운전불이행,건조,맑음,단일로 - 기타,승용,남,48세,상해없음,승용,여,27세,경상
2013061200100501,2013년 6월 12일 20시,수요일,인천광역시 남구 학익동,경상사고,0,0,1,0,차대차 - 추돌 - 진행중,안전운전불이행,건조,맑음,교차로 - 교차로안,이륜,남,27세,상해없음,승용,여,33세,경상
2013061200100502,2013년 6월 12일 20시,수요일,인천광역시 부평구 산곡동,중상사고,0,1,0,0,차대사람 - 기타,안전운전불이행,건조,맑음,단일로 - 기타,승용,여,33세,상해없음,보행자,남,66세,중상
2013061200100503,2013년 6월 12일 20시,수요일,인천광역시 연수구 옥련동,중상사고,0,1,0,0,차대차 - 정면충돌,교차로운행방법위반,건조,맑음,교차로 - 교차로안,승용,남,39세,상해없음,이륜,남,30세,중상
2013061200100504,2013년 6월 12일 20시,수요일,인천광역시 남동구 남촌동,경상사고,0,0,1,0,차대차 - 기타,안전운전불이행,건조,맑음,미분류 - 미분류,화물,남,38세,상해없음,승용,남,31세,경상
2013061200100542,2013년 6월 12일 21시,수요일,인천광역시 남구 학익동,경상사고,0,0,1,0,차대차 - 추돌 - 진행중,안전운전불이행,건조,맑음,단일로 - 기타,승용,기타불명,기타불명,기타불명,자전거,남,69세,경상
2013061200100543,2013년 6월 12일 21시,수요일,인천광역시 남구 주안동,경상사고,0,0,5,0,차대차 - 기타,안전거리미확보,건조,맑음,기타 - 기타,승용,남,52세,상해없음,승용,남,38세,경상
2013061200100544,2013년 6월 12일 21시,수요일,인천광역시 서구 경서동,중상사고,0,2,5,0,차대차 - 추돌 - 주정차중,안전운전불이행,건조,맑음,단일로 - 기타,화물,남,40세,기타불명,승용,남,32세,경상
2013061200100624,2013년 6월 12일 23시,수요일,인천광역시 남구 주안동,경상사고,0,0,1,0,차대차 - 측면직각충돌,안전거리미확보,건조,맑음,단일로 - 기타,원동기,남,23세,경상,승용,남,57세,상해없음
2013061300100028,2013년 6월 13일 01시,목요일,인천광역시 남구 관교동,경상사고,0,0,2,1,차대차 - 정면충돌,신호위반,건조,맑음,교차로 - 교차로안,이륜,남,28세,부상신고,승용,남,32세,경상
2013061300100063,2013년 6월 13일 05시,목요일,인천광역시 남동구 간석동,중상사고,0,1,0,0,차대차 - 측면직각충돌,안전운전불이행,건조,맑음,단일로 - 기타,승용,남,52세,상해없음,이륜,남,42세,중상
2013061300100174,2013년 6월 13일 10시,목요일,인천광역시 남동구 도림동,중상사고,0,1,0,0,차대사람 - 기타,안전운전불이행,건조,맑음,단일로 - 기타,승용,남,63세,상해없음,보행자,남,48세,중상
2013061300100175,2013년 6월 13일 10시,목요일,인천광역시 계양구 계산동,경상사고,0,0,1,0,차대차 - 측면직각충돌,신호위반,건조,맑음,교차로 - 교차로안,승용,남,22세,상해없음,이륜,남,54세,경상
2013061300100248,2013년 6월 13일 13시,목요일,인천광역시 남동구 만수동,부상신고사고,0,0,0,1,차대차 - 추돌 - 주정차중,안전운전불이행,건조,맑음,교차로 - 교차로부근,이륜,남,34세,상해없음,승용,남,61세,상해없음
2013061300100273,2013년 6월 13일 14시,목요일,인천광역시 계양구 작전동,중상사고,0,1,0,0,차대차 - 측면직각충돌,신호위반,건조,맑음,교차로 - 교차로안,이륜,남,21세,중상,승용,여,44세,상해없음
2013061300100316,2013년 6월 13일 15시,목요일,인천광역시 부평구 삼산동,중상사고,0,1,0,0,차량단독 - 전도전복,안전운전불이행,건조,맑음,기타 - 기타,자전거,남,14세,중상,,,,
2013061300100386,2013년 6월 13일 17시,목요일,인천광역시 중구 항동7가,중상사고,0,1,0,0,차대차 - 측면직각충돌,신호위반,건조,맑음,교차로 - 교차로안,화물,남,55세,상해없음,자전거,남,60세,중상
2013061300100387,2013년 6월 13일 17시,목요일,인천광역시 남동구 간석동,중상사고,0,1,0,0,차대차 - 측면직각충돌,안전운전불이행,건조,맑음,교차로 - 교차로안,승용,남,61세,상해없음,이륜,남,25세,중상
2013061300100388,2013년 6월 13일 17시,목요일,인천광역시 남동구 구월동,경상사고,0,0,1,0,차대차 - 측면직각충돌,교차로운행방법위반,건조,맑음,교차로 - 교차로안,승용,여,33세,상해없음,승용,남,51세,경상
2013061300100389,2013년 6월 13일 17시,목요일,인천광역시 강화군 교동면,사망사고,1,0,0,0,차대차 - 측면직각충돌,안전운전불이행,건조,맑음,단일로 - 기타,원동기,남,63세,사망,승용,남,47세,상해없음
2013061300100452,2013년 6월 13일 19시,목요일,인천광역시 계양구 계산동,중상사고,0,1,0,0,차대사람 - 횡단중,신호위반,건조,맑음,단일로 - 횡단보도상,이륜,남,17세,상해없음,보행자,남,10세,중상
2013061300100510,2013년 6월 13일 21시,목요일,인천광역시 서구 석남동,경상사고,0,0,2,0,차대차 - 정면충돌,신호위반,건조,흐림,교차로 - 교차로안,승용,남,22세,경상,승용,남,46세,경상
2013061300100511,2013년 6월 13일 21시,목요일,인천광역시 서구 경서동,경상사고,0,0,4,0,차대차 - 기타,안전운전불이행,건조,맑음,교차로 - 교차로안,승용,여,42세,경상,승용,남,39세,경상
2013061300100549,2013년 6월 13일 22시,목요일,인천광역시 남구 용현동,경상사고,0,0,1,0,차대차 - 측면직각충돌,안전운전불이행,건조,맑음,교차로 - 교차로안,승용,남,64세,기타불명,승용,남,55세,경상
2013061300100550,2013년 6월 13일 22시,목요일,인천광역시 부평구 산곡동,중상사고,0,1,0,0,차대차 - 기타,안전운전불이행,건조,맑음,단일로 - 횡단보도부근,자전거,남,16세,중상,승용,남,64세,상해없음
2013061300100551,2013년 6월 13일 22시,목요일,인천광역시 계양구 작전동,경상사고,0,0,1,0,차대사람 - 횡단중,보행자보호의무위반,건조,맑음,단일로 - 횡단보도상,이륜,남,17세,상해없음,보행자,여,12세,경상
2013061300100552,2013년 6월 13일 22시,목요일,인천광역시 연수구 옥련동,경상사고,0,0,1,0,차대차 - 기타,안전운전불이행,건조,맑음,단일로 - 기타,승용,남,57세,상해없음,승합,남,52세,경상
2013061400100026,2013년 6월 14일 00시,금요일,인천광역시 서구 검암동,중상사고,0,1,1,0,차대차 - 기타,안전운전불이행,건조,맑음,단일로 - 횡단보도부근,승용,남,45세,상해없음,승용,남,42세,중상
2013061400100037,2013년 6월 14일 01시,금요일,인천광역시 계양구 효성동,경상사고,0,0,2,0,차대차 - 측면직각충돌,신호위반,건조,맑음,교차로 - 교차로안,승용,남,61세,상해없음,승합,남,53세,경상
2013061400100038,2013년 6월 14일 01시,금요일,인천광역시 연수구 동춘동,중상사고,0,1,0,0,차대사람 - 기타,안전운전불이행,건조,맑음,단일로 - 기타,승용,여,46세,상해없음,보행자,남,34세,중상
2013061400100067,2013년 6월 14일 04시,금요일,인천광역시 남동구 논현동,중상사고,0,1,0,0,차대사람 - 횡단중,교차로운행방법위반,건조,맑음,교차로 - 교차로안,승용,남,54세,상해없음,보행자,남,37세,중상
2013061400100078,2013년 6월 14일 05시,금요일,인천광역시 계양구 상야동,경상사고,0,0,1,0,차대차 - 측면직각충돌,안전운전불이행,건조,맑음,단일로 - 기타,화물,남,64세,상해없음,승용,남,54세,경상
2013061400100093,2013년 6월 14일 06시,금요일,인천광역시 중구 중산동,경상사고,0,0,1,0,차대차 - 측면직각충돌,신호위반,건조,맑음,교차로 - 교차로안,승용,남,55세,상해없음,승용,남,41세,경상
2013061400100094,2013년 6월 14일 06시,금요일,인천광역시 남구 용현동,중상사고,0,1,0,0,차대사람 - 횡단중,신호위반,건조,맑음,단일로 - 횡단보도상,건설기계,남,39세,상해없음,보행자,여,66세,중상
2013061400100115,2013년 6월 14일 07시,금요일,인천광역시 서구 석남동,중상사고,0,1,0,0,차대사람 - 횡단중,안전운전불이행,건조,맑음,단일로 - 기타,승용,남,33세,상해없음,보행자,남,35세,중상
2013061400100116,2013년 6월 14일 07시,금요일,인천광역시 서구 검암동,경상사고,0,0,1,0,차대차 - 기타,안전운전불이행,건조,맑음,단일로 - 기타,승용,남,46세,상해없음,이륜,남,54세,경상
2013061400100183,2013년 6월 14일 09시,금요일,인천광역시 남동구 간석동,경상사고,0,0,1,0,차대사람 - 기타,보행자보호의무위반,건조,맑음,단일로 - 기타,승용,남,25세,상해없음,보행자,남,3세,경상
2013061400100184,2013년 6월 14일 09시,금요일,인천광역시 서구 신현동,경상사고,0,0,1,0,차대차 - 정면충돌,안전운전불이행,건조,맑음,교차로 - 교차로안,승용,남,47세,상해없음,승용,남,42세,상해없음
2013061400100250,2013년 6월 14일 12시,금요일,인천광역시 서구 경서동,경상사고,0,0,1,0,차대차 - 기타,안전운전불이행,건조,맑음,기타 - 기타,이륜,남,48세,경상,승용,남,54세,상해없음
2013061400100325,2013년 6월 14일 15시,금요일,인천광역시 서구 심곡동,경상사고,0,0,2,0,차대차 - 기타,신호위반,건조,맑음,교차로 - 교차로안,승용,남,75세,상해없음,승용,남,39세,경상
2013061400100368,2013년 6월 14일 16시,금요일,인천광역시 남구 주안동,경상사고,0,0,3,0,차대차 - 기타,안전거리미확보,건조,맑음,미분류 - 미분류,승용,남,33세,상해없음,화물,남,53세,경상
2013061400100369,2013년 6월 14일 16시,금요일,인천광역시 부평구 부평동,경상사고,0,0,1,0,차대사람 - 기타,안전운전불이행,건조,맑음,단일로 - 기타,자전거,남,37세,상해없음,보행자,여,55세,경상
2013061400100370,2013년 6월 14일 16시,금요일,인천광역시 계양구 용종동,경상사고,0,0,1,0,차대차 - 추돌 - 진행중,안전거리미확보,건조,맑음,기타 - 기타,승용,남,56세,상해없음,승용,남,47세,경상
2013061400100371,2013년 6월 14일 16시,금요일,인천광역시 중구 운서동,경상사고,0,0,2,0,차대차 - 측면직각충돌,안전운전불이행,건조,맑음,기타 - 기타,건설기계,남,38세,상해없음,승용,남,35세,경상
2013061400100404,2013년 6월 14일 17시,금요일,인천광역시 부평구 청천동,중상사고,0,1,0,0,차대사람 - 횡단중,안전운전불이행,건조,맑음,단일로 - 기타,승용,여,26세,상해없음,보행자,남,17세,중상
2013061400100405,2013년 6월 14일 17시,금요일,인천광역시 연수구 옥련동,경상사고,0,0,1,0,차대사람 - 기타,안전운전불이행,건조,맑음,단일로 - 기타,승합,남,57세,상해없음,보행자,여,16세,경상
2013061400100443,2013년 6월 14일 18시,금요일,인천광역시 옹진군 영흥면,경상사고,0,0,1,0,차대차 - 정면충돌,중앙선침범,건조,맑음,단일로 - 기타,화물,남,41세,상해없음,승용,여,21세,경상
2013061400100444,2013년 6월 14일 18시,금요일,인천광역시 남구 도화동,경상사고,0,0,1,0,차대사람 - 기타,안전운전불이행,건조,맑음,단일로 - 기타,승용,남,41세,상해없음,보행자,남,24세,경상
2013061400100445,2013년 6월 14일 18시,금요일,인천광역시 남동구 고잔동,중상사고,0,1,0,0,차대차 - 추돌 - 진행중,교차로운행방법위반,건조,맑음,교차로 - 교차로안,화물,남,53세,상해없음,자전거,남,35세,중상
2013061400100446,2013년 6월 14일 18시,금요일,인천광역시 부평구 부개동,중상사고,0,1,0,0,차대사람 - 보도통행중,기타,건조,맑음,단일로 - 기타,승용,여,43세,상해없음,보행자,여,31세,중상
2013061400100475,2013년 6월 14일 19시,금요일,인천광역시 남구 도화동,중상사고,0,1,0,0,차대사람 - 기타,안전운전불이행,건조,맑음,단일로 - 기타,기타불명,기타불명,기타불명,기타불명,보행자,여,53세,중상
2013061400100476,2013년 6월 14일 19시,금요일,인천광역시 남구 주안동,경상사고,0,0,1,0,차대차 - 추돌 - 주정차중,교차로운행방법위반,건조,맑음,교차로 - 교차로안,승합,남,48세,상해없음,승용,남,50세,경상
2013061400100504,2013년 6월 14일 20시,금요일,인천광역시 남동구 논현동,경상사고,0,0,1,0,차대차 - 측면직각충돌,안전거리미확보,건조,맑음,단일로 - 기타,승용,남,33세,상해없음,이륜,남,32세,경상
2013061400100535,2013년 6월 14일 21시,금요일,인천광역시 서구 가좌동,중상사고,0,1,0,0,차량단독 - 공작물충돌,안전운전불이행,건조,맑음,기타 - 기타,승용,남,49세,상해없음,,,,
2013061400100618,2013년 6월 14일 23시,금요일,인천광역시 부평구 부평동,중상사고,0,1,4,0,차대차 - 추돌 - 주정차중,불법유턴,건조,맑음,단일로 - 기타,승용,남,46세,상해없음,승용,남,55세,경상
2013061500100050,2013년 6월 15일 01시,토요일,인천광역시 남구 학익동,중상사고,0,1,4,0,차대차 - 측면직각충돌,중앙선침범,건조,맑음,교차로 - 교차로안,승용,남,22세,상해없음,승용,남,45세,경상
2013061500100051,2013년 6월 15일 01시,토요일,인천광역시 연수구 청학동,경상사고,0,0,1,0,차대차 - 추돌 - 주정차중,안전운전불이행,건조,맑음,단일로 - 기타,승용,남,18세,상해없음,승용,남,49세,경상
2013061500100075,2013년 6월 15일 02시,토요일,인천광역시 계양구 계산동,중상사고,0,1,0,0,차대사람 - 횡단중,안전운전불이행,건조,맑음,단일로 - 횡단보도상,승용,남,45세,상해없음,보행자,남,52세,중상
2013061500100076,2013년 6월 15일 02시,토요일,인천광역시 부평구 부평동,경상사고,0,0,1,0,차대차 - 측면직각충돌,안전운전불이행,습기,비,교차로 - 교차로부근,승용,남,22세,상해없음,이륜,남,51세,경상
2013061500100093,2013년 6월 15일 03시,토요일,인천광역시 옹진군 영흥면,경상사고,0,0,1,0,차대차 - 추돌 - 진행중,안전운전불이행,건조,맑음,단일로 - 기타,화물,남,54세,상해없음,화물,남,43세,경상
2013061500100094,2013년 6월 15일 03시,토요일,인천광역시 남구 주안동,경상사고,0,0,1,0,차대사람 - 횡단중,안전운전불이행,건조,맑음,교차로 - 교차로안,기타불명,기타불명,기타불명,기타불명,보행자,여,29세,경상
2013061500100095,2013년 6월 15일 03시,토요일,인천광역시 서구 석남동,경상사고,0,0,1,0,차대차 - 측면직각충돌,안전거리미확보,건조,맑음,단일로 - 기타,이륜,남,17세,상해없음,승용,남,44세,상해없음
2013061500100110,2013년 6월 15일 04시,토요일,인천광역시 부평구 부평동,중상사고,0,1,0,0,차대사람 - 차도통행중,안전운전불이행,건조,맑음,교차로 - 교차로부근,승용,남,63세,상해없음,보행자,남,68세,중상
2013061500100128,2013년 6월 15일 05시,토요일,인천광역시 연수구 옥련동,경상사고,0,0,4,0,차대차 - 추돌 - 주정차중,안전운전불이행,건조,맑음,단일로 - 기타,승용,남,26세,상해없음,특수,남,23세,경상
2013061500100141,2013년 6월 15일 06시,토요일,인천광역시 서구 경서동,경상사고,0,0,3,0,차대차 - 기타,차로위반,건조,맑음,미분류 - 미분류,승합,남,48세,경상,승용,남,25세,경상
2013061500100182,2013년 6월 15일 08시,토요일,인천광역시 남동구 만수동,중상사고,0,1,0,0,차대사람 - 횡단중,신호위반,건조,맑음,단일로 - 기타,이륜,남,55세,상해없음,보행자,여,55세,중상
2013061500100210,2013년 6월 15일 09시,토요일,인천광역시 남구 용현동,경상사고,0,0,1,0,차대차 - 기타,안전운전불이행,건조,맑음,기타 - 기타,승용,남,64세,상해없음,승용,남,56세,경상
2013061500100248,2013년 6월 15일 10시,토요일,인천광역시 계양구 계산동,경상사고,0,0,1,0,차대차 - 측면직각충돌,안전운전불이행,건조,맑음,단일로 - 기타,승용,여,37세,상해없음,자전거,여,55세,경상
2013061500100274,2013년 6월 15일 11시,토요일,인천광역시 남동구 장수동,경상사고,0,0,2,0,차대차 - 측면직각충돌,안전운전불이행,건조,맑음,단일로 - 기타,승용,여,39세,상해없음,승용,남,65세,경상
2013061500100275,2013년 6월 15일 11시,토요일,인천광역시 남동구 구월동,경상사고,0,0,1,0,차대차 - 추돌 - 주정차중,안전거리미확보,건조,맑음,교차로 - 교차로부근,승용,남,39세,상해없음,승용,여,33세,경상
2013061500100276,2013년 6월 15일 11시,토요일,인천광역시 부평구 일신동,중상사고,0,1,4,0,차대차 - 추돌 - 주정차중,안전거리미확보,건조,맑음,단일로 - 터널,화물,남,49세,상해없음,승합,남,54세,경상
2013061500100307,2013년 6월 15일 12시,토요일,인천광역시 남동구 구월동,경상사고,0,0,1,0,차대차 - 기타,안전거리미확보,건조,맑음,단일로 - 기타,승용,남,43세,상해없음,이륜,남,33세,경상
2013061500100308,2013년 6월 15일 12시,토요일,인천광역시 서구 가좌동,경상사고,0,0,2,0,차대차 - 측면직각충돌,안전운전불이행,건조,맑음,교차로 - 교차로안,승용,남,28세,상해없음,승용,여,34세,경상
2013061500100309,2013년 6월 15일 12시,토요일,인천광역시 부평구 부평동,경상사고,0,0,1,0,차대차 - 측면직각충돌,안전운전불이행,건조,맑음,단일로 - 기타,승용,여,45세,상해없음,승용,남,52세,경상
2013061500100350,2013년 6월 15일 13시,토요일,인천광역시 부평구 갈산동,중상사고,0,1,0,0,차대사람 - 차도통행중,안전운전불이행,건조,맑음,단일로 - 기타,승용,여,42세,상해없음,보행자,남,15세,중상
2013061500100351,2013년 6월 15일 13시,토요일,인천광역시 부평구 부평동,경상사고,0,0,1,0,차대차 - 추돌 - 주정차중,안전운전불이행,건조,맑음,단일로 - 기타,승용,남,56세,상해없음,승용,남,26세,경상
2013061500100427,2013년 6월 15일 15시,토요일,인천광역시 남동구 구월동,경상사고,0,0,1,0,차대차 - 추돌 - 주정차중,안전운전불이행,건조,맑음,단일로 - 기타,승용,남,56세,상해없음,승용,남,50세,경상
2013061500100503,2013년 6월 15일 17시,토요일,인천광역시 중구 경동,경상사고,0,0,2,0,차대차 - 추돌 - 주정차중,중앙선침범,건조,맑음,교차로 - 교차로부근,승용,남,52세,상해없음,승용,남,29세,경상
2013061500100543,2013년 6월 15일 18시,토요일,인천광역시 남동구 구월동,경상사고,0,0,1,0,차대사람 - 횡단중,보행자보호의무위반,건조,맑음,단일로 - 횡단보도상,승용,남,72세,상해없음,보행자,남,21세,경상
2013061500100568,2013년 6월 15일 19시,토요일,인천광역시 남동구 만수동,경상사고,0,0,1,0,차대사람 - 기타,안전운전불이행,건조,맑음,단일로 - 기타,화물,남,37세,상해없음,보행자,남,45세,경상
2013061500100600,2013년 6월 15일 20시,토요일,인천광역시 서구 가좌동,중상사고,0,1,0,0,차대사람 - 횡단중,신호위반,건조,맑음,교차로 - 교차로부근,승용,여,57세,상해없음,보행자,여,75세,중상
2013061500100637,2013년 6월 15일 21시,토요일,인천광역시 서구 심곡동,경상사고,0,0,1,0,차대차 - 기타,교차로운행방법위반,건조,맑음,교차로 - 교차로안,승용,남,56세,상해없음,원동기,남,19세,경상
2013061500100664,2013년 6월 15일 22시,토요일,인천광역시 남구 주안동,경상사고,0,0,1,0,차대차 - 측면직각충돌,안전운전불이행,건조,맑음,단일로 - 기타,승용,남,55세,상해없음,자전거,남,24세,경상
2013061500100665,2013년 6월 15일 22시,토요일,인천광역시 남동구 만수동,경상사고,0,0,1,0,차대사람 - 기타,안전운전불이행,건조,맑음,단일로 - 기타,승용,남,55세,상해없음,보행자,여,32세,경상
2013061500100702,2013년 6월 15일 23시,토요일,인천광역시 연수구 옥련동,부상신고사고,0,0,0,1,차량단독 - 전도전복,안전운전불이행,건조,맑음,단일로 - 기타,이륜,남,24세,상해없음,,,,
2013061600100018,2013년 6월 16일 00시,일요일,인천광역시 연수구 연수동,중상사고,0,1,0,0,차대차 - 추돌 - 주정차중,기타,건조,맑음,교차로 - 교차로부근,승용,남,53세,상해없음,이륜,남,43세,중상
2013061600100077,2013년 6월 16일 03시,일요일,인천광역시 중구 신흥동3가,중상사고,0,1,2,0,차대차 - 측면직각충돌,신호위반,건조,맑음,교차로 - 교차로안,승용,남,42세,상해없음,승용,남,45세,중상
2013061600100092,2013년 6월 16일 04시,일요일,인천광역시 서구 석남동,경상사고,0,0,1,0,차대차 - 기타,신호위반,건조,맑음,기타 - 기타,승용,남,39세,상해없음,승합,남,51세,경상
2013061600100093,2013년 6월 16일 04시,일요일,인천광역시 계양구 동양동,경상사고,0,0,1,0,차대차 - 측면직각충돌,안전운전불이행,건조,맑음,교차로 - 교차로안,이륜,남,15세,상해없음,승용,남,48세,상해없음
2013061600100129,2013년 6월 16일 06시,일요일,인천광역시 남구 주안동,경상사고,0,0,1,0,차대차 - 추돌 - 진행중,안전운전불이행,건조,맑음,단일로 - 횡단보도부근,승용,남,21세,상해없음,승용,남,45세,경상
2013061600100138,2013년 6월 16일 07시,일요일,인천광역시 남동구 만수동,경상사고,0,0,1,0,차대차 - 기타,신호위반,건조,맑음,단일로 - 기타,화물,남,50세,상해없음,자전거,남,67세,경상
2013061600100150,2013년 6월 16일 08시,일요일,인천광역시 남구 도화동,중상사고,0,1,0,0,차대차 - 정면충돌,중앙선침범,건조,맑음,교차로 - 교차로부근,이륜,남,61세,중상,승용,여,33세,상해없음
2013061600100175,2013년 6월 16일 09시,일요일,인천광역시 강화군 선원면,중상사고,0,1,0,0,차대차 - 추돌 - 진행중,안전운전불이행,건조,맑음,교차로 - 교차로안,이륜,남,44세,중상,승용,여,38세,상해없음
2013061600100195,2013년 6월 16일 10시,일요일,인천광역시 동구 송림동,중상사고,0,1,2,0,차대차 - 추돌 - 진행중,차로위반,건조,맑음,단일로 - 기타,승용,남,55세,경상,승용,여,50세,경상
2013061600100215,2013년 6월 16일 11시,일요일,인천광역시 옹진군 영흥면,경상사고,0,0,1,0,차대사람 - 기타,안전운전불이행,건조,맑음,단일로 - 기타,화물,남,71세,상해없음,보행자,남,43세,경상
2013061600100248,2013년 6월 16일 12시,일요일,인천광역시 강화군 화도면,부상신고사고,0,0,0,1,차량단독 - 공작물충돌,안전운전불이행,건조,맑음,단일로 - 기타,승용,남,42세,부상신고,,,,
2013061600100327,2013년 6월 16일 15시,일요일,인천광역시 계양구 병방동,경상사고,0,0,1,0,차대차 - 기타,안전운전불이행,건조,맑음,단일로 - 기타,승용,기타불명,기타불명,기타불명,자전거,남,13세,경상
2013061600100328,2013년 6월 16일 15시,일요일,인천광역시 계양구 계산동,경상사고,0,0,1,0,차대차 - 측면직각충돌,안전운전불이행,건조,맑음,교차로 - 교차로부근,승용,남,56세,상해없음,자전거,남,50세,경상
2013061600100389,2013년 6월 16일 17시,일요일,인천광역시 동구 화수동,중상사고,0,1,0,0,차대사람 - 횡단중,신호위반,건조,맑음,교차로 - 교차로부근,승용,여,36세,상해없음,보행자,남,7세,중상
2013061600100429,2013년 6월 16일 18시,일요일,인천광역시 남구 도화동,경상사고,0,0,1,0,차대사람 - 기타,안전운전불이행,건조,맑음,교차로 - 교차로안,승용,여,38세,상해없음,보행자,여,79세,경상
2013061600100430,2013년 6월 16일 18시,일요일,인천광역시 부평구 산곡동,경상사고,0,0,1,0,차대사람 - 기타,안전운전불이행,건조,맑음,기타 - 기타,승용,남,52세,상해없음,보행자,남,80세,경상
2013061600100431,2013년 6월 16일 18시,일요일,인천광역시 부평구 부평동,경상사고,0,0,1,0,차대사람 - 횡단중,보행자보호의무위반,건조,맑음,단일로 - 횡단보도상,원동기,남,18세,상해없음,보행자,여,49세,경상
2013061600100452,2013년 6월 16일 19시,일요일,인천광역시 동구 송림동,경상사고,0,0,1,0,차대차 - 측면직각충돌,신호위반,건조,맑음,교차로 - 교차로안,승용,남,43세,상해없음,승용,남,52세,경상
2013061600100453,2013년 6월 16일 19시,일요일,인천광역시 남구 용현동,경상사고,0,0,1,0,차대차 - 추돌 - 진행중,안전운전불이행,건조,맑음,단일로 - 기타,승용,남,48세,상해없음,이륜,남,18세,경상
2013061600100454,2013년 6월 16일 19시,일요일,인천광역시 남동구 논현동,경상사고,0,0,2,0,차대차 - 추돌 - 진행중,안전운전불이행,건조,맑음,단일로 - 기타,화물,남,34세,상해없음,승용,여,42세,경상