사고번호,사고일시,요일,시군구,사고내용,사망자수,중상자수,경상자수,부상신고자수,사고유형,법규위반,노면상태,기상상태,도로형태,가해운전자 차종,가해운전자 성별,가해운전자 연령,가해운전자 상해정도,피해운전자 차종,피해운전자 성별,피해운전자 연령,피해운전자 상해정도
2013071900100150,2013년 7월 19일 08시,금요일,인천광역시 남동구 장수동,경상사고,0,0,2,0,차대차 - 추돌 - 진행중,안전운전불이행,건조,맑음,미분류 - 미분류,승용,남,31세,상해없음,승용,남,50세,경상
2013071900100176,2013년 7월 19일 09시,금요일,인천광역시 남구 숭의동,부상신고사고,0,0,0,1,차대차 - 측면직각충돌,직진우회전진행방해,건조,맑음,교차로 - 교차로안,이륜,남,76세,부상신고,승용,남,38세,상해없음
2013071900100177,2013년 7월 19일 09시,금요일,인천광역시 남동구 남촌동,경상사고,0,0,1,0,차대사람 - 길가장자리구역통행중,안전운전불이행,건조,흐림,교차로 - 교차로안,승용,남,54세,상해없음,보행자,남,59세,경상
2013071900100202,2013년 7월 19일 10시,금요일,인천광역시 동구 송림동,경상사고,0,0,1,0,차대차 - 추돌 - 진행중,신호위반,건조,맑음,교차로 - 교차로안,승용,여,50세,상해없음,승용,남,54세,경상
2013071900100229,2013년 7월 19일 11시,금요일,인천광역시 남동구 간석동,경상사고,0,0,1,0,차대차 - 기타,안전거리미확보,건조,맑음,단일로 - 기타,승용,남,54세,상해없음,승용,남,36세,경상
2013071900100261,2013년 7월 19일 12시,금요일,인천광역시 남동구 만수동,경상사고,0,0,1,0,차대사람 - 보도통행중,보행자보호의무위반,건조,맑음,교차로 - 교차로부근,승합,남,43세,상해없음,보행자,여,63세,경상
2013071900100262,2013년 7월 19일 12시,금요일,인천광역시 남동구 간석동,중상사고,0,1,0,0,차대차 - 측면직각충돌,안전운전불이행,건조,맑음,교차로 - 교차로안,승용,남,48세,상해없음,자전거,남,70세,중상
2013071900100263,2013년 7월 19일 12시,금요일,인천광역시 연수구 연수동,중상사고,0,1,0,0,차대사람 - 횡단중,안전운전불이행,건조,맑음,단일로 - 기타,승용,여,57세,상해없음,보행자,남,12세,중상
2013071900100331,2013년 7월 19일 14시,금요일,인천광역시 남동구 만수동,경상사고,0,0,1,0,차대차 - 기타,불법유턴,건조,맑음,단일로 - 기타,승용,여,59세,상해없음,승용,여,55세,경상
2013071900100332,2013년 7월 19일 14시,금요일,인천광역시 서구 경서동,중상사고,0,1,1,0,차대차 - 추돌 - 주정차중,안전거리미확보,건조,맑음,교차로 - 교차로부근,화물,남,51세,상해없음,승용,여,45세,경상
2013071900100363,2013년 7월 19일 15시,금요일,인천광역시 중구 운남동,경상사고,0,0,1,0,차대차 - 측면직각충돌,안전운전불이행,건조,맑음,교차로 - 교차로안,승용,남,56세,상해없음,승용,남,35세,경상
2013071900100364,2013년 7월 19일 15시,금요일,인천광역시 서구 검암동,중상사고,0,2,0,0,차대차 - 측면직각충돌,안전거리미확보,건조,맑음,단일로 - 기타,승용,남,31세,상해없음,승용,여,27세,중상
2013071900100390,2013년 7월 19일 16시,금요일,인천광역시 계양구 작전동,경상사고,0,0,1,0,차대차 - 측면직각충돌,교차로운행방법위반,건조,흐림,교차로 - 교차로안,승용,여,34세,상해없음,화물,남,47세,경상
2013071900100391,2013년 7월 19일 16시,금요일,인천광역시 강화군 강화읍,부상신고사고,0,0,0,1,차대사람 - 기타,기타,건조,맑음,교차로 - 교차로부근,승합,남,50세,상해없음,보행자,남,56세,부상신고
2013071900100433,2013년 7월 19일 17시,금요일,인천광역시 남동구 구월동,경상사고,0,0,1,0,차대차 - 기타,안전운전불이행,건조,맑음,교차로 - 교차로부근,승용,남,53세,상해없음,화물,남,32세,경상
2013071900100490,2013년 7월 19일 18시,금요일,인천광역시 서구 공촌동,경상사고,0,0,3,0,차대차 - 추돌 - 주정차중,안전운전불이행,건조,맑음,교차로 - 교차로부근,승합,남,52세,상해없음,승용,남,38세,경상
2013071900100491,2013년 7월 19일 18시,금요일,인천광역시 계양구 계산동,중상사고,0,1,0,0,차대차 - 측면직각충돌,교차로운행방법위반,건조,맑음,교차로 - 교차로안,승합,남,49세,상해없음,이륜,여,59세,중상
2013071900100529,2013년 7월 19일 19시,금요일,인천광역시 남구 숭의동,경상사고,0,0,1,0,차대차 - 측면직각충돌,안전운전불이행,건조,맑음,교차로 - 교차로부근,승용,남,57세,기타불명,승용,여,28세,경상
2013071900100530,2013년 7월 19일 19시,금요일,인천광역시 남동구 고잔동,경상사고,0,0,1,0,차대사람 - 횡단중,안전운전불이행,건조,맑음,교차로 - 교차로부근,승용,남,33세,상해없음,보행자,여,27세,경상
2013071900100531,2013년 7월 19일 19시,금요일,인천광역시 연수구 동춘동,경상사고,0,0,1,0,차대차 - 추돌 - 진행중,안전운전불이행,건조,맑음,교차로 - 교차로부근,승용,남,24세,상해없음,승용,여,30세,경상
2013071900100559,2013년 7월 19일 20시,금요일,인천광역시 서구 심곡동,중상사고,0,3,2,0,차대차 - 기타,신호위반,건조,맑음,교차로 - 교차로안,승용,남,47세,상해없음,승용,여,51세,중상
2013071900100560,2013년 7월 19일 20시,금요일,인천광역시 연수구 동춘동,경상사고,0,0,3,0,차대차 - 추돌 - 진행중,안전운전불이행,건조,맑음,교차로 - 교차로부근,승용,남,43세,상해없음,승용,남,30세,경상
2013071900100603,2013년 7월 19일 21시,금요일,인천광역시 남구 문학동,중상사고,0,2,7,0,차대차 - 기타,안전운전불이행,건조,맑음,기타 - 기타,승합,남,55세,상해없음,승합,남,51세,상해없음
2013071900100604,2013년 7월 19일 21시,금요일,인천광역시 서구 석남동,경상사고,0,0,1,0,차대차 - 측면직각충돌,안전운전불이행,건조,맑음,교차로 - 교차로부근,승용,남,58세,상해없음,원동기,남,19세,경상
2013071900100605,2013년 7월 19일 21시,금요일,인천광역시 부평구 부개동,경상사고,0,0,1,0,차대사람 - 기타,안전운전불이행,건조,맑음,단일로 - 기타,승합,남,53세,상해없음,보행자,남,39세,경상
2013071900100627,2013년 7월 19일 22시,금요일,인천광역시 부평구 삼산동,중상사고,0,2,0,0,차대차 - 측면직각충돌,신호위반,건조,맑음,교차로 - 교차로안,이륜,남,18세,중상,승용,남,54세,상해없음
2013071900100628,2013년 7월 19일 22시,금요일,인천광역시 부평구 일신동,경상사고,0,0,1,0,차대차 - 추돌 - 주정차중,안전운전불이행,건조,맑음,단일로 - 기타,승용,남,31세,상해없음,승용,남,24세,경상
2013071900100653,2013년 7월 19일 23시,금요일,인천광역시 계양구 계산동,경상사고,0,0,7,0,차대차 - 추돌 - 주정차중,안전거리미확보,건조,맑음,교차로 - 교차로부근,승합,남,52세,상해없음,승용,여,30세,경상
2013071900100654,2013년 7월 19일 23시,금요일,인천광역시 부평구 부개동,경상사고,0,0,1,0,차대차 - 기타,안전운전불이행,건조,맑음,단일로 - 기타,승용,남,52세,상해없음,승용,남,57세,경상
2013072000100027,2013년 7월 20일 00시,토요일,인천광역시 중구 신흥동1가,중상사고,0,1,1,0,차대차 - 추돌 - 진행중,안전운전불이행,건조,맑음,단일로 - 기타,승용,남,29세,상해없음,승용,남,37세,경상
2013072000100028,2013년 7월 20일 00시,토요일,인천광역시 남구 주안동,중상사고,0,1,1,0,차대사람 - 기타,안전운전불이행,건조,맑음,단일로 - 기타,승용,남,55세,상해없음,보행자,여,32세,중상
2013072000100029,2013년 7월 20일 00시,토요일,인천광역시 남구 숭의동,경상사고,0,0,2,0,차대차 - 기타,안전운전불이행,건조,흐림,교차로 - 교차로안,승용,남,50세,상해없음,승용,남,64세,경상
2013072000100030,2013년 7월 20일 00시,토요일,인천광역시 서구 경서동,경상사고,0,0,1,0,차대차 - 기타,안전운전불이행,건조,맑음,단일로 - 기타,승용,남,17세,상해없음,승용,여,30세,경상
2013072000100058,2013년 7월 20일 01시,토요일,인천광역시 연수구 연수동,경상사고,0,0,1,0,차대사람 - 길가장자리구역통행중,안전운전불이행,건조,맑음,단일로 - 기타,승용,여,50세,상해없음,보행자,남,28세,경상
2013072000100146,2013년 7월 20일 06시,토요일,인천광역시 중구 운서동,경상사고,0,0,3,3,차대차 - 측면직각충돌,신호위반,건조,맑음,교차로 - 교차로안,승용,남,43세,경상,승용,남,42세,경상
2013072000100263,2013년 7월 20일 11시,토요일,인천광역시 부평구 십정동,중상사고,0,1,1,0,차대차 - 측면직각충돌,신호위반,건조,맑음,단일로 - 횡단보도상,승용,남,41세,상해없음,원동기,여,63세,중상
2013072000100303,2013년 7월 20일 12시,토요일,인천광역시 부평구 부개동,중상사고,0,1,0,0,차대차 - 추돌 - 진행중,안전운전불이행,건조,맑음,단일로 - 횡단보도부근,승용,남,65세,상해없음,자전거,남,74세,중상
2013072000100340,2013년 7월 20일 13시,토요일,인천광역시 강화군 화도면,경상사고,0,0,2,2,차대차 - 기타,중앙선침범,건조,맑음,단일로 - 기타,승합,남,70세,상해없음,승용,남,35세,부상신고
2013072000100389,2013년 7월 20일 14시,토요일,인천광역시 남동구 논현동,경상사고,0,0,1,0,차대차 - 측면직각충돌,안전운전불이행,건조,맑음,교차로 - 교차로안,승용,남,65세,상해없음,승용,여,43세,경상
2013072000100390,2013년 7월 20일 14시,토요일,인천광역시 연수구 선학동,중상사고,0,1,0,0,차대차 - 측면직각충돌,신호위반,건조,맑음,교차로 - 교차로안,화물,남,56세,상해없음,이륜,남,39세,중상
2013072000100478,2013년 7월 20일 17시,토요일,인천광역시 남동구 논현동,경상사고,0,0,3,0,차대차 - 측면직각충돌,교차로운행방법위반,건조,흐림,교차로 - 교차로안,승용,여,22세,경상,화물,남,37세,경상
2013072000100540,2013년 7월 20일 19시,토요일,인천광역시 강화군 내가면,중상사고,0,1,1,1,차대차 - 기타,중앙선침범,건조,맑음,교차로 - 교차로부근,승용,여,40세,상해없음,승용,남,46세,중상
2013072000100564,2013년 7월 20일 20시,토요일,인천광역시 계양구 계산동,경상사고,0,0,1,0,차대차 - 측면직각충돌,안전거리미확보,습기,흐림,단일로 - 기타,승용,남,49세,상해없음,이륜,남,16세,경상
2013072000100565,2013년 7월 20일 20시,토요일,인천광역시 부평구 삼산동,경상사고,0,0,1,0,차대차 - 기타,안전운전불이행,건조,맑음,단일로 - 기타,승합,남,49세,상해없음,이륜,남,29세,경상
2013072000100588,2013년 7월 20일 21시,토요일,인천광역시 남구 학익동,경상사고,0,0,1,0,차대사람 - 횡단중,신호위반,건조,맑음,교차로 - 교차로부근,승용,여,56세,상해없음,보행자,남,10세,경상
2013072000100637,2013년 7월 20일 23시,토요일,인천광역시 남구 용현동,경상사고,0,0,3,0,차대차 - 측면직각충돌,안전운전불이행,습기,안개,단일로 - 기타,기타불명,기타불명,기타불명,기타불명,승용,남,61세,경상
2013072000100638,2013년 7월 20일 23시,토요일,인천광역시 계양구 작전동,경상사고,0,0,1,0,차대사람 - 횡단중,안전운전불이행,습기,비,단일로 - 횡단보도부근,기타불명,기타불명,기타불명,기타불명,보행자,여,53세,경상
2013072100100011,2013년 7월 21일 00시,일요일,인천광역시 중구 을왕동,경상사고,0,0,3,0,차대차 - 기타,안전운전불이행,건조,맑음,단일로 - 기타,화물,남,24세,상해없음,승용,남,27세,상해없음
2013072100100012,2013년 7월 21일 00시,일요일,인천광역시 계양구 작전동,경상사고,0,0,1,0,차대차 - 측면직각충돌,신호위반,습기,흐림,교차로 - 교차로안,승용,남,64세,상해없음,이륜,남,24세,경상
2013072100100013,2013년 7월 21일 00시,일요일,인천광역시 부평구 부개동,경상사고,0,0,2,0,차대차 - 기타,안전거리미확보,습기,비,단일로 - 기타,승용,남,57세,상해없음,승용,남,56세,경상
2013072100100035,2013년 7월 21일 01시,일요일,인천광역시 남구 주안동,부상신고사고,0,0,0,1,차대사람 - 기타,안전운전불이행,건조,맑음,교차로 - 교차로안,기타불명,기타불명,기타불명,기타불명,보행자,남,53세,부상신고
2013072100100053,2013년 7월 21일 02시,일요일,인천광역시 남구 주안동,사망사고,1,0,1,0,차대차 - 추돌 - 주정차중,안전운전불이행,건조,맑음,교차로 - 교차로부근,승용,여,54세,사망,승용,남,21세,경상
2013072100100054,2013년 7월 21일 02시,일요일,인천광역시 남동구 간석동,경상사고,0,0,2,0,차대차 - 추돌 - 진행중,교차로운행방법위반,건조,맑음,교차로 - 교차로안,승용,남,28세,상해없음,승용,남,42세,경상
2013072100100069,2013년 7월 21일 03시,일요일,인천광역시 계양구 용종동,경상사고,0,0,1,0,차대차 - 추돌 - 주정차중,안전운전불이행,습기,비,단일로 - 횡단보도상,화물,남,58세,상해없음,승용,남,55세,경상
2013072100100154,2013년 7월 21일 09시,일요일,인천광역시 부평구 부평동,경상사고,0,0,2,0,차대차 - 추돌 - 진행중,안전거리미확보,건조,맑음,단일로 - 기타,승용,남,59세,상해없음,승용,남,41세,경상
2013072100100210,2013년 7월 21일 12시,일요일,인천광역시 옹진군 영흥면,중상사고,0,1,0,0,차대사람 - 길가장자리구역통행중,안전운전불이행,건조,맑음,단일로 - 기타,승용,남,47세,상해없음,보행자,여,3세,중상
2013072100100229,2013년 7월 21일 13시,일요일,인천광역시 강화군 길상면,경상사고,0,0,1,0,차대차 - 정면충돌,안전운전불이행,건조,맑음,교차로 - 교차로안,승용,남,66세,상해없음,승용,여,51세,경상
2013072100100249,2013년 7월 21일 14시,일요일,인천광역시 남구 주안동,경상사고,0,0,1,0,차대차 - 기타,안전운전불이행,건조,흐림,기타 - 기타,승용,남,41세,상해없음,자전거,남,19세,경상
2013072100100250,2013년 7월 21일 14시,일요일,인천광역시 계양구 병방동,경상사고,0,0,1,0,차대차 - 기타,안전운전불이행,건조,맑음,교차로 - 교차로안,승용,기타불명,기타불명,기타불명,자전거,남,7세,경상
2013072100100311,2013년 7월 21일 16시,일요일,인천광역시 남구 학익동,중상사고,0,1,1,0,차대차 - 추돌 - 진행중,안전운전불이행,건조,맑음,교차로 - 교차로부근,승용,남,57세,기타불명,승용,여,40세,중상
2013072100100343,2013년 7월 21일 17시,일요일,인천광역시 중구 운서동,경상사고,0,0,1,0,차대차 - 기타,안전운전불이행,건조,맑음,교차로 - 교차로안,승합,남,50세,상해없음,승용,남,58세,경상
2013072100100425,2013년 7월 21일 20시,일요일,인천광역시 부평구 청천동,경상사고,0,0,1,0,차대차 - 기타,안전거리미확보,건조,맑음,단일로 - 기타,승용,남,55세,상해없음,승용,남,47세,경상
2013072100100426,2013년 7월 21일 20시,일요일,인천광역시 남동구 논현동,경상사고,0,0,2,0,차대차 - 기타,안전거리미확보,습기,흐림,단일로 - 기타,승용,여,52세,상해없음,승용,남,44세,경상
2013072100100453,2013년 7월 21일 21시,일요일,인천광역시 옹진군 영흥면,경상사고,0,0,1,0,차대사람 - 기타,안전운전불이행,건조,맑음,기타 - 기타,승용,남,23세,상해없음,보행자,남,40세,경상
2013072100100454,2013년 7월 21일 21시,일요일,인천광역시 옹진군 영흥면,중상사고,0,1,8,0,차대차 - 정면충돌,중앙선침범,건조,맑음,교차로 - 교차로안,승용,남,41세,상해없음,승합,남,61세,상해없음
2013072100100455,2013년 7월 21일 21시,일요일,인천광역시 남동구 간석동,경상사고,0,0,1,0,차대사람 - 기타,안전운전불이행,건조,맑음,기타 - 기타,기타불명,기타불명,기타불명,기타불명,보행자,여,52세,경상
2013072100100494,2013년 7월 21일 23시,일요일,인천광역시 남구 용현동,경상사고,0,0,1,0,차대사람 - 횡단중,보행자보호의무위반,건조,맑음,단일로 - 기타,이륜,남,16세,상해없음,보행자,남,24세,경상
2013072200100052,2013년 7월 22일 05시,월요일,인천광역시 남동구 구월동,경상사고,0,0,1,0,차대차 - 측면직각충돌,신호위반,건조,맑음,교차로 - 교차로안,승용,남,27세,상해없음,승용,남,33세,경상
2013072200100053,2013년 7월 22일 05시,월요일,인천광역시 서구 신현동,경상사고,0,0,1,0,차대사람 - 기타,안전운전불이행,습기,비,기타 - 기타,승용,남,26세,상해없음,보행자,남,51세,경상
2013072200100088,2013년 7월 22일 07시,월요일,인천광역시 중구 운서동,중상사고,0,2,0,0,차대차 - 기타,안전운전불이행,습기,비,단일로 - 기타,승용,남,49세,상해없음,승용,남,49세,중상
2013072200100089,2013년 7월 22일 07시,월요일,인천광역시 연수구 송도동,중상사고,0,1,0,0,차대차 - 측면직각충돌,안전거리미확보,습기,비,단일로 - 기타,승용,남,60세,상해없음,승용,남,42세,중상
2013072200100120,2013년 7월 22일 08시,월요일,인천광역시 서구 가좌동,중상사고,0,1,0,1,차대차 - 정면충돌,중앙선침범,습기,비,미분류 - 미분류,화물,남,38세,부상신고,승용,남,37세,중상
2013072200100250,2013년 7월 22일 12시,월요일,인천광역시 중구 신포동,경상사고,0,0,2,0,차대차 - 측면직각충돌,안전거리미확보,건조,맑음,단일로 - 기타,승용,남,60세,경상,승용,여,53세,경상
2013072200100251,2013년 7월 22일 12시,월요일,인천광역시 남구 관교동,중상사고,0,1,0,0,차대사람 - 횡단중,보행자보호의무위반,건조,맑음,교차로 - 교차로안,승용,남,70세,상해없음,보행자,여,46세,중상
2013072200100252,2013년 7월 22일 12시,월요일,인천광역시 부평구 삼산동,경상사고,0,0,1,0,차대차 - 추돌 - 진행중,안전운전불이행,건조,맑음,교차로 - 교차로안,승합,남,51세,상해없음,승용,남,35세,경상
2013072200100292,2013년 7월 22일 13시,월요일,인천광역시 남동구 구월동,경상사고,0,0,1,0,차대사람 - 횡단중,신호위반,건조,맑음,단일로 - 기타,승용,여,28세,상해없음,보행자,여,43세,경상
2013072200100326,2013년 7월 22일 14시,월요일,인천광역시 남동구 구월동,중상사고,0,1,0,0,차대차 - 측면직각충돌,교차로운행방법위반,건조,맑음,교차로 - 교차로안,원동기,남,17세,상해없음,원동기,남,42세,중상
2013072200100383,2013년 7월 22일 16시,월요일,인천광역시 부평구 산곡동,경상사고,0,0,1,0,차대차 - 측면직각충돌,안전운전불이행,건조,맑음,교차로 - 교차로부근,화물,남,53세,상해없음,승용,남,33세,경상
2013072200100384,2013년 7월 22일 16시,월요일,인천광역시 연수구 옥련동,중상사고,0,1,0,0,차대사람 - 횡단중,안전운전불이행,건조,맑음,기타 - 기타,승용,여,40세,상해없음,보행자,남,9세,중상
2013072200100416,2013년 7월 22일 17시,월요일,인천광역시 동구 화수동,중상사고,0,1,0,0,차대사람 - 차도통행중,안전운전불이행,건조,맑음,교차로 - 교차로안,화물,남,58세,상해없음,보행자,여,49세,중상
2013072200100417,2013년 7월 22일 17시,월요일,인천광역시 연수구 청학동,경상사고,0,0,1,0,차대차 - 측면직각충돌,교차로운행방법위반,건조,맑음,교차로 - 교차로안,승용,여,46세,상해없음,승용,남,32세,경상
2013072200100453,2013년 7월 22일 18시,월요일,인천광역시 남구 용현동,경상사고,0,0,1,0,차대차 - 측면직각충돌,안전거리미확보,건조,맑음,단일로 - 기타,승용,남,24세,상해없음,원동기,남,20세,경상
2013072200100482,2013년 7월 22일 19시,월요일,인천광역시 서구 경서동,중상사고,0,1,0,0,차대차 - 기타,안전운전불이행,건조,맑음,교차로 - 교차로안,화물,남,51세,상해없음,원동기,남,49세,중상
2013072200100483,2013년 7월 22일 19시,월요일,인천광역시 계양구 계산동,경상사고,0,0,1,0,차대차 - 측면직각충돌,안전운전불이행,건조,맑음,교차로 - 교차로안,승용,남,41세,상해없음,원동기,남,18세,경상
2013072200100513,2013년 7월 22일 20시,월요일,인천광역시 남동구 논현동,경상사고,0,0,1,0,차대차 - 측면직각충돌,교차로운행방법위반,건조,맑음,교차로 - 교차로안,승용,남,50세,상해없음,이륜,남,52세,경상
2013072200100550,2013년 7월 22일 21시,월요일,인천광역시 남동구 간석동,중상사고,0,1,1,0,차대차 - 측면직각충돌,신호위반,습기,비,교차로 - 교차로안,승용,남,39세,상해없음,승용,여,61세,중상
2013072200100566,2013년 7월 22일 22시,월요일,인천광역시 남구 용현동,중상사고,0,1,0,0,차대사람 - 횡단중,신호위반,습기,흐림,교차로 - 교차로부근,화물,남,47세,상해없음,보행자,여,40세,중상
2013072200100567,2013년 7월 22일 22시,월요일,인천광역시 부평구 청천동,중상사고,0,1,0,1,차대차 - 측면직각충돌,신호위반,습기,비,교차로 - 교차로안,승용,여,35세,부상신고,화물,남,59세,중상
2013072200100568,2013년 7월 22일 22시,월요일,인천광역시 남동구 구월동,경상사고,0,0,1,0,차대차 - 추돌 - 진행중,안전운전불이행,습기,비,교차로 - 교차로부근,승용,남,43세,상해없음,승용,여,29세,경상
2013072200100569,2013년 7월 22일 22시,월요일,인천광역시 서구 가좌동,경상사고,0,0,3,0,차대차 - 기타,안전운전불이행,습기,비,단일로 - 기타,승용,남,40세,경상,승용,남,57세,경상
2013072200100570,2013년 7월 22일 22시,월요일,인천광역시 계양구 효성동,중상사고,0,1,0,0,차대사람 - 횡단중,보행자보호의무위반,습기,비,교차로 - 교차로부근,승용,남,43세,상해없음,보행자,여,53세,중상
2013072200100571,2013년 7월 22일 22시,월요일,인천광역시 연수구 연수동,중상사고,0,1,0,0,차대차 - 기타,중앙선침범,건조,맑음,단일로 - 횡단보도부근,화물,남,51세,상해없음,이륜,남,18세,중상
2013072200100594,2013년 7월 22일 23시,월요일,인천광역시 남구 용현동,경상사고,0,0,1,0,차대차 - 측면직각충돌,안전운전불이행,습기,흐림,단일로 - 기타,승용,남,55세,상해없음,자전거,여,24세,경상
2013072300100019,2013년 7월 23일 00시,화요일,인천광역시 중구 사동,중상사고,0,1,0,0,차대차 - 기타,안전운전불이행,습기,흐림,교차로 - 교차로부근,승용,남,33세,상해없음,승용,여,38세,중상
2013072300100020,2013년 7월 23일 00시,화요일,인천광역시 부평구 청천동,경상사고,0,0,1,0,차대차 - 추돌 - 주정차중,안전운전불이행,건조,맑음,단일로 - 기타,화물,남,42세,상해없음,승용,남,41세,경상
2013072300100021,2013년 7월 23일 00시,화요일,인천광역시 서구 신현동,경상사고,0,0,1,0,차대사람 - 기타,안전운전불이행,건조,맑음,단일로 - 기타,기타불명,기타불명,기타불명,기타불명,보행자,남,36세,경상
2013072300100049,2013년 7월 23일 03시,화요일,인천광역시 남구 학익동,경상사고,0,0,1,0,차대차 - 기타,신호위반,건조,흐림,교차로 - 교차로안,승용,남,52세,상해없음,승용,남,48세,경상
2013072300100050,2013년 7월 23일 03시,화요일,인천광역시 부평구 삼산동,경상사고,0,0,3,0,차대차 - 측면직각충돌,안전거리미확보,습기,비,교차로 - 교차로안,승용,여,42세,상해없음,승용,남,66세,경상
2013072300100112,2013년 7월 23일 07시,화요일,인천광역시 남동구 고잔동,부상신고사고,0,0,0,1,차대차 - 기타,안전운전불이행,습기,비,단일로 - 기타,자전거,남,35세,부상신고,화물,기타불명,기타불명,기타불명
2013072300100147,2013년 7월 23일 08시,화요일,인천광역시 중구 신흥동2가,중상사고,0,1,0,0,차대사람 - 기타,안전운전불이행,건조,맑음,단일로 - 기타,승합,기타불명,기타불명,기타불명,보행자,여,49세,중상
2013072300100148,2013년 7월 23일 08시,화요일,인천광역시 계양구 계산동,중상사고,0,1,0,0,차대사람 - 횡단중,안전운전불이행,건조,맑음,단일로 - 기타,승합,남,48세,상해없음,보행자,여,24세,중상
2013072300100176,2013년 7월 23일 09시,화요일,인천광역시 남구 주안동,경상사고,0,0,1,0,차대차 - 측면직각충돌,신호위반,습기,비,교차로 - 교차로안,자전거,남,21세,경상,승용,남,54세,상해없음
2013072300100233,2013년 7월 23일 11시,화요일,인천광역시 서구 가좌동,경상사고,0,0,1,0,차대차 - 기타,안전운전불이행,습기,비,단일로 - 기타,승용,남,49세,상해없음,승용,남,30세,경상
2013072300100234,2013년 7월 23일 11시,화요일,인천광역시 서구 신현동,경상사고,0,0,1,0,차대차 - 기타,안전운전불이행,건조,맑음,기타 - 기타,승용,남,52세,상해없음,승용,남,35세,경상
2013072300100235,2013년 7월 23일 11시,화요일,인천광역시 강화군 하점면,경상사고,0,0,1,0,차대차 - 기타,안전운전불이행,건조,맑음,단일로 - 기타,승용,남,40세,상해없음,승합,남,49세,경상
2013072300100318,2013년 7월 23일 14시,화요일,인천광역시 부평구 산곡동,중상사고,0,1,0,0,차대차 - 기타,안전운전불이행,습기,흐림,단일로 - 기타,승용,남,42세,상해없음,화물,남,51세,중상
2013072300100370,2013년 7월 23일 16시,화요일,인천광역시 남구 주안동,경상사고,0,0,2,0,차대차 - 추돌 - 주정차중,안전운전불이행,습기,흐림,단일로 - 기타,승용,남,48세,상해없음,승용,남,26세,경상
2013072300100399,2013년 7월 23일 17시,화요일,인천광역시 계양구 작전동,경상사고,0,0,1,0,차대차 - 측면직각충돌,신호위반,습기,흐림,교차로 - 교차로안,이륜,남,17세,상해없음,승용,남,47세,경상
2013072300100496,2013년 7월 23일 20시,화요일,인천광역시 남구 도화동,경상사고,0,0,1,0,차대차 - 추돌 - 주정차중,안전운전불이행,습기,비,기타 - 기타,승용,남,61세,상해없음,승용,남,39세,경상
2013072300100527,2013년 7월 23일 21시,화요일,인천광역시 남동구 구월동,경상사고,0,0,1,0,차대사람 - 기타,안전운전불이행,건조,맑음,교차로 - 교차로부근,승용,남,28세,상해없음,보행자,여,16세,경상
2013072300100528,2013년 7월 23일 21시,화요일,인천광역시 남동구 논현동,중상사고,0,1,0,0,차대차 - 측면직각충돌,교차로운행방법위반,건조,맑음,교차로 - 교차로부근,승용,남,37세,상해없음,승용,남,51세,중상
2013072300100529,2013년 7월 23일 21시,화요일,인천광역시 연수구 선학동,경상사고,0,0,1,0,차대사람 - 길가장자리구역통행중,안전운전불이행,건조,흐림,단일로 - 기타,승용,남,55세,상해없음,보행자,남,53세,경상
2013072300100530,2013년 7월 23일 21시,화요일,인천광역시 부평구 부평동,중상사고,0,1,0,0,차대사람 - 보도통행중,보행자보호의무위반,건조,흐림,단일로 - 횡단보도상,이륜,남,16세,상해없음,보행자,남,65세,중상
2013072300100571,2013년 7월 23일 22시,화요일,인천광역시 계양구 서운동,경상사고,0,0,1,0,차대차 - 측면직각충돌,안전운전불이행,건조,맑음,단일로 - 기타,승용,남,54세,상해없음,승용,여,46세,경상
2013072300100572,2013년 7월 23일 22시,화요일,인천광역시 부평구 부개동,경상사고,0,0,1,0,차대사람 - 기타,기타,건조,맑음,단일로 - 기타,승용,남,64세,상해없음,보행자,여,60세,경상
2013072300100600,2013년 7월 23일 23시,화요일,인천광역시 부평구 일신동,중상사고,0,1,0,0,차대사람 - 기타,안전운전불이행,건조,흐림,단일로 - 기타,승용,여,50세,상해없음,보행자,남,61세,중상
2013072400100021,2013년 7월 24일 00시,수요일,인천광역시 남구 학익동,중상사고,0,1,1,0,차대차 - 측면직각충돌,중앙선침범,습기,비,단일로 - 기타,승용,남,31세,기타불명,승용,남,50세,경상
2013072400100034,2013년 7월 24일 01시,수요일,인천광역시 계양구 용종동,중상사고,0,1,0,0,차대차 - 측면직각충돌,안전운전불이행,습기,맑음,단일로 - 기타,승용,남,48세,상해없음,이륜,남,18세,중상
2013072400100109,2013년 7월 24일 07시,수요일,인천광역시 부평구 산곡동,경상사고,0,0,3,0,차대차 - 기타,안전거리미확보,습기,흐림,단일로 - 기타,승합,남,49세,상해없음,승용,남,52세,경상
2013072400100137,2013년 7월 24일 08시,수요일,인천광역시 남동구 간석동,경상사고,0,0,1,0,차대차 - 측면직각충돌,신호위반,기타,맑음,교차로 - 교차로안,승용,기타불명,기타불명,기타불명,승용,여,43세,경상
2013072400100227,2013년 7월 24일 11시,수요일,인천광역시 남동구 고잔동,중상사고,0,1,1,0,차대차 - 정면충돌,신호위반,건조,맑음,교차로 - 교차로안,승용,여,56세,상해없음,승용,여,50세,중상