사고번호,사고일시,요일,시군구,사고내용,사망자수,중상자수,경상자수,부상신고자수,사고유형,법규위반,노면상태,기상상태,도로형태,가해운전자 차종,가해운전자 성별,가해운전자 연령,가해운전자 상해정도,피해운전자 차종,피해운전자 성별,피해운전자 연령,피해운전자 상해정도
2013080900100019,2013년 8월 9일 00시,금요일,인천광역시 남동구 간석동,경상사고,0,0,1,0,차대차 - 기타,중앙선침범,건조,맑음,교차로 - 교차로부근,승용,남,45세,상해없음,승용,남,45세,경상
2013080900100044,2013년 8월 9일 02시,금요일,인천광역시 서구 당하동,경상사고,0,0,1,0,차대사람 - 기타,안전운전불이행,건조,맑음,교차로 - 교차로안,승용,여,39세,상해없음,보행자,남,39세,경상
2013080900100045,2013년 8월 9일 02시,금요일,인천광역시 서구 검암동,경상사고,0,0,4,0,차대차 - 정면충돌,안전운전불이행,건조,맑음,단일로 - 기타,승용,남,40세,상해없음,승용,남,24세,경상
2013080900100095,2013년 8월 9일 07시,금요일,인천광역시 서구 마전동,중상사고,0,3,8,5,차대차 - 기타,안전운전불이행,건조,맑음,교차로 - 교차로부근,승합,남,51세,중상,승합,남,72세,상해없음
2013080900100096,2013년 8월 9일 07시,금요일,인천광역시 계양구 용종동,경상사고,0,0,2,0,차대차 - 측면직각충돌,안전운전불이행,건조,맑음,교차로 - 교차로부근,화물,남,52세,상해없음,화물,남,69세,경상
2013080900100118,2013년 8월 9일 08시,금요일,인천광역시 부평구 삼산동,경상사고,0,0,1,0,차대차 - 측면직각충돌,안전거리미확보,건조,맑음,단일로 - 기타,화물,남,24세,상해없음,승용,남,64세,경상
2013080900100215,2013년 8월 9일 11시,금요일,인천광역시 계양구 효성동,경상사고,0,0,1,0,차대사람 - 횡단중,보행자보호의무위반,건조,맑음,단일로 - 횡단보도상,화물,남,45세,상해없음,보행자,여,19세,경상
2013080900100246,2013년 8월 9일 12시,금요일,인천광역시 남동구 구월동,중상사고,0,1,0,0,차대사람 - 횡단중,신호위반,건조,맑음,단일로 - 횡단보도상,승용,여,43세,상해없음,보행자,남,59세,중상
2013080900100284,2013년 8월 9일 13시,금요일,인천광역시 옹진군 백령면,중상사고,0,3,1,0,차대차 - 정면충돌,중앙선침범,건조,맑음,교차로 - 교차로부근,화물,남,50세,중상,승용,남,25세,중상
2013080900100285,2013년 8월 9일 13시,금요일,인천광역시 서구 연희동,경상사고,0,0,2,0,차대차 - 기타,안전운전불이행,건조,맑음,단일로 - 기타,승용,남,42세,상해없음,승용,여,35세,경상
2013080900100311,2013년 8월 9일 14시,금요일,인천광역시 남구 학익동,부상신고사고,0,0,0,1,차대차 - 기타,안전운전불이행,건조,맑음,단일로 - 기타,승용,남,60세,상해없음,자전거,남,10세,부상신고
2013080900100312,2013년 8월 9일 14시,금요일,인천광역시 서구 마전동,중상사고,0,1,0,0,차대사람 - 횡단중,안전운전불이행,건조,맑음,단일로 - 횡단보도상,승용,남,53세,상해없음,보행자,여,13세,중상
2013080900100350,2013년 8월 9일 15시,금요일,인천광역시 남구 주안동,중상사고,0,1,0,0,차대차 - 측면직각충돌,안전거리미확보,건조,맑음,교차로 - 교차로안,승용,남,54세,상해없음,원동기,남,43세,중상
2013080900100351,2013년 8월 9일 15시,금요일,인천광역시 서구 연희동,경상사고,0,0,2,0,차대차 - 추돌 - 진행중,안전운전불이행,건조,맑음,단일로 - 기타,승용,여,50세,상해없음,승용,남,28세,경상
2013080900100384,2013년 8월 9일 16시,금요일,인천광역시 남구 용현동,부상신고사고,0,0,0,1,차대사람 - 기타,안전운전불이행,건조,맑음,단일로 - 기타,기타불명,기타불명,기타불명,기타불명,보행자,남,61세,부상신고
2013080900100418,2013년 8월 9일 17시,금요일,인천광역시 중구 인현동,중상사고,0,1,0,0,차대사람 - 횡단중,안전운전불이행,건조,맑음,단일로 - 기타,승용,남,51세,상해없음,보행자,남,78세,중상
2013080900100419,2013년 8월 9일 17시,금요일,인천광역시 남구 관교동,경상사고,0,0,1,0,차대사람 - 횡단중,안전운전불이행,건조,맑음,단일로 - 기타,승용,남,28세,상해없음,보행자,여,15세,경상
2013080900100420,2013년 8월 9일 17시,금요일,인천광역시 남동구 장수동,경상사고,0,0,1,0,차대사람 - 기타,안전운전불이행,건조,맑음,단일로 - 기타,자전거,남,69세,상해없음,보행자,여,59세,경상
2013080900100458,2013년 8월 9일 18시,금요일,인천광역시 남구 주안동,중상사고,0,1,0,0,차대차 - 기타,안전운전불이행,건조,맑음,교차로 - 교차로안,승용,여,38세,상해없음,승합,남,57세,상해없음
2013080900100459,2013년 8월 9일 18시,금요일,인천광역시 남구 주안동,부상신고사고,0,0,0,1,차대차 - 추돌 - 진행중,안전운전불이행,건조,맑음,단일로 - 기타,이륜,남,27세,부상신고,승용,여,33세,상해없음
2013080900100460,2013년 8월 9일 18시,금요일,인천광역시 서구 왕길동,부상신고사고,0,0,0,1,차대차 - 기타,안전운전불이행,건조,맑음,교차로 - 교차로안,이륜,남,33세,상해없음,자전거,남,6세,부상신고
2013080900100507,2013년 8월 9일 19시,금요일,인천광역시 서구 가좌동,부상신고사고,0,0,0,1,차대차 - 추돌 - 주정차중,안전운전불이행,습기,흐림,단일로 - 기타,원동기,남,26세,부상신고,승용,남,51세,상해없음
2013080900100575,2013년 8월 9일 21시,금요일,인천광역시 남구 도화동,경상사고,0,0,4,0,차대차 - 추돌 - 주정차중,안전운전불이행,건조,맑음,교차로 - 교차로부근,승용,남,55세,상해없음,승합,남,34세,경상
2013080900100576,2013년 8월 9일 21시,금요일,인천광역시 남구 도화동,중상사고,0,1,0,0,차대사람 - 기타,안전운전불이행,건조,맑음,단일로 - 기타,승용,남,62세,상해없음,보행자,남,54세,중상
2013080900100603,2013년 8월 9일 22시,금요일,인천광역시 중구 항동7가,중상사고,0,1,0,0,차대차 - 추돌 - 진행중,안전운전불이행,건조,맑음,교차로 - 교차로안,승용,남,38세,상해없음,화물,기타불명,기타불명,기타불명
2013080900100604,2013년 8월 9일 22시,금요일,인천광역시 남구 도화동,경상사고,0,0,1,0,차대차 - 측면직각충돌,안전거리미확보,건조,맑음,단일로 - 기타,승용,남,55세,상해없음,화물,남,37세,상해없음
2013080900100605,2013년 8월 9일 22시,금요일,인천광역시 남구 용현동,경상사고,0,0,1,0,차대사람 - 횡단중,안전운전불이행,건조,맑음,단일로 - 횡단보도상,승용,남,58세,상해없음,보행자,남,17세,경상
2013080900100628,2013년 8월 9일 23시,금요일,인천광역시 부평구 청천동,부상신고사고,0,0,0,3,차대차 - 추돌 - 진행중,안전운전불이행,건조,맑음,미분류 - 미분류,기타불명,기타불명,기타불명,기타불명,승용,남,30세,부상신고
2013081000100027,2013년 8월 10일 00시,토요일,인천광역시 남구 주안동,중상사고,0,1,1,1,차대차 - 측면직각충돌,안전운전불이행,건조,맑음,단일로 - 기타,원동기,남,17세,부상신고,승용,남,47세,경상
2013081000100028,2013년 8월 10일 00시,토요일,인천광역시 남동구 구월동,중상사고,0,2,1,0,차대차 - 정면충돌,신호위반,건조,맑음,교차로 - 교차로안,승용,남,31세,상해없음,승용,남,64세,중상
2013081000100029,2013년 8월 10일 00시,토요일,인천광역시 서구 연희동,중상사고,0,1,0,0,차대사람 - 길가장자리구역통행중,안전운전불이행,건조,맑음,단일로 - 기타,화물,남,32세,상해없음,보행자,남,55세,중상
2013081000100030,2013년 8월 10일 00시,토요일,인천광역시 계양구 동양동,중상사고,0,1,0,0,차대차 - 측면직각충돌,교차로운행방법위반,건조,맑음,교차로 - 교차로안,승용,남,45세,상해없음,이륜,남,53세,중상
2013081000100049,2013년 8월 10일 01시,토요일,인천광역시 남동구 간석동,부상신고사고,0,0,0,1,차량단독 - 공작물충돌,안전운전불이행,건조,맑음,교차로 - 교차로안,승용,남,39세,부상신고,,,,
2013081000100079,2013년 8월 10일 03시,토요일,인천광역시 남동구 남촌동,경상사고,0,0,1,0,차대차 - 추돌 - 진행중,신호위반,건조,맑음,교차로 - 교차로안,승용,남,44세,상해없음,승용,남,30세,경상
2013081000100113,2013년 8월 10일 05시,토요일,인천광역시 연수구 동춘동,중상사고,0,1,2,0,차대차 - 정면충돌,중앙선침범,건조,맑음,단일로 - 기타,승용,남,36세,경상,승용,남,39세,중상
2013081000100137,2013년 8월 10일 06시,토요일,인천광역시 동구 송림동,중상사고,0,3,3,0,차대차 - 정면충돌,안전거리미확보,건조,맑음,단일로 - 기타,화물,남,74세,중상,화물,남,49세,중상
2013081000100138,2013년 8월 10일 06시,토요일,인천광역시 남동구 만수동,경상사고,0,0,5,0,차대차 - 추돌 - 진행중,안전운전불이행,건조,맑음,단일로 - 기타,승합,남,46세,상해없음,승용,남,39세,경상
2013081000100198,2013년 8월 10일 09시,토요일,인천광역시 계양구 효성동,중상사고,0,1,0,0,차대사람 - 보도통행중,안전운전불이행,건조,맑음,단일로 - 기타,자전거,남,23세,상해없음,보행자,여,69세,중상
2013081000100284,2013년 8월 10일 12시,토요일,인천광역시 남동구 구월동,경상사고,0,0,1,0,차대차 - 측면직각충돌,교차로운행방법위반,습기,비,교차로 - 교차로안,승용,남,67세,상해없음,승용,여,36세,경상
2013081000100324,2013년 8월 10일 13시,토요일,인천광역시 강화군 불은면,경상사고,0,0,1,0,차대사람 - 길가장자리구역통행중,중앙선침범,건조,맑음,단일로 - 기타,승용,남,77세,상해없음,보행자,남,38세,경상
2013081000100370,2013년 8월 10일 14시,토요일,인천광역시 부평구 산곡동,경상사고,0,0,1,0,차대차 - 측면직각충돌,신호위반,건조,맑음,교차로 - 교차로안,승합,남,57세,상해없음,화물,남,36세,경상
2013081000100401,2013년 8월 10일 15시,토요일,인천광역시 서구 마전동,경상사고,0,0,1,0,차대차 - 측면직각충돌,안전운전불이행,건조,맑음,교차로 - 교차로안,승용,남,54세,상해없음,승용,여,62세,경상
2013081000100431,2013년 8월 10일 16시,토요일,인천광역시 남동구 구월동,경상사고,0,0,2,0,차대차 - 추돌 - 진행중,교차로운행방법위반,건조,맑음,교차로 - 교차로안,승용,남,61세,상해없음,승용,여,27세,경상
2013081000100432,2013년 8월 10일 16시,토요일,인천광역시 연수구 연수동,중상사고,0,1,0,0,차대사람 - 횡단중,보행자보호의무위반,건조,맑음,교차로 - 교차로부근,승용,남,41세,상해없음,보행자,여,21세,중상
2013081000100461,2013년 8월 10일 17시,토요일,인천광역시 남동구 만수동,경상사고,0,0,1,0,차대차 - 기타,안전운전불이행,건조,맑음,기타 - 기타,화물,남,26세,상해없음,승용,남,28세,상해없음
2013081000100462,2013년 8월 10일 17시,토요일,인천광역시 서구 가좌동,경상사고,0,0,1,0,차대차 - 측면직각충돌,신호위반,건조,맑음,교차로 - 교차로안,이륜,남,16세,상해없음,이륜,남,26세,경상
2013081000100502,2013년 8월 10일 18시,토요일,인천광역시 부평구 부평동,부상신고사고,0,0,0,3,차량단독 - 기타,기타,건조,맑음,단일로 - 기타,승합,남,58세,상해없음,,,,
2013081000100503,2013년 8월 10일 18시,토요일,인천광역시 남동구 만수동,중상사고,0,1,0,0,차대사람 - 기타,안전운전불이행,건조,맑음,단일로 - 기타,승용,남,26세,상해없음,보행자,남,56세,중상
2013081000100504,2013년 8월 10일 18시,토요일,인천광역시 남동구 구월동,중상사고,0,1,0,0,차대차 - 기타,차로위반,건조,맑음,단일로 - 기타,승용,남,44세,상해없음,원동기,남,18세,중상
2013081000100605,2013년 8월 10일 21시,토요일,인천광역시 옹진군 영흥면,경상사고,0,0,5,0,차대차 - 기타,안전운전불이행,건조,맑음,교차로 - 교차로안,승용,남,29세,상해없음,승용,여,41세,경상
2013081000100606,2013년 8월 10일 21시,토요일,인천광역시 서구 가정동,경상사고,0,0,8,0,차대차 - 추돌 - 진행중,안전운전불이행,건조,맑음,단일로 - 기타,승용,남,40세,상해없음,승용,여,40세,경상
2013081000100607,2013년 8월 10일 21시,토요일,인천광역시 계양구 효성동,경상사고,0,0,1,0,차대차 - 측면직각충돌,신호위반,건조,맑음,단일로 - 기타,승용,여,49세,상해없음,이륜,남,18세,경상
2013081000100627,2013년 8월 10일 22시,토요일,인천광역시 남동구 남촌동,중상사고,0,1,0,0,차대차 - 측면직각충돌,안전운전불이행,건조,맑음,교차로 - 교차로안,승용,기타불명,기타불명,기타불명,승용,남,31세,중상
2013081000100628,2013년 8월 10일 22시,토요일,인천광역시 계양구 계산동,경상사고,0,0,1,0,차대차 - 추돌 - 주정차중,안전운전불이행,건조,맑음,교차로 - 교차로부근,화물,남,32세,상해없음,승용,여,54세,경상
2013081000100645,2013년 8월 10일 23시,토요일,인천광역시 남구 주안동,경상사고,0,0,1,0,차대차 - 추돌 - 주정차중,안전운전불이행,건조,맑음,교차로 - 교차로부근,승용,남,49세,상해없음,승용,남,38세,경상
2013081000100646,2013년 8월 10일 23시,토요일,인천광역시 계양구 작전동,경상사고,0,0,1,0,차대차 - 측면직각충돌,신호위반,건조,맑음,교차로 - 교차로안,승용,남,22세,상해없음,승용,남,24세,경상
2013081100100008,2013년 8월 11일 00시,일요일,인천광역시 남구 주안동,부상신고사고,0,0,0,1,차대차 - 기타,안전운전불이행,건조,맑음,교차로 - 교차로안,자전거,남,15세,부상신고,승용,남,19세,상해없음
2013081100100009,2013년 8월 11일 00시,일요일,인천광역시 남구 용현동,경상사고,0,0,2,0,차대차 - 측면직각충돌,직진우회전진행방해,건조,맑음,교차로 - 교차로안,승용,남,51세,상해없음,승용,남,41세,경상
2013081100100010,2013년 8월 11일 00시,일요일,인천광역시 남동구 구월동,경상사고,0,0,1,0,차대차 - 기타,안전운전불이행,건조,맑음,단일로 - 기타,승용,남,34세,상해없음,승용,남,30세,경상
2013081100100011,2013년 8월 11일 00시,일요일,인천광역시 부평구 부평동,경상사고,0,0,1,0,차대차 - 추돌 - 주정차중,안전운전불이행,건조,맑음,단일로 - 기타,승용,남,46세,상해없음,승용,여,49세,경상
2013081100100053,2013년 8월 11일 03시,일요일,인천광역시 서구 시천동,중상사고,0,1,4,0,차대차 - 추돌 - 진행중,안전운전불이행,건조,맑음,단일로 - 기타,승용,남,33세,상해없음,승용,남,20세,경상
2013081100100062,2013년 8월 11일 04시,일요일,인천광역시 중구 항동2가,중상사고,0,2,0,0,차대차 - 추돌 - 주정차중,안전운전불이행,건조,맑음,교차로 - 교차로부근,승용,남,20세,상해없음,승용,남,28세,중상
2013081100100063,2013년 8월 11일 04시,일요일,인천광역시 남동구 남촌동,중상사고,0,1,1,0,차대차 - 측면직각충돌,신호위반,건조,맑음,교차로 - 교차로안,승용,남,22세,상해없음,승합,남,63세,중상
2013081100100085,2013년 8월 11일 06시,일요일,인천광역시 동구 송림동,경상사고,0,0,1,0,차대차 - 측면직각충돌,안전운전불이행,건조,맑음,교차로 - 교차로부근,승합,남,49세,상해없음,승용,남,54세,경상
2013081100100165,2013년 8월 11일 11시,일요일,인천광역시 서구 석남동,경상사고,0,0,1,0,차대차 - 기타,안전운전불이행,건조,맑음,단일로 - 기타,승용,남,32세,상해없음,승합,남,52세,상해없음
2013081100100184,2013년 8월 11일 12시,일요일,인천광역시 중구 운서동,경상사고,0,0,1,0,차대차 - 기타,안전운전불이행,건조,맑음,단일로 - 기타,승용,여,22세,상해없음,승용,남,32세,상해없음
2013081100100185,2013년 8월 11일 12시,일요일,인천광역시 남동구 간석동,경상사고,0,0,1,0,차대차 - 측면직각충돌,안전거리미확보,건조,흐림,단일로 - 기타,승용,여,44세,상해없음,승용,남,62세,경상
2013081100100207,2013년 8월 11일 13시,일요일,인천광역시 남구 주안동,경상사고,0,0,1,0,차대사람 - 기타,안전운전불이행,건조,맑음,단일로 - 기타,승용,남,39세,기타불명,보행자,여,53세,경상
2013081100100208,2013년 8월 11일 13시,일요일,인천광역시 서구 가좌동,경상사고,0,0,1,0,차대차 - 기타,안전운전불이행,건조,맑음,교차로 - 교차로부근,승용,남,52세,상해없음,승용,여,50세,경상
2013081100100209,2013년 8월 11일 13시,일요일,인천광역시 서구 연희동,경상사고,0,0,4,0,차대차 - 추돌 - 진행중,안전거리미확보,건조,맑음,단일로 - 기타,승용,남,41세,상해없음,승용,남,44세,경상
2013081100100210,2013년 8월 11일 13시,일요일,인천광역시 계양구 용종동,경상사고,0,0,1,0,차대차 - 기타,안전운전불이행,건조,맑음,단일로 - 기타,승용,남,47세,상해없음,승용,남,29세,경상
2013081100100326,2013년 8월 11일 17시,일요일,인천광역시 남동구 구월동,부상신고사고,0,0,0,1,차대사람 - 기타,안전운전불이행,건조,맑음,단일로 - 기타,기타불명,기타불명,기타불명,기타불명,보행자,여,20세,부상신고
2013081100100350,2013년 8월 11일 18시,일요일,인천광역시 중구 항동2가,중상사고,0,1,0,0,차대차 - 추돌 - 진행중,안전운전불이행,건조,맑음,교차로 - 교차로부근,승용,남,41세,상해없음,이륜,남,18세,중상
2013081100100351,2013년 8월 11일 18시,일요일,인천광역시 부평구 청천동,경상사고,0,0,1,0,차대차 - 측면직각충돌,교차로운행방법위반,건조,맑음,교차로 - 교차로안,승용,남,59세,상해없음,이륜,남,47세,경상
2013081100100353,2013년 8월 11일 18시,일요일,인천광역시 부평구 부개동,경상사고,0,0,1,0,차대사람 - 횡단중,안전운전불이행,건조,맑음,단일로 - 기타,승용,남,40세,상해없음,보행자,여,25세,경상
2013081100100415,2013년 8월 11일 20시,일요일,인천광역시 부평구 청천동,경상사고,0,0,1,0,차대차 - 추돌 - 진행중,중앙선침범,건조,맑음,단일로 - 기타,승용,남,36세,상해없음,원동기,남,17세,경상
2013081100100416,2013년 8월 11일 20시,일요일,인천광역시 연수구 연수동,중상사고,0,1,0,0,차대차 - 기타,안전운전불이행,건조,맑음,교차로 - 교차로안,승용,남,41세,상해없음,이륜,남,31세,중상
2013081100100436,2013년 8월 11일 21시,일요일,인천광역시 남동구 고잔동,부상신고사고,0,0,0,1,차대차 - 기타,안전운전불이행,건조,맑음,단일로 - 기타,이륜,남,17세,부상신고,승합,남,47세,상해없음
2013081100100466,2013년 8월 11일 22시,일요일,인천광역시 남구 용현동,경상사고,0,0,1,0,차대차 - 기타,신호위반,건조,맑음,교차로 - 교차로안,승용,남,23세,상해없음,원동기,남,19세,경상
2013081100100467,2013년 8월 11일 22시,일요일,인천광역시 서구 가좌동,경상사고,0,0,1,0,차대사람 - 횡단중,기타,건조,맑음,교차로 - 교차로부근,이륜,남,39세,상해없음,보행자,남,5세,경상
2013081200100007,2013년 8월 12일 00시,월요일,인천광역시 부평구 부평동,중상사고,0,1,1,0,차대차 - 추돌 - 주정차중,안전운전불이행,건조,맑음,교차로 - 교차로부근,승용,남,27세,상해없음,승용,남,50세,중상
2013081200100042,2013년 8월 12일 04시,월요일,인천광역시 부평구 부평동,중상사고,0,1,0,0,차량단독 - 기타,안전운전불이행,건조,맑음,단일로 - 기타,승용,기타불명,기타불명,기타불명,,,,
2013081200100065,2013년 8월 12일 06시,월요일,인천광역시 부평구 부평동,경상사고,0,0,4,0,차대차 - 측면직각충돌,안전운전불이행,건조,맑음,단일로 - 기타,승용,남,46세,상해없음,승용,남,61세,경상
2013081200100066,2013년 8월 12일 06시,월요일,인천광역시 부평구 삼산동,중상사고,0,1,0,0,차대차 - 측면직각충돌,직진우회전진행방해,건조,맑음,교차로 - 교차로안,승합,남,54세,상해없음,이륜,남,41세,중상
2013081200100088,2013년 8월 12일 07시,월요일,인천광역시 남동구 간석동,경상사고,0,0,1,0,차대차 - 추돌 - 주정차중,안전운전불이행,건조,맑음,단일로 - 기타,승용,남,22세,상해없음,승용,남,47세,경상
2013081200100116,2013년 8월 12일 08시,월요일,인천광역시 남구 학익동,경상사고,0,0,2,0,차대차 - 기타,안전거리미확보,건조,맑음,단일로 - 기타,승용,남,29세,기타불명,승용,남,49세,경상
2013081200100117,2013년 8월 12일 08시,월요일,인천광역시 남동구 만수동,경상사고,0,0,1,0,차대차 - 측면직각충돌,차로위반,건조,맑음,단일로 - 기타,승용,남,60세,상해없음,승합,남,61세,경상
2013081200100118,2013년 8월 12일 08시,월요일,인천광역시 계양구 작전동,경상사고,0,0,1,0,차대차 - 측면직각충돌,안전운전불이행,건조,맑음,교차로 - 교차로부근,승용,남,31세,상해없음,자전거,남,12세,경상
2013081200100148,2013년 8월 12일 09시,월요일,인천광역시 중구 신흥동1가,경상사고,0,0,2,0,차대차 - 추돌 - 진행중,안전거리미확보,건조,맑음,교차로 - 교차로부근,화물,남,51세,상해없음,승용,남,25세,경상
2013081200100149,2013년 8월 12일 09시,월요일,인천광역시 중구 송월동1가,중상사고,0,1,0,0,차대사람 - 횡단중,신호위반,건조,맑음,단일로 - 횡단보도상,승용,남,70세,상해없음,보행자,여,52세,중상
2013081200100150,2013년 8월 12일 09시,월요일,인천광역시 연수구 동춘동,중상사고,0,1,0,0,차대사람 - 기타,안전운전불이행,건조,맑음,단일로 - 기타,승합,남,64세,상해없음,보행자,여,13세,중상
2013081200100181,2013년 8월 12일 10시,월요일,인천광역시 남동구 구월동,경상사고,0,0,2,0,차대차 - 정면충돌,중앙선침범,건조,맑음,교차로 - 교차로부근,승용,남,72세,상해없음,승용,남,52세,경상
2013081200100182,2013년 8월 12일 10시,월요일,인천광역시 계양구 계산동,경상사고,0,0,1,0,차대사람 - 횡단중,안전운전불이행,건조,맑음,단일로 - 횡단보도상,승합,남,63세,상해없음,보행자,여,45세,경상
2013081200100216,2013년 8월 12일 11시,월요일,인천광역시 남동구 구월동,경상사고,0,0,2,0,차대차 - 측면직각충돌,교차로운행방법위반,건조,맑음,교차로 - 교차로안,화물,남,54세,상해없음,승용,남,57세,경상
2013081200100217,2013년 8월 12일 11시,월요일,인천광역시 서구 당하동,사망사고,1,0,0,0,차대차 - 측면직각충돌,안전거리미확보,건조,맑음,교차로 - 교차로부근,화물,남,65세,상해없음,이륜,남,55세,사망
2013081200100354,2013년 8월 12일 15시,월요일,인천광역시 옹진군 북도면,경상사고,0,0,1,0,차대차 - 추돌 - 주정차중,안전운전불이행,건조,맑음,기타 - 기타,승용,여,31세,상해없음,승용,남,25세,상해없음
2013081200100355,2013년 8월 12일 15시,월요일,인천광역시 서구 원당동,부상신고사고,0,0,0,2,차대차 - 기타,안전운전불이행,건조,맑음,교차로 - 교차로부근,기타불명,기타불명,기타불명,기타불명,이륜,남,31세,부상신고
2013081200100356,2013년 8월 12일 15시,월요일,인천광역시 부평구 갈산동,경상사고,0,0,1,0,차대사람 - 기타,안전운전불이행,건조,맑음,단일로 - 기타,기타불명,기타불명,기타불명,기타불명,보행자,남,8세,경상
2013081200100390,2013년 8월 12일 16시,월요일,인천광역시 중구 내동,중상사고,0,1,0,0,차대차 - 측면직각충돌,신호위반,건조,맑음,교차로 - 교차로안,화물,남,45세,상해없음,승용,남,71세,중상
2013081200100427,2013년 8월 12일 17시,월요일,인천광역시 부평구 산곡동,중상사고,0,1,0,0,차대사람 - 횡단중,안전운전불이행,건조,맑음,단일로 - 기타,승용,남,63세,상해없음,보행자,남,29세,중상
2013081200100475,2013년 8월 12일 18시,월요일,인천광역시 남구 주안동,중상사고,0,2,1,0,차대차 - 기타,안전운전불이행,건조,맑음,교차로 - 교차로안,승용,남,26세,상해없음,승용,남,39세,중상
2013081200100476,2013년 8월 12일 18시,월요일,인천광역시 서구 석남동,중상사고,0,1,0,0,차대차 - 측면직각충돌,안전운전불이행,건조,맑음,교차로 - 교차로안,승용,남,54세,상해없음,자전거,남,75세,중상
2013081200100511,2013년 8월 12일 19시,월요일,인천광역시 중구 중산동,중상사고,0,1,0,0,차대차 - 정면충돌,중앙선침범,건조,맑음,단일로 - 기타,승용,여,39세,상해없음,이륜,남,37세,중상
2013081200100551,2013년 8월 12일 20시,월요일,인천광역시 동구 화평동,경상사고,0,0,1,0,차대차 - 측면직각충돌,안전운전불이행,건조,맑음,단일로 - 기타,승용,남,65세,상해없음,승용,남,43세,상해없음
2013081200100579,2013년 8월 12일 21시,월요일,인천광역시 중구 신흥동1가,경상사고,0,0,1,0,차대차 - 추돌 - 진행중,안전운전불이행,건조,맑음,교차로 - 교차로부근,승용,남,58세,상해없음,승용,남,53세,경상
2013081200100580,2013년 8월 12일 21시,월요일,인천광역시 부평구 청천동,중상사고,0,1,0,0,차대차 - 기타,안전운전불이행,건조,맑음,단일로 - 기타,승용,남,23세,상해없음,이륜,남,48세,중상
2013081200100581,2013년 8월 12일 21시,월요일,인천광역시 부평구 산곡동,중상사고,0,1,0,0,차대차 - 기타,안전운전불이행,건조,맑음,단일로 - 기타,승용,남,50세,상해없음,승용,여,36세,중상
2013081200100582,2013년 8월 12일 21시,월요일,인천광역시 계양구 계산동,경상사고,0,0,1,0,차대차 - 측면직각충돌,중앙선침범,건조,맑음,단일로 - 기타,화물,남,48세,상해없음,승용,남,52세,상해없음
2013081200100608,2013년 8월 12일 22시,월요일,인천광역시 서구 심곡동,경상사고,0,0,1,0,차대사람 - 기타,안전운전불이행,건조,맑음,단일로 - 기타,승용,남,51세,상해없음,보행자,남,21세,경상
2013081200100624,2013년 8월 12일 23시,월요일,인천광역시 남동구 간석동,중상사고,0,1,0,0,차대차 - 추돌 - 주정차중,안전거리미확보,건조,맑음,교차로 - 교차로부근,이륜,남,19세,상해없음,이륜,남,42세,중상
2013081200100625,2013년 8월 12일 23시,월요일,인천광역시 서구 가좌동,경상사고,0,0,1,0,차대차 - 기타,안전운전불이행,건조,맑음,단일로 - 기타,승합,남,65세,상해없음,승용,남,44세,경상
2013081200100626,2013년 8월 12일 23시,월요일,인천광역시 계양구 작전동,중상사고,0,1,0,0,차대사람 - 횡단중,안전운전불이행,건조,맑음,단일로 - 횡단보도상,승용,남,54세,상해없음,보행자,남,69세,중상
2013081300100026,2013년 8월 13일 01시,화요일,인천광역시 계양구 임학동,경상사고,0,0,1,0,차대차 - 측면직각충돌,안전운전불이행,건조,맑음,단일로 - 기타,승용,남,53세,상해없음,승용,남,52세,경상
2013081300100051,2013년 8월 13일 04시,화요일,인천광역시 부평구 청천동,중상사고,0,1,0,0,차대사람 - 횡단중,보행자보호의무위반,건조,맑음,단일로 - 횡단보도상,승용,남,24세,상해없음,보행자,여,61세,중상
2013081300100124,2013년 8월 13일 08시,화요일,인천광역시 남동구 남촌동,경상사고,0,0,1,0,차대차 - 기타,안전운전불이행,건조,맑음,단일로 - 기타,기타불명,기타불명,기타불명,기타불명,승용,남,48세,경상
2013081300100147,2013년 8월 13일 09시,화요일,인천광역시 남구 학익동,중상사고,0,1,0,0,차대사람 - 횡단중,안전운전불이행,건조,맑음,단일로 - 기타,승용,남,58세,상해없음,보행자,여,39세,중상
2013081300100190,2013년 8월 13일 10시,화요일,인천광역시 중구 을왕동,중상사고,0,1,0,0,차대차 - 측면직각충돌,중앙선침범,건조,맑음,단일로 - 기타,건설기계,남,63세,상해없음,자전거,여,15세,중상
2013081300100191,2013년 8월 13일 10시,화요일,인천광역시 남구 학익동,경상사고,0,0,1,0,차대차 - 측면직각충돌,안전거리미확보,건조,맑음,교차로 - 교차로부근,승용,여,63세,상해없음,승용,남,46세,경상
2013081300100192,2013년 8월 13일 10시,화요일,인천광역시 남동구 구월동,경상사고,0,0,1,0,차대차 - 기타,안전운전불이행,건조,맑음,단일로 - 횡단보도상,승용,여,45세,상해없음,자전거,남,83세,경상
2013081300100242,2013년 8월 13일 12시,화요일,인천광역시 서구 석남동,경상사고,0,0,1,0,차대차 - 추돌 - 주정차중,안전운전불이행,건조,맑음,단일로 - 기타,화물,남,31세,상해없음,승용,여,52세,경상