사고번호,사고일시,요일,시군구,사고내용,사망자수,중상자수,경상자수,부상신고자수,사고유형,법규위반,노면상태,기상상태,도로형태,가해운전자 차종,가해운전자 성별,가해운전자 연령,가해운전자 상해정도,피해운전자 차종,피해운전자 성별,피해운전자 연령,피해운전자 상해정도
2013082300100442,2013년 8월 23일 17시,금요일,인천광역시 계양구 작전동,경상사고,0,0,1,0,차대차 - 추돌 - 진행중,안전운전불이행,건조,맑음,단일로 - 기타,이륜,남,19세,상해없음,승용,여,55세,경상
2013082300100443,2013년 8월 23일 17시,금요일,인천광역시 부평구 부평동,중상사고,0,1,0,0,차대사람 - 횡단중,신호위반,건조,맑음,교차로 - 교차로안,승용,여,54세,상해없음,보행자,여,32세,중상
2013082300100528,2013년 8월 23일 19시,금요일,인천광역시 부평구 부개동,경상사고,0,0,1,0,차대사람 - 횡단중,보행자보호의무위반,건조,맑음,단일로 - 기타,화물,남,51세,상해없음,보행자,여,7세,경상
2013082300100570,2013년 8월 23일 20시,금요일,인천광역시 서구 공촌동,경상사고,0,0,2,0,차대차 - 측면직각충돌,신호위반,건조,맑음,단일로 - 기타,승용,여,39세,상해없음,승용,남,47세,경상
2013082300100571,2013년 8월 23일 20시,금요일,인천광역시 연수구 청학동,중상사고,0,1,3,0,차대차 - 기타,중앙선침범,건조,맑음,단일로 - 기타,승용,남,43세,상해없음,승합,남,52세,경상
2013082300100604,2013년 8월 23일 21시,금요일,인천광역시 부평구 부개동,경상사고,0,0,1,0,차대차 - 추돌 - 주정차중,안전운전불이행,건조,맑음,교차로 - 교차로부근,승용,남,39세,상해없음,승용,여,37세,경상
2013082300100640,2013년 8월 23일 22시,금요일,인천광역시 남동구 남촌동,중상사고,0,1,5,0,차대차 - 정면충돌,중앙선침범,건조,맑음,교차로 - 교차로부근,승용,남,44세,상해없음,승용,여,32세,경상
2013082300100641,2013년 8월 23일 22시,금요일,인천광역시 연수구 송도동,경상사고,0,0,1,0,차대차 - 측면직각충돌,안전운전불이행,건조,맑음,교차로 - 교차로부근,화물,남,57세,상해없음,승용,남,33세,경상
2013082300100679,2013년 8월 23일 23시,금요일,인천광역시 서구 가정동,경상사고,0,0,1,0,차대차 - 추돌 - 진행중,안전운전불이행,건조,맑음,단일로 - 기타,승용,남,31세,상해없음,승합,남,44세,경상
2013082400100058,2013년 8월 24일 01시,토요일,인천광역시 서구 신현동,경상사고,0,0,1,0,차대차 - 측면직각충돌,교차로운행방법위반,건조,맑음,교차로 - 교차로안,승용,남,54세,상해없음,승용,남,56세,경상
2013082400100112,2013년 8월 24일 03시,토요일,인천광역시 중구 신흥동1가,중상사고,0,1,0,0,차대사람 - 차도통행중,안전운전불이행,건조,맑음,단일로 - 기타,승용,남,33세,상해없음,보행자,남,34세,중상
2013082400100124,2013년 8월 24일 04시,토요일,인천광역시 남동구 구월동,경상사고,0,0,2,0,차대차 - 측면직각충돌,안전거리미확보,건조,맑음,교차로 - 교차로안,승용,남,18세,상해없음,승용,남,41세,경상
2013082400100162,2013년 8월 24일 06시,토요일,인천광역시 연수구 동춘동,경상사고,0,0,1,0,차대차 - 기타,신호위반,건조,맑음,교차로 - 교차로안,승용,남,31세,상해없음,승합,남,53세,경상
2013082400100175,2013년 8월 24일 07시,토요일,인천광역시 남동구 고잔동,중상사고,0,1,0,0,차대차 - 측면직각충돌,교차로운행방법위반,건조,맑음,교차로 - 교차로안,승용,남,58세,상해없음,자전거,남,56세,중상
2013082400100227,2013년 8월 24일 09시,토요일,인천광역시 부평구 갈산동,중상사고,0,1,0,0,차대차 - 추돌 - 주정차중,안전운전불이행,건조,맑음,단일로 - 기타,승용,여,41세,중상,화물,남,53세,기타불명
2013082400100259,2013년 8월 24일 10시,토요일,인천광역시 남동구 구월동,중상사고,0,1,0,0,차대사람 - 횡단중,안전운전불이행,건조,맑음,교차로 - 교차로안,승용,남,38세,상해없음,보행자,남,7세,중상
2013082400100260,2013년 8월 24일 10시,토요일,인천광역시 남동구 구월동,경상사고,0,0,1,0,차대사람 - 횡단중,신호위반,건조,맑음,단일로 - 기타,승용,여,42세,상해없음,보행자,여,18세,경상
2013082400100261,2013년 8월 24일 10시,토요일,인천광역시 서구 가좌동,경상사고,0,0,2,0,차대차 - 기타,직진우회전진행방해,건조,맑음,교차로 - 교차로부근,승용,남,22세,경상,화물,남,37세,경상
2013082400100262,2013년 8월 24일 10시,토요일,인천광역시 계양구 효성동,경상사고,0,0,2,0,차대차 - 측면직각충돌,중앙선침범,건조,맑음,단일로 - 기타,승용,여,54세,상해없음,승용,남,60세,경상
2013082400100263,2013년 8월 24일 10시,토요일,인천광역시 계양구 목상동,중상사고,0,1,0,0,차대차 - 측면직각충돌,안전운전불이행,건조,맑음,단일로 - 기타,자전거,여,46세,중상,자전거,남,48세,상해없음
2013082400100264,2013년 8월 24일 10시,토요일,인천광역시 연수구 선학동,중상사고,0,1,0,0,차대사람 - 횡단중,안전운전불이행,건조,맑음,단일로 - 기타,승용,여,51세,상해없음,보행자,여,59세,중상
2013082400100304,2013년 8월 24일 11시,토요일,인천광역시 남동구 간석동,중상사고,0,1,0,0,차대사람 - 횡단중,안전운전불이행,건조,맑음,단일로 - 기타,승용,여,36세,상해없음,보행자,여,74세,중상
2013082400100342,2013년 8월 24일 12시,토요일,인천광역시 남구 주안동,경상사고,0,0,2,0,차대차 - 기타,안전운전불이행,건조,맑음,교차로 - 교차로안,승합,남,46세,상해없음,승용,남,28세,경상
2013082400100343,2013년 8월 24일 12시,토요일,인천광역시 남구 주안동,중상사고,0,1,0,0,차대사람 - 기타,보행자보호의무위반,건조,맑음,단일로 - 기타,승용,남,45세,상해없음,보행자,여,50세,중상
2013082400100344,2013년 8월 24일 12시,토요일,인천광역시 서구 불로동,중상사고,0,1,0,0,차대차 - 측면직각충돌,안전운전불이행,건조,맑음,단일로 - 기타,화물,남,62세,상해없음,이륜,남,42세,중상
2013082400100379,2013년 8월 24일 13시,토요일,인천광역시 남구 주안동,중상사고,0,1,2,0,차대차 - 측면직각충돌,안전운전불이행,건조,맑음,단일로 - 기타,승용,남,37세,상해없음,승용,여,37세,중상
2013082400100449,2013년 8월 24일 15시,토요일,인천광역시 중구 운서동,중상사고,0,1,0,0,차대사람 - 횡단중,보행자보호의무위반,건조,맑음,단일로 - 횡단보도상,승합,남,53세,상해없음,보행자,남,7세,중상
2013082400100450,2013년 8월 24일 15시,토요일,인천광역시 남동구 구월동,경상사고,0,0,2,0,차대차 - 측면직각충돌,안전거리미확보,건조,맑음,단일로 - 기타,승용,남,48세,상해없음,승용,여,26세,경상
2013082400100573,2013년 8월 24일 18시,토요일,인천광역시 남구 도화동,중상사고,0,1,0,0,차량단독 - 기타,안전운전불이행,건조,맑음,기타 - 기타,승합,남,54세,상해없음,,,,
2013082400100574,2013년 8월 24일 18시,토요일,인천광역시 남동구 간석동,경상사고,0,0,1,0,차대차 - 측면직각충돌,안전운전불이행,건조,맑음,단일로 - 기타,승용,여,55세,상해없음,승합,남,44세,상해없음
2013082400100616,2013년 8월 24일 19시,토요일,인천광역시 중구 북성동1가,중상사고,0,1,0,0,차대사람 - 기타,안전운전불이행,건조,맑음,단일로 - 기타,승용,남,42세,상해없음,보행자,남,50세,중상
2013082400100617,2013년 8월 24일 19시,토요일,인천광역시 남구 주안동,중상사고,0,1,0,0,차대사람 - 기타,보행자보호의무위반,건조,맑음,단일로 - 기타,승용,여,43세,상해없음,보행자,여,74세,중상
2013082400100652,2013년 8월 24일 20시,토요일,인천광역시 남구 문학동,중상사고,0,1,1,0,차대차 - 측면직각충돌,안전운전불이행,건조,맑음,교차로 - 교차로안,승용,남,43세,상해없음,승합,남,58세,상해없음
2013082400100653,2013년 8월 24일 20시,토요일,인천광역시 남구 관교동,경상사고,0,0,2,0,차대차 - 기타,안전운전불이행,건조,맑음,교차로 - 교차로부근,승용,여,31세,경상,기타불명,기타불명,기타불명,기타불명
2013082400100654,2013년 8월 24일 20시,토요일,인천광역시 서구 검암동,중상사고,0,1,0,0,차대차 - 측면직각충돌,중앙선침범,건조,흐림,단일로 - 기타,원동기,남,17세,기타불명,승용,남,60세,중상
2013082400100655,2013년 8월 24일 20시,토요일,인천광역시 계양구 용종동,중상사고,0,1,0,0,차대차 - 측면직각충돌,신호위반,건조,맑음,교차로 - 교차로안,이륜,남,18세,중상,승합,남,50세,상해없음
2013082400100656,2013년 8월 24일 20시,토요일,인천광역시 부평구 부개동,부상신고사고,0,0,0,1,차대사람 - 기타,안전운전불이행,건조,맑음,단일로 - 기타,승용,여,55세,상해없음,보행자,남,19세,부상신고
2013082400100689,2013년 8월 24일 21시,토요일,인천광역시 중구 을왕동,경상사고,0,0,2,0,차대사람 - 횡단중,안전운전불이행,건조,맑음,단일로 - 기타,화물,여,19세,상해없음,보행자,남,33세,경상
2013082400100690,2013년 8월 24일 21시,토요일,인천광역시 강화군 길상면,중상사고,0,2,0,0,차대차 - 측면직각충돌,중앙선침범,건조,맑음,단일로 - 기타,승용,남,43세,상해없음,승용,여,50세,중상
2013082400100691,2013년 8월 24일 21시,토요일,인천광역시 부평구 갈산동,중상사고,0,1,0,0,차대차 - 측면직각충돌,차로위반,건조,맑음,교차로 - 교차로안,승합,남,41세,상해없음,승용,남,44세,중상
2013082400100724,2013년 8월 24일 22시,토요일,인천광역시 중구 송학동2가,중상사고,0,1,0,0,차대차 - 정면충돌,안전운전불이행,건조,맑음,교차로 - 교차로안,승용,여,39세,상해없음,승용,남,52세,중상
2013082400100725,2013년 8월 24일 22시,토요일,인천광역시 중구 신흥동3가,중상사고,0,1,0,0,차대사람 - 횡단중,안전운전불이행,건조,맑음,교차로 - 교차로부근,승합,남,55세,상해없음,보행자,남,39세,중상
2013082500100012,2013년 8월 25일 00시,일요일,인천광역시 서구 심곡동,경상사고,0,0,4,0,차대차 - 추돌 - 주정차중,안전운전불이행,건조,맑음,교차로 - 교차로부근,승용,남,25세,상해없음,승용,남,37세,경상
2013082500100049,2013년 8월 25일 02시,일요일,인천광역시 남구 용현동,경상사고,0,0,1,0,차대차 - 기타,안전운전불이행,건조,맑음,기타 - 기타,승용,여,29세,상해없음,승용,남,24세,기타불명
2013082500100050,2013년 8월 25일 02시,일요일,인천광역시 남동구 고잔동,중상사고,0,1,1,0,차대차 - 측면직각충돌,차로위반,건조,맑음,단일로 - 기타,승용,남,34세,상해없음,승용,남,51세,중상
2013082500100080,2013년 8월 25일 04시,일요일,인천광역시 남구 학익동,중상사고,0,1,0,0,차대차 - 기타,안전운전불이행,건조,맑음,단일로 - 기타,기타불명,기타불명,기타불명,기타불명,이륜,남,69세,중상
2013082500100105,2013년 8월 25일 06시,일요일,인천광역시 부평구 산곡동,경상사고,0,0,1,0,차대차 - 기타,안전운전불이행,건조,맑음,단일로 - 기타,승합,남,47세,상해없음,승용,남,47세,경상
2013082500100202,2013년 8월 25일 11시,일요일,인천광역시 중구 북성동2가,중상사고,0,1,1,0,차대차 - 측면직각충돌,신호위반,건조,맑음,교차로 - 교차로안,승용,남,25세,상해없음,승용,남,40세,중상
2013082500100230,2013년 8월 25일 12시,일요일,인천광역시 계양구 효성동,경상사고,0,0,1,0,차대차 - 추돌 - 주정차중,안전운전불이행,건조,맑음,단일로 - 기타,승용,남,44세,상해없음,승용,남,44세,경상
2013082500100259,2013년 8월 25일 13시,일요일,인천광역시 부평구 산곡동,경상사고,0,0,1,0,차대차 - 기타,안전운전불이행,건조,맑음,교차로 - 교차로부근,승용,남,32세,상해없음,승용,남,54세,경상
2013082500100260,2013년 8월 25일 13시,일요일,인천광역시 계양구 계산동,중상사고,0,1,0,0,차대차 - 측면직각충돌,안전운전불이행,건조,맑음,교차로 - 교차로안,승용,남,50세,상해없음,이륜,남,19세,중상
2013082500100317,2013년 8월 25일 15시,일요일,인천광역시 중구 답동,경상사고,0,0,2,0,차대차 - 추돌 - 진행중,안전거리미확보,건조,맑음,교차로 - 교차로안,승용,여,61세,경상,승용,남,35세,경상
2013082500100350,2013년 8월 25일 16시,일요일,인천광역시 옹진군 영흥면,중상사고,0,1,1,0,차대차 - 기타,중앙선침범,건조,맑음,단일로 - 기타,승용,남,66세,상해없음,승용,남,24세,중상
2013082500100391,2013년 8월 25일 17시,일요일,인천광역시 부평구 청천동,경상사고,0,0,2,0,차대차 - 추돌 - 주정차중,안전운전불이행,건조,맑음,단일로 - 기타,승용,남,51세,상해없음,승용,남,36세,경상
2013082500100392,2013년 8월 25일 17시,일요일,인천광역시 남동구 만수동,경상사고,0,0,4,0,차대차 - 기타,안전거리미확보,건조,맑음,단일로 - 기타,승용,여,33세,상해없음,승용,남,41세,경상
2013082500100462,2013년 8월 25일 20시,일요일,인천광역시 부평구 청천동,경상사고,0,0,1,0,차대사람 - 기타,안전운전불이행,건조,맑음,단일로 - 기타,원동기,남,17세,상해없음,보행자,남,24세,경상
2013082500100463,2013년 8월 25일 20시,일요일,인천광역시 서구 연희동,경상사고,0,0,2,0,차대차 - 측면직각충돌,신호위반,건조,맑음,교차로 - 교차로안,승용,남,54세,상해없음,승용,여,43세,경상
2013082500100464,2013년 8월 25일 20시,일요일,인천광역시 강화군 화도면,중상사고,0,4,0,0,차대차 - 기타,과속,건조,맑음,교차로 - 교차로부근,승용,남,44세,중상,승용,여,42세,중상
2013082500100465,2013년 8월 25일 20시,일요일,인천광역시 부평구 부평동,부상신고사고,0,0,0,1,차대차 - 측면직각충돌,신호위반,건조,맑음,교차로 - 교차로부근,이륜,남,22세,부상신고,승용,여,60세,상해없음
2013082500100513,2013년 8월 25일 22시,일요일,인천광역시 부평구 부평동,경상사고,0,0,5,0,차대차 - 측면직각충돌,안전운전불이행,건조,맑음,단일로 - 횡단보도부근,승용,기타불명,기타불명,기타불명,승합,남,55세,상해없음
2013082600100020,2013년 8월 26일 02시,월요일,인천광역시 남동구 간석동,부상신고사고,0,0,0,1,차대차 - 측면직각충돌,신호위반,건조,맑음,교차로 - 교차로안,승용,기타불명,기타불명,기타불명,승용,남,53세,상해없음
2013082600100033,2013년 8월 26일 04시,월요일,인천광역시 중구 을왕동,중상사고,0,1,0,0,차대사람 - 기타,보행자보호의무위반,건조,맑음,교차로 - 교차로안,승용,남,18세,상해없음,보행자,남,21세,중상
2013082600100084,2013년 8월 26일 07시,월요일,인천광역시 부평구 부개동,중상사고,0,1,0,0,차대사람 - 길가장자리구역통행중,안전운전불이행,건조,맑음,교차로 - 교차로부근,승용,남,29세,상해없음,보행자,여,12세,중상
2013082600100238,2013년 8월 26일 12시,월요일,인천광역시 부평구 부평동,경상사고,0,0,1,0,차대사람 - 기타,안전운전불이행,건조,맑음,기타 - 기타,기타불명,기타불명,기타불명,기타불명,보행자,남,42세,경상
2013082600100239,2013년 8월 26일 12시,월요일,인천광역시 연수구 연수동,사망사고,1,0,0,0,차량단독 - 공작물충돌,안전운전불이행,건조,맑음,교차로 - 교차로부근,승용,남,33세,사망,,,,
2013082600100279,2013년 8월 26일 13시,월요일,인천광역시 동구 화평동,경상사고,0,0,1,0,차대차 - 추돌 - 주정차중,기타,건조,맑음,단일로 - 기타,기타불명,기타불명,기타불명,기타불명,승용,남,46세,경상
2013082600100280,2013년 8월 26일 13시,월요일,인천광역시 부평구 부평동,경상사고,0,0,5,1,차대차 - 기타,안전운전불이행,건조,맑음,단일로 - 기타,승용,남,25세,상해없음,승합,남,54세,경상
2013082600100347,2013년 8월 26일 15시,월요일,인천광역시 부평구 산곡동,중상사고,0,1,0,0,차대사람 - 기타,안전운전불이행,건조,맑음,단일로 - 기타,화물,남,44세,상해없음,보행자,여,57세,중상
2013082600100383,2013년 8월 26일 16시,월요일,인천광역시 남구 주안동,경상사고,0,0,2,0,차대차 - 기타,안전운전불이행,건조,맑음,단일로 - 기타,승용,남,17세,상해없음,승용,여,51세,경상
2013082600100431,2013년 8월 26일 17시,월요일,인천광역시 서구 왕길동,경상사고,0,0,4,0,차대차 - 측면직각충돌,안전운전불이행,건조,맑음,교차로 - 교차로안,승용,남,23세,상해없음,승합,남,55세,경상
2013082600100432,2013년 8월 26일 17시,월요일,인천광역시 강화군 교동면,중상사고,0,1,0,1,차대차 - 기타,안전운전불이행,건조,맑음,단일로 - 기타,승용,여,56세,상해없음,화물,남,60세,부상신고
2013082600100480,2013년 8월 26일 18시,월요일,인천광역시 계양구 계산동,중상사고,0,1,0,0,차대사람 - 횡단중,신호위반,건조,맑음,단일로 - 기타,승용,남,63세,상해없음,보행자,여,16세,중상
2013082600100582,2013년 8월 26일 21시,월요일,인천광역시 남동구 논현동,경상사고,0,0,2,0,차대차 - 기타,신호위반,건조,맑음,교차로 - 교차로안,승용,여,41세,상해없음,승합,남,58세,경상
2013082600100583,2013년 8월 26일 21시,월요일,인천광역시 남동구 간석동,중상사고,0,1,0,0,차대사람 - 기타,안전운전불이행,건조,맑음,단일로 - 기타,승용,기타불명,기타불명,기타불명,보행자,여,16세,중상
2013082600100584,2013년 8월 26일 21시,월요일,인천광역시 연수구 연수동,경상사고,0,0,1,0,차대차 - 측면직각충돌,안전거리미확보,건조,맑음,단일로 - 기타,승용,남,48세,상해없음,이륜,남,31세,경상
2013082700100015,2013년 8월 27일 00시,화요일,인천광역시 남동구 남촌동,경상사고,0,0,2,0,차대차 - 측면직각충돌,안전거리미확보,건조,맑음,단일로 - 기타,승용,남,23세,상해없음,승용,여,55세,경상
2013082700100029,2013년 8월 27일 01시,화요일,인천광역시 연수구 동춘동,중상사고,0,1,0,0,차량단독 - 기타,안전운전불이행,건조,맑음,단일로 - 기타,이륜,남,22세,중상,,,,
2013082700100144,2013년 8월 27일 08시,화요일,인천광역시 중구 운서동,경상사고,0,0,1,0,차대차 - 기타,신호위반,건조,맑음,교차로 - 교차로안,승용,여,28세,상해없음,화물,남,20세,경상
2013082700100145,2013년 8월 27일 08시,화요일,인천광역시 남동구 구월동,경상사고,0,0,1,0,차대차 - 기타,안전거리미확보,건조,맑음,단일로 - 기타,승합,남,54세,상해없음,승용,여,56세,경상
2013082700100146,2013년 8월 27일 08시,화요일,인천광역시 계양구 작전동,경상사고,0,0,1,0,차대사람 - 횡단중,안전운전불이행,건조,맑음,단일로 - 기타,승합,남,58세,상해없음,보행자,남,14세,경상
2013082700100147,2013년 8월 27일 08시,화요일,인천광역시 강화군 송해면,중상사고,0,1,0,0,차대사람 - 기타,안전운전불이행,건조,맑음,교차로 - 교차로안,기타불명,기타불명,기타불명,기타불명,보행자,여,75세,중상
2013082700100228,2013년 8월 27일 11시,화요일,인천광역시 서구 백석동,경상사고,0,0,1,0,차대차 - 기타,안전운전불이행,건조,맑음,단일로 - 기타,승합,남,45세,상해없음,화물,남,36세,경상
2013082700100342,2013년 8월 27일 16시,화요일,인천광역시 부평구 삼산동,경상사고,0,0,1,0,차대차 - 측면직각충돌,안전거리미확보,건조,맑음,단일로 - 기타,승용,남,57세,상해없음,승합,남,51세,경상
2013082700100377,2013년 8월 27일 17시,화요일,인천광역시 부평구 산곡동,경상사고,0,0,2,0,차대차 - 측면직각충돌,신호위반,건조,맑음,교차로 - 교차로안,승합,남,64세,상해없음,화물,남,24세,경상
2013082700100378,2013년 8월 27일 17시,화요일,인천광역시 부평구 산곡동,경상사고,0,0,1,0,차대차 - 측면직각충돌,안전운전불이행,건조,맑음,단일로 - 기타,승용,남,38세,상해없음,승용,남,34세,경상
2013082700100379,2013년 8월 27일 17시,화요일,인천광역시 서구 당하동,중상사고,0,1,0,0,차대차 - 측면직각충돌,신호위반,건조,맑음,교차로 - 교차로안,이륜,남,71세,중상,화물,남,71세,상해없음
2013082700100380,2013년 8월 27일 17시,화요일,인천광역시 부평구 부평동,중상사고,0,1,0,0,차대사람 - 기타,안전운전불이행,건조,맑음,단일로 - 기타,이륜,남,36세,상해없음,보행자,남,74세,중상
2013082700100418,2013년 8월 27일 18시,화요일,인천광역시 부평구 산곡동,경상사고,0,0,1,0,차대사람 - 기타,안전운전불이행,건조,맑음,단일로 - 기타,승용,남,42세,상해없음,보행자,여,22세,경상
2013082700100419,2013년 8월 27일 18시,화요일,인천광역시 서구 석남동,경상사고,0,0,1,0,차대차 - 정면충돌,중앙선침범,건조,맑음,단일로 - 기타,승용,남,58세,상해없음,승용,여,26세,경상
2013082700100420,2013년 8월 27일 18시,화요일,인천광역시 강화군 길상면,경상사고,0,0,1,0,차대차 - 정면충돌,중앙선침범,건조,맑음,단일로 - 기타,승용,남,53세,상해없음,이륜,남,27세,경상
2013082700100455,2013년 8월 27일 19시,화요일,인천광역시 남구 주안동,경상사고,0,0,1,0,차대차 - 추돌 - 주정차중,안전운전불이행,건조,맑음,단일로 - 기타,승용,남,28세,상해없음,승용,남,30세,경상
2013082700100456,2013년 8월 27일 19시,화요일,인천광역시 남동구 남촌동,중상사고,0,1,0,0,차대차 - 측면직각충돌,교차로운행방법위반,건조,맑음,교차로 - 교차로안,승용,남,58세,상해없음,이륜,남,37세,중상
2013082700100484,2013년 8월 27일 20시,화요일,인천광역시 동구 송림동,경상사고,0,0,2,0,차대차 - 측면직각충돌,신호위반,건조,맑음,교차로 - 교차로안,승용,남,36세,상해없음,승용,남,46세,경상
2013082700100510,2013년 8월 27일 21시,화요일,인천광역시 부평구 십정동,경상사고,0,0,1,0,차대차 - 추돌 - 진행중,안전운전불이행,건조,맑음,교차로 - 교차로부근,승용,남,54세,상해없음,원동기,남,52세,경상
2013082700100511,2013년 8월 27일 21시,화요일,인천광역시 계양구 효성동,경상사고,0,0,1,0,차대차 - 추돌 - 진행중,안전운전불이행,건조,맑음,단일로 - 기타,승용,남,33세,상해없음,승용,여,56세,경상
2013082700100512,2013년 8월 27일 21시,화요일,인천광역시 부평구 일신동,부상신고사고,0,0,0,2,차대차 - 기타,차로위반,건조,맑음,미분류 - 미분류,승용,남,38세,부상신고,승용,여,23세,상해없음
2013082700100530,2013년 8월 27일 22시,화요일,인천광역시 서구 석남동,경상사고,0,0,2,0,차대차 - 측면직각충돌,안전운전불이행,건조,맑음,기타 - 기타,승용,남,44세,상해없음,승용,여,35세,상해없음
2013082800100031,2013년 8월 28일 02시,수요일,인천광역시 남구 주안동,사망사고,1,0,0,0,차량단독 - 기타,안전운전불이행,건조,맑음,교차로 - 교차로안,원동기,남,49세,사망,,,,
2013082800100045,2013년 8월 28일 04시,수요일,인천광역시 남동구 남촌동,경상사고,0,0,2,0,차대차 - 측면직각충돌,신호위반,건조,맑음,교차로 - 교차로안,승용,여,49세,상해없음,승합,남,53세,경상
2013082800100056,2013년 8월 28일 05시,수요일,인천광역시 서구 왕길동,중상사고,0,1,0,0,차대사람 - 기타,안전운전불이행,건조,맑음,교차로 - 교차로부근,기타불명,기타불명,기타불명,기타불명,보행자,여,72세,중상
2013082800100072,2013년 8월 28일 06시,수요일,인천광역시 계양구 귤현동,중상사고,0,2,2,1,차대차 - 기타,차로위반,건조,맑음,미분류 - 미분류,승합,남,33세,상해없음,승용,남,63세,경상
2013082800100182,2013년 8월 28일 10시,수요일,인천광역시 서구 가좌동,경상사고,0,0,2,0,차대차 - 기타,안전운전불이행,건조,맑음,단일로 - 기타,화물,남,36세,상해없음,승용,남,53세,상해없음
2013082800100212,2013년 8월 28일 11시,수요일,인천광역시 강화군 선원면,경상사고,0,0,1,0,차대차 - 추돌 - 진행중,안전거리미확보,건조,맑음,단일로 - 기타,화물,남,56세,상해없음,승합,남,64세,경상
2013082800100235,2013년 8월 28일 12시,수요일,인천광역시 부평구 부개동,경상사고,0,0,1,0,차대차 - 측면직각충돌,신호위반,건조,맑음,교차로 - 교차로안,승용,남,46세,상해없음,자전거,남,72세,경상
2013082800100271,2013년 8월 28일 13시,수요일,인천광역시 연수구 송도동,중상사고,0,2,1,0,차대차 - 측면직각충돌,신호위반,건조,맑음,교차로 - 교차로안,승용,여,43세,중상,건설기계,남,50세,중상
2013082800100402,2013년 8월 28일 17시,수요일,인천광역시 남동구 논현동,경상사고,0,0,1,0,차대차 - 추돌 - 주정차중,안전운전불이행,건조,맑음,단일로 - 기타,승용,여,56세,상해없음,승용,여,53세,경상
2013082800100442,2013년 8월 28일 18시,수요일,인천광역시 부평구 부평동,경상사고,0,0,1,0,차대사람 - 길가장자리구역통행중,안전운전불이행,건조,맑음,단일로 - 기타,승용,여,42세,상해없음,보행자,여,51세,경상
2013082800100491,2013년 8월 28일 19시,수요일,인천광역시 남동구 간석동,사망사고,1,4,0,0,차대차 - 기타,안전운전불이행,건조,맑음,단일로 - 기타,승용,남,69세,상해없음,승용,남,58세,중상
2013082800100557,2013년 8월 28일 21시,수요일,인천광역시 서구 경서동,경상사고,0,0,1,0,차대차 - 추돌 - 주정차중,안전운전불이행,습기,비,단일로 - 기타,승용,여,35세,상해없음,승용,여,54세,경상
2013082800100588,2013년 8월 28일 22시,수요일,인천광역시 부평구 십정동,경상사고,0,0,1,0,차대사람 - 기타,안전운전불이행,건조,맑음,교차로 - 교차로부근,화물,남,51세,상해없음,보행자,남,55세,경상
2013082900100048,2013년 8월 29일 03시,목요일,인천광역시 남동구 논현동,경상사고,0,0,1,0,차대차 - 기타,안전운전불이행,건조,맑음,단일로 - 기타,승용,남,24세,상해없음,화물,남,52세,경상
2013082900100064,2013년 8월 29일 05시,목요일,인천광역시 남구 주안동,중상사고,0,1,0,0,차대사람 - 횡단중,안전운전불이행,습기,흐림,단일로 - 기타,승용,남,53세,상해없음,보행자,남,18세,중상
2013082900100075,2013년 8월 29일 06시,목요일,인천광역시 남구 주안동,경상사고,0,0,1,0,차대차 - 추돌 - 주정차중,안전운전불이행,건조,맑음,단일로 - 기타,승합,남,57세,상해없음,승용,남,41세,경상
2013082900100076,2013년 8월 29일 06시,목요일,인천광역시 서구 석남동,부상신고사고,0,0,0,1,차대차 - 기타,안전운전불이행,습기,비,단일로 - 기타,승용,남,36세,기타불명,자전거,남,8세,부상신고
2013082900100143,2013년 8월 29일 08시,목요일,인천광역시 동구 송림동,경상사고,0,0,3,0,차대차 - 추돌 - 진행중,안전운전불이행,습기,맑음,교차로 - 교차로부근,화물,남,55세,상해없음,승용,남,43세,경상
2013082900100144,2013년 8월 29일 08시,목요일,인천광역시 남구 주안동,경상사고,0,0,1,0,차대사람 - 기타,안전운전불이행,습기,비,기타 - 기타,승용,여,46세,상해없음,보행자,남,43세,경상
2013082900100145,2013년 8월 29일 08시,목요일,인천광역시 부평구 십정동,경상사고,0,0,1,0,차대사람 - 기타,안전운전불이행,습기,비,단일로 - 기타,승용,남,54세,상해없음,보행자,여,21세,경상
2013082900100174,2013년 8월 29일 09시,목요일,인천광역시 동구 송현동,중상사고,0,1,0,0,차대사람 - 기타,보행자보호의무위반,습기,맑음,교차로 - 교차로부근,승합,남,47세,상해없음,보행자,남,62세,중상
2013082900100175,2013년 8월 29일 09시,목요일,인천광역시 부평구 삼산동,경상사고,0,0,1,0,차대차 - 측면직각충돌,안전거리미확보,습기,비,단일로 - 기타,승용,남,58세,상해없음,승합,남,60세,경상
2013082900100211,2013년 8월 29일 10시,목요일,인천광역시 중구 운서동,경상사고,0,0,3,0,차대차 - 추돌 - 진행중,안전거리미확보,습기,흐림,단일로 - 기타,승합,남,42세,상해없음,승합,여,36세,경상
2013082900100212,2013년 8월 29일 10시,목요일,인천광역시 부평구 산곡동,경상사고,0,0,1,0,차대차 - 추돌 - 주정차중,안전운전불이행,습기,비,단일로 - 기타,승용,남,31세,상해없음,승용,남,36세,경상
2013082900100257,2013년 8월 29일 12시,목요일,인천광역시 남구 주안동,경상사고,0,0,1,0,차량단독 - 기타,안전운전불이행,건조,맑음,기타 - 기타,승합,남,55세,상해없음,,,,