사고번호,사고일시,요일,시군구,사고내용,사망자수,중상자수,경상자수,부상신고자수,사고유형,법규위반,노면상태,기상상태,도로형태,가해운전자 차종,가해운전자 성별,가해운전자 연령,가해운전자 상해정도,피해운전자 차종,피해운전자 성별,피해운전자 연령,피해운전자 상해정도
2013082900100281,2013년 8월 29일 13시,목요일,인천광역시 중구 신흥동3가,중상사고,0,1,0,0,차대차 - 측면직각충돌,직진우회전진행방해,건조,맑음,교차로 - 교차로안,화물,남,43세,상해없음,화물,남,55세,중상
2013082900100282,2013년 8월 29일 13시,목요일,인천광역시 동구 송림동,경상사고,0,0,1,0,차대사람 - 기타,안전운전불이행,건조,맑음,단일로 - 기타,승용,여,54세,상해없음,보행자,남,69세,경상
2013082900100305,2013년 8월 29일 14시,목요일,인천광역시 부평구 부평동,경상사고,0,0,2,0,차대차 - 추돌 - 주정차중,안전거리미확보,습기,흐림,단일로 - 기타,화물,남,62세,상해없음,승용,남,53세,경상
2013082900100341,2013년 8월 29일 15시,목요일,인천광역시 중구 항동7가,경상사고,0,0,1,0,차대차 - 추돌 - 진행중,안전운전불이행,건조,맑음,단일로 - 기타,화물,남,45세,상해없음,승용,여,39세,경상
2013082900100342,2013년 8월 29일 15시,목요일,인천광역시 강화군 불은면,경상사고,0,0,2,0,차대차 - 기타,신호위반,건조,맑음,교차로 - 교차로안,승용,남,54세,상해없음,화물,남,51세,경상
2013082900100383,2013년 8월 29일 16시,목요일,인천광역시 남동구 만수동,경상사고,0,0,1,0,차대차 - 측면직각충돌,안전운전불이행,건조,맑음,단일로 - 기타,승용,남,63세,상해없음,이륜,남,53세,경상
2013082900100416,2013년 8월 29일 17시,목요일,인천광역시 남동구 논현동,중상사고,0,1,0,0,차대사람 - 기타,안전운전불이행,건조,맑음,단일로 - 기타,승합,남,49세,기타불명,보행자,여,73세,중상
2013082900100453,2013년 8월 29일 18시,목요일,인천광역시 남구 용현동,경상사고,0,0,1,0,차대사람 - 횡단중,안전운전불이행,건조,맑음,단일로 - 횡단보도상,기타불명,기타불명,기타불명,기타불명,보행자,여,10세,경상
2013082900100454,2013년 8월 29일 18시,목요일,인천광역시 남동구 구월동,경상사고,0,0,2,0,차대차 - 측면직각충돌,안전운전불이행,건조,맑음,단일로 - 기타,화물,남,44세,상해없음,승용,남,51세,경상
2013082900100455,2013년 8월 29일 18시,목요일,인천광역시 서구 마전동,경상사고,0,0,2,0,차대차 - 추돌 - 주정차중,안전거리미확보,건조,맑음,단일로 - 기타,승용,남,43세,상해없음,승용,남,43세,경상
2013082900100503,2013년 8월 29일 19시,목요일,인천광역시 부평구 십정동,경상사고,0,0,1,0,차대사람 - 기타,안전운전불이행,건조,맑음,교차로 - 교차로안,승용,남,22세,상해없음,보행자,여,57세,경상
2013082900100539,2013년 8월 29일 20시,목요일,인천광역시 중구 운남동,중상사고,0,1,0,0,차대사람 - 기타,안전운전불이행,건조,맑음,단일로 - 기타,승용,남,55세,상해없음,보행자,여,78세,중상
2013082900100540,2013년 8월 29일 20시,목요일,인천광역시 남구 용현동,중상사고,0,1,0,0,차대차 - 측면직각충돌,안전운전불이행,건조,맑음,단일로 - 기타,승용,남,45세,상해없음,승용,남,52세,중상
2013082900100653,2013년 8월 29일 23시,목요일,인천광역시 중구 운서동,경상사고,0,0,2,0,차대차 - 추돌 - 주정차중,안전운전불이행,건조,맑음,교차로 - 교차로부근,승용,남,40세,상해없음,승용,남,54세,경상
2013082900100654,2013년 8월 29일 23시,목요일,인천광역시 남구 문학동,중상사고,0,1,0,0,차대사람 - 기타,안전운전불이행,건조,맑음,교차로 - 교차로부근,승용,여,46세,상해없음,보행자,남,35세,중상
2013083000100018,2013년 8월 30일 00시,금요일,인천광역시 남동구 장수동,경상사고,0,0,1,0,차대차 - 추돌 - 진행중,안전운전불이행,건조,맑음,미분류 - 미분류,승용,남,41세,상해없음,승용,남,66세,경상
2013083000100019,2013년 8월 30일 00시,금요일,인천광역시 남동구 간석동,경상사고,0,0,2,0,차대차 - 측면직각충돌,안전거리미확보,건조,맑음,단일로 - 기타,화물,남,26세,상해없음,승용,남,59세,경상
2013083000100020,2013년 8월 30일 00시,금요일,인천광역시 서구 원창동,경상사고,0,0,1,0,차대차 - 측면직각충돌,신호위반,건조,맑음,교차로 - 교차로안,화물,남,49세,상해없음,승용,남,25세,경상
2013083000100034,2013년 8월 30일 01시,금요일,인천광역시 서구 가정동,경상사고,0,0,4,0,차대차 - 기타,안전운전불이행,건조,맑음,교차로 - 교차로부근,승용,남,64세,상해없음,승용,남,55세,상해없음
2013083000100095,2013년 8월 30일 06시,금요일,인천광역시 남구 관교동,중상사고,0,1,1,0,차대차 - 정면충돌,신호위반,건조,맑음,교차로 - 교차로안,승용,남,66세,중상,승용,남,33세,경상
2013083000100108,2013년 8월 30일 07시,금요일,인천광역시 서구 석남동,경상사고,0,0,1,0,차대차 - 측면직각충돌,교차로운행방법위반,건조,맑음,교차로 - 교차로안,승용,남,59세,상해없음,이륜,여,54세,경상
2013083000100145,2013년 8월 30일 08시,금요일,인천광역시 부평구 청천동,경상사고,0,0,2,0,차대차 - 기타,안전거리미확보,건조,맑음,단일로 - 기타,승합,남,50세,상해없음,승용,여,47세,경상
2013083000100146,2013년 8월 30일 08시,금요일,인천광역시 남동구 만수동,경상사고,0,0,1,0,차대차 - 측면직각충돌,안전운전불이행,건조,맑음,단일로 - 기타,승용,남,44세,상해없음,승용,남,36세,경상
2013083000100147,2013년 8월 30일 08시,금요일,인천광역시 계양구 오류동,중상사고,0,6,7,0,차대차 - 추돌 - 주정차중,안전운전불이행,건조,맑음,단일로 - 기타,승합,남,35세,중상,화물,남,47세,중상
2013083000100148,2013년 8월 30일 08시,금요일,인천광역시 부평구 일신동,중상사고,0,2,7,0,차대차 - 측면직각충돌,안전거리미확보,건조,맑음,교차로 - 교차로부근,승용,남,52세,상해없음,승합,남,66세,중상
2013083000100179,2013년 8월 30일 09시,금요일,인천광역시 남동구 고잔동,중상사고,0,1,0,0,차대사람 - 차도통행중,안전운전불이행,건조,맑음,단일로 - 기타,승용,남,24세,상해없음,보행자,남,41세,중상
2013083000100289,2013년 8월 30일 13시,금요일,인천광역시 중구 운북동,중상사고,0,1,0,0,차대차 - 측면직각충돌,신호위반,건조,맑음,단일로 - 기타,승용,남,43세,중상,승용,남,41세,상해없음
2013083000100290,2013년 8월 30일 13시,금요일,인천광역시 부평구 부개동,경상사고,0,0,1,0,차대차 - 측면직각충돌,신호위반,건조,맑음,교차로 - 교차로안,화물,남,56세,상해없음,이륜,남,37세,경상
2013083000100351,2013년 8월 30일 15시,금요일,인천광역시 연수구 옥련동,중상사고,0,1,0,0,차대사람 - 기타,기타,건조,맑음,단일로 - 기타,승합,남,42세,상해없음,보행자,남,78세,중상
2013083000100352,2013년 8월 30일 15시,금요일,인천광역시 부평구 삼산동,중상사고,0,1,0,0,차대차 - 측면직각충돌,신호위반,건조,맑음,단일로 - 횡단보도상,승용,여,52세,상해없음,자전거,여,59세,중상
2013083000100389,2013년 8월 30일 16시,금요일,인천광역시 서구 가정동,경상사고,0,0,1,0,차대차 - 추돌 - 진행중,안전운전불이행,건조,맑음,단일로 - 기타,승합,남,59세,상해없음,승용,여,48세,경상
2013083000100430,2013년 8월 30일 17시,금요일,인천광역시 서구 신현동,중상사고,0,3,1,0,차대차 - 추돌 - 진행중,안전운전불이행,건조,맑음,단일로 - 기타,승합,남,57세,상해없음,승용,남,52세,중상
2013083000100431,2013년 8월 30일 17시,금요일,인천광역시 부평구 갈산동,경상사고,0,0,1,0,차대차 - 기타,안전운전불이행,건조,맑음,단일로 - 기타,승용,남,46세,상해없음,승용,남,47세,경상
2013083000100473,2013년 8월 30일 18시,금요일,인천광역시 부평구 십정동,중상사고,0,1,0,0,차대사람 - 횡단중,안전운전불이행,건조,맑음,단일로 - 기타,승용,여,47세,상해없음,보행자,남,57세,중상
2013083000100514,2013년 8월 30일 19시,금요일,인천광역시 남동구 간석동,경상사고,0,0,1,0,차대차 - 기타,안전운전불이행,건조,맑음,단일로 - 기타,승용,남,39세,상해없음,자전거,남,72세,경상
2013083000100548,2013년 8월 30일 20시,금요일,인천광역시 남구 주안동,경상사고,0,0,1,0,차대차 - 측면직각충돌,안전거리미확보,건조,맑음,단일로 - 기타,승용,남,39세,상해없음,화물,남,46세,경상
2013083000100549,2013년 8월 30일 20시,금요일,인천광역시 남동구 논현동,중상사고,0,1,0,0,차대차 - 기타,안전거리미확보,건조,맑음,단일로 - 기타,승용,기타불명,기타불명,기타불명,승합,남,59세,상해없음
2013083000100550,2013년 8월 30일 20시,금요일,인천광역시 계양구 임학동,중상사고,0,2,0,0,차대차 - 측면직각충돌,안전운전불이행,건조,맑음,단일로 - 기타,화물,남,48세,상해없음,이륜,남,17세,중상
2013083000100551,2013년 8월 30일 20시,금요일,인천광역시 계양구 서운동,경상사고,0,0,1,0,차대차 - 측면직각충돌,신호위반,건조,맑음,교차로 - 교차로안,승합,남,44세,상해없음,이륜,남,16세,경상
2013083000100552,2013년 8월 30일 20시,금요일,인천광역시 연수구 연수동,중상사고,0,1,0,0,차대사람 - 횡단중,안전운전불이행,건조,맑음,단일로 - 기타,승용,여,46세,상해없음,보행자,여,83세,중상
2013083000100619,2013년 8월 30일 22시,금요일,인천광역시 연수구 선학동,경상사고,0,0,1,0,차대차 - 기타,안전운전불이행,건조,맑음,단일로 - 기타,화물,남,52세,상해없음,승용,여,32세,경상
2013083000100649,2013년 8월 30일 23시,금요일,인천광역시 남구 주안동,경상사고,0,0,2,0,차대차 - 측면직각충돌,안전운전불이행,건조,맑음,교차로 - 교차로부근,승용,남,22세,상해없음,승용,남,51세,상해없음
2013083000100650,2013년 8월 30일 23시,금요일,인천광역시 남동구 만수동,경상사고,0,0,2,0,차대차 - 기타,안전운전불이행,건조,맑음,교차로 - 교차로안,승합,여,49세,상해없음,승용,남,39세,경상
2013083000100651,2013년 8월 30일 23시,금요일,인천광역시 서구 마전동,경상사고,0,0,4,0,차대차 - 추돌 - 진행중,안전운전불이행,건조,맑음,단일로 - 기타,승용,남,33세,상해없음,승용,남,28세,경상
2013083000100652,2013년 8월 30일 23시,금요일,인천광역시 서구 가정동,경상사고,0,0,3,0,차대차 - 기타,안전운전불이행,건조,맑음,단일로 - 기타,승용,남,49세,상해없음,승용,남,51세,경상
2013083100100024,2013년 8월 31일 00시,토요일,인천광역시 동구 송현동,경상사고,0,0,1,0,차대사람 - 횡단중,신호위반,건조,맑음,단일로 - 횡단보도상,승용,남,52세,상해없음,보행자,남,58세,경상
2013083100100025,2013년 8월 31일 00시,토요일,인천광역시 서구 경서동,경상사고,0,0,2,0,차대차 - 추돌 - 진행중,안전운전불이행,건조,맑음,단일로 - 기타,승용,남,51세,상해없음,승용,여,34세,경상
2013083100100026,2013년 8월 31일 00시,토요일,인천광역시 연수구 송도동,중상사고,0,1,0,0,차대차 - 기타,신호위반,건조,맑음,교차로 - 교차로안,자전거,남,15세,중상,승용,남,29세,상해없음
2013083100100047,2013년 8월 31일 01시,토요일,인천광역시 계양구 계산동,부상신고사고,0,0,0,1,차대사람 - 길가장자리구역통행중,안전운전불이행,건조,맑음,단일로 - 기타,승합,남,20세,상해없음,보행자,남,28세,부상신고
2013083100100081,2013년 8월 31일 03시,토요일,인천광역시 남구 주안동,경상사고,0,0,1,0,차대차 - 추돌 - 주정차중,안전운전불이행,건조,맑음,단일로 - 기타,승용,남,23세,상해없음,승합,남,45세,경상
2013083100100091,2013년 8월 31일 04시,토요일,인천광역시 계양구 작전동,중상사고,0,2,6,0,차대차 - 측면직각충돌,신호위반,건조,맑음,교차로 - 교차로부근,승용,남,59세,경상,승용,여,27세,중상
2013083100100112,2013년 8월 31일 05시,토요일,인천광역시 부평구 청천동,중상사고,0,1,0,0,차량단독 - 기타,안전운전불이행,건조,맑음,단일로 - 기타,원동기,남,16세,상해없음,,,,
2013083100100121,2013년 8월 31일 06시,토요일,인천광역시 계양구 방축동,중상사고,0,1,0,0,차대차 - 정면충돌,교차로운행방법위반,건조,맑음,교차로 - 교차로안,승용,남,50세,상해없음,이륜,남,51세,중상
2013083100100122,2013년 8월 31일 06시,토요일,인천광역시 연수구 송도동,경상사고,0,0,1,0,차대사람 - 길가장자리구역통행중,안전운전불이행,건조,맑음,단일로 - 기타,승용,남,75세,상해없음,보행자,남,25세,경상
2013083100100161,2013년 8월 31일 08시,토요일,인천광역시 중구 운서동,중상사고,0,1,0,0,차대차 - 기타,안전거리미확보,건조,맑음,단일로 - 기타,승용,남,56세,상해없음,자전거,남,66세,중상
2013083100100162,2013년 8월 31일 08시,토요일,인천광역시 남동구 만수동,경상사고,0,0,2,0,차대차 - 추돌 - 주정차중,안전거리미확보,건조,맑음,단일로 - 기타,승용,남,45세,상해없음,승용,남,63세,경상
2013083100100188,2013년 8월 31일 09시,토요일,인천광역시 남구 주안동,경상사고,0,0,1,0,차량단독 - 기타,안전운전불이행,건조,맑음,단일로 - 기타,승합,남,52세,상해없음,,,,
2013083100100189,2013년 8월 31일 09시,토요일,인천광역시 서구 가좌동,중상사고,0,1,3,0,차대차 - 측면직각충돌,중앙선침범,건조,맑음,단일로 - 기타,승용,남,28세,상해없음,승용,여,45세,경상
2013083100100190,2013년 8월 31일 09시,토요일,인천광역시 강화군 삼산면,경상사고,0,0,1,0,차대차 - 기타,중앙선침범,건조,맑음,단일로 - 기타,승용,남,51세,상해없음,승용,남,35세,상해없음
2013083100100213,2013년 8월 31일 10시,토요일,인천광역시 남구 주안동,경상사고,0,0,2,0,차대차 - 측면직각충돌,안전운전불이행,건조,맑음,단일로 - 기타,승용,남,58세,상해없음,승합,남,57세,경상
2013083100100240,2013년 8월 31일 11시,토요일,인천광역시 동구 화수동,부상신고사고,0,0,0,1,차대사람 - 기타,기타,건조,맑음,교차로 - 교차로부근,승용,기타불명,기타불명,기타불명,보행자,여,53세,부상신고
2013083100100241,2013년 8월 31일 11시,토요일,인천광역시 남구 주안동,경상사고,0,0,1,0,차대사람 - 기타,안전운전불이행,건조,맑음,단일로 - 기타,승용,남,43세,기타불명,보행자,남,60세,경상
2013083100100242,2013년 8월 31일 11시,토요일,인천광역시 서구 대곡동,중상사고,0,1,0,0,차량단독 - 기타,안전운전불이행,건조,맑음,기타 - 기타,특수,남,53세,기타불명,,,,
2013083100100315,2013년 8월 31일 13시,토요일,인천광역시 중구 을왕동,중상사고,0,1,0,0,차대사람 - 차도통행중,안전운전불이행,건조,맑음,단일로 - 기타,승용,여,55세,상해없음,보행자,남,25세,중상
2013083100100316,2013년 8월 31일 13시,토요일,인천광역시 강화군 강화읍,경상사고,0,0,2,0,차대차 - 기타,안전운전불이행,건조,맑음,교차로 - 교차로부근,승용,남,58세,상해없음,승용,남,42세,상해없음
2013083100100317,2013년 8월 31일 13시,토요일,인천광역시 부평구 삼산동,경상사고,0,0,1,0,차대차 - 기타,안전운전불이행,건조,맑음,단일로 - 기타,화물,남,43세,상해없음,자전거,남,69세,경상
2013083100100349,2013년 8월 31일 14시,토요일,인천광역시 중구 중산동,중상사고,0,1,0,0,차대사람 - 기타,안전운전불이행,건조,맑음,단일로 - 기타,승용,여,40세,상해없음,보행자,여,1세,중상
2013083100100350,2013년 8월 31일 14시,토요일,인천광역시 부평구 부평동,경상사고,0,0,1,0,차대사람 - 횡단중,안전운전불이행,건조,맑음,단일로 - 기타,승용,여,57세,상해없음,보행자,남,8세,경상
2013083100100351,2013년 8월 31일 14시,토요일,인천광역시 남동구 논현동,중상사고,0,1,0,0,차대차 - 측면직각충돌,차로위반,건조,맑음,단일로 - 기타,승용,남,53세,상해없음,이륜,남,49세,중상
2013083100100385,2013년 8월 31일 15시,토요일,인천광역시 남동구 간석동,경상사고,0,0,1,0,차대차 - 추돌 - 주정차중,안전운전불이행,건조,맑음,교차로 - 교차로안,승용,여,49세,상해없음,승용,여,38세,경상
2013083100100386,2013년 8월 31일 15시,토요일,인천광역시 연수구 동춘동,경상사고,0,0,1,0,차대차 - 기타,안전운전불이행,건조,맑음,단일로 - 기타,승용,남,18세,상해없음,원동기,남,42세,경상
2013083100100426,2013년 8월 31일 16시,토요일,인천광역시 남구 주안동,경상사고,0,0,1,0,차대차 - 기타,안전운전불이행,건조,맑음,기타 - 기타,자전거,남,7세,경상,승용,남,37세,상해없음
2013083100100459,2013년 8월 31일 17시,토요일,인천광역시 부평구 산곡동,경상사고,0,0,2,0,차대차 - 측면직각충돌,안전운전불이행,건조,맑음,단일로 - 기타,승용,여,36세,상해없음,승용,여,37세,경상
2013083100100486,2013년 8월 31일 18시,토요일,인천광역시 남동구 장수동,부상신고사고,0,0,0,1,차대차 - 추돌 - 진행중,안전거리미확보,건조,맑음,단일로 - 기타,기타불명,기타불명,기타불명,기타불명,승용,남,42세,부상신고
2013083100100527,2013년 8월 31일 19시,토요일,인천광역시 남구 주안동,중상사고,0,1,0,0,차대사람 - 횡단중,안전운전불이행,건조,맑음,기타 - 기타,승용,남,51세,상해없음,보행자,남,54세,중상
2013083100100528,2013년 8월 31일 19시,토요일,인천광역시 남동구 구월동,경상사고,0,0,1,0,차대사람 - 횡단중,보행자보호의무위반,건조,맑음,교차로 - 교차로부근,승용,남,46세,상해없음,보행자,남,68세,경상
2013083100100554,2013년 8월 31일 20시,토요일,인천광역시 서구 석남동,경상사고,0,0,1,0,차대차 - 기타,안전운전불이행,건조,맑음,단일로 - 기타,승용,남,46세,상해없음,승용,남,22세,상해없음
2013083100100555,2013년 8월 31일 20시,토요일,인천광역시 부평구 부평동,부상신고사고,0,0,0,1,차대차 - 측면직각충돌,교차로운행방법위반,건조,맑음,교차로 - 교차로안,승용,여,52세,상해없음,이륜,남,16세,부상신고
2013083100100620,2013년 8월 31일 22시,토요일,인천광역시 부평구 부평동,경상사고,0,0,1,0,차대사람 - 기타,안전운전불이행,건조,맑음,단일로 - 기타,자전거,남,17세,상해없음,보행자,남,47세,경상
2013083100100643,2013년 8월 31일 23시,토요일,인천광역시 남구 주안동,경상사고,0,0,1,0,차대사람 - 기타,안전운전불이행,건조,맑음,단일로 - 기타,승용,기타불명,기타불명,기타불명,보행자,남,34세,경상
2013090100100020,2013년 9월 1일 00시,일요일,인천광역시 부평구 부평동,경상사고,0,0,1,0,차대차 - 추돌 - 주정차중,안전운전불이행,건조,맑음,교차로 - 교차로부근,이륜,남,17세,상해없음,승용,남,61세,경상
2013090100100031,2013년 9월 1일 01시,일요일,인천광역시 남구 주안동,중상사고,0,1,0,0,차대사람 - 횡단중,보행자보호의무위반,건조,맑음,교차로 - 교차로부근,승용,남,56세,상해없음,보행자,남,37세,중상
2013090100100032,2013년 9월 1일 01시,일요일,인천광역시 부평구 청천동,경상사고,0,0,1,0,차대차 - 추돌 - 주정차중,안전운전불이행,건조,맑음,교차로 - 교차로부근,승용,남,35세,상해없음,승용,남,50세,경상
2013090100100033,2013년 9월 1일 01시,일요일,인천광역시 연수구 선학동,중상사고,0,1,1,0,차대차 - 추돌 - 주정차중,안전운전불이행,건조,맑음,교차로 - 교차로부근,승용,여,31세,상해없음,승용,남,60세,중상
2013090100100077,2013년 9월 1일 04시,일요일,인천광역시 서구 연희동,경상사고,0,0,2,0,차대차 - 측면직각충돌,신호위반,건조,맑음,교차로 - 교차로안,승용,남,53세,상해없음,승용,남,57세,상해없음
2013090100100078,2013년 9월 1일 04시,일요일,인천광역시 계양구 작전동,경상사고,0,0,1,0,차대차 - 측면직각충돌,신호위반,건조,맑음,교차로 - 교차로안,승용,남,66세,상해없음,승용,남,45세,경상
2013090100100111,2013년 9월 1일 07시,일요일,인천광역시 서구 석남동,경상사고,0,0,2,0,차대차 - 측면직각충돌,신호위반,건조,맑음,단일로 - 기타,승용,남,29세,상해없음,승용,남,43세,경상
2013090100100123,2013년 9월 1일 08시,일요일,인천광역시 연수구 선학동,경상사고,0,0,2,0,차대차 - 측면직각충돌,신호위반,건조,맑음,교차로 - 교차로안,승용,남,51세,상해없음,승용,여,52세,경상
2013090100100124,2013년 9월 1일 08시,일요일,인천광역시 연수구 선학동,경상사고,0,0,1,0,차대차 - 기타,중앙선침범,건조,맑음,단일로 - 기타,승용,여,66세,상해없음,승용,남,32세,경상
2013090100100193,2013년 9월 1일 11시,일요일,인천광역시 부평구 부개동,경상사고,0,0,1,0,차대차 - 측면직각충돌,안전운전불이행,건조,맑음,교차로 - 교차로안,승용,남,50세,상해없음,자전거,남,11세,경상
2013090100100217,2013년 9월 1일 12시,일요일,인천광역시 강화군 화도면,경상사고,0,0,1,0,차대차 - 측면직각충돌,안전운전불이행,건조,맑음,교차로 - 교차로안,승용,남,63세,상해없음,승용,남,46세,경상
2013090100100276,2013년 9월 1일 14시,일요일,인천광역시 강화군 송해면,중상사고,0,1,0,0,차대사람 - 횡단중,안전운전불이행,건조,맑음,교차로 - 교차로안,이륜,남,43세,상해없음,보행자,남,6세,중상
2013090100100330,2013년 9월 1일 16시,일요일,인천광역시 남구 주안동,경상사고,0,0,1,0,차대차 - 기타,안전거리미확보,건조,맑음,단일로 - 기타,승용,남,47세,상해없음,이륜,남,59세,경상
2013090100100331,2013년 9월 1일 16시,일요일,인천광역시 남동구 서창동,경상사고,0,0,2,0,차대차 - 측면직각충돌,신호위반,건조,맑음,교차로 - 교차로부근,승용,남,57세,상해없음,승용,여,34세,경상
2013090100100332,2013년 9월 1일 16시,일요일,인천광역시 남동구 간석동,경상사고,0,0,1,0,차대차 - 측면직각충돌,교차로운행방법위반,건조,맑음,교차로 - 교차로안,이륜,남,36세,상해없음,이륜,남,16세,경상
2013090100100354,2013년 9월 1일 17시,일요일,인천광역시 남동구 장수동,경상사고,0,0,2,0,차대차 - 추돌 - 주정차중,안전거리미확보,건조,맑음,단일로 - 기타,승용,여,32세,상해없음,승용,남,56세,경상
2013090100100355,2013년 9월 1일 17시,일요일,인천광역시 남동구 만수동,경상사고,0,0,1,0,차대사람 - 기타,안전운전불이행,건조,맑음,단일로 - 기타,승용,남,33세,상해없음,보행자,남,58세,경상
2013090100100356,2013년 9월 1일 17시,일요일,인천광역시 강화군 강화읍,중상사고,0,1,0,0,차대차 - 측면직각충돌,안전운전불이행,건조,맑음,단일로 - 기타,승용,남,54세,상해없음,승용,남,36세,중상
2013090100100387,2013년 9월 1일 18시,일요일,인천광역시 남동구 간석동,경상사고,0,0,1,0,차대차 - 기타,교차로운행방법위반,건조,맑음,교차로 - 교차로안,승용,여,45세,상해없음,자전거,남,10세,경상
2013090100100388,2013년 9월 1일 18시,일요일,인천광역시 서구 왕길동,경상사고,0,0,1,0,차대차 - 측면직각충돌,안전운전불이행,건조,맑음,교차로 - 교차로부근,승용,남,34세,상해없음,이륜,남,45세,경상
2013090100100476,2013년 9월 1일 22시,일요일,인천광역시 남구 주안동,중상사고,0,1,1,0,차대차 - 기타,안전운전불이행,건조,맑음,단일로 - 기타,승용,남,36세,상해없음,원동기,남,22세,중상
2013090200100016,2013년 9월 2일 01시,월요일,인천광역시 부평구 청천동,경상사고,0,0,1,0,차대차 - 추돌 - 진행중,안전거리미확보,건조,맑음,단일로 - 기타,승용,남,27세,상해없음,승용,남,47세,경상
2013090200100022,2013년 9월 2일 02시,월요일,인천광역시 남구 주안동,경상사고,0,0,1,0,차대차 - 기타,안전거리미확보,건조,맑음,교차로 - 교차로부근,승용,남,26세,상해없음,승용,남,29세,경상
2013090200100060,2013년 9월 2일 06시,월요일,인천광역시 중구 운서동,경상사고,0,0,1,0,차대차 - 측면직각충돌,안전운전불이행,건조,맑음,단일로 - 기타,승용,여,35세,상해없음,승용,여,58세,경상
2013090200100099,2013년 9월 2일 07시,월요일,인천광역시 부평구 삼산동,중상사고,0,1,0,0,차대사람 - 횡단중,보행자보호의무위반,건조,맑음,단일로 - 횡단보도상,승합,남,46세,상해없음,보행자,여,48세,중상
2013090200100177,2013년 9월 2일 09시,월요일,인천광역시 남구 주안동,중상사고,0,1,0,0,차대사람 - 횡단중,안전운전불이행,건조,맑음,단일로 - 횡단보도상,화물,남,31세,상해없음,보행자,여,73세,중상
2013090200100235,2013년 9월 2일 11시,월요일,인천광역시 남동구 고잔동,중상사고,0,1,0,0,차대차 - 측면직각충돌,중앙선침범,건조,맑음,교차로 - 교차로부근,자전거,남,48세,중상,승용,남,53세,상해없음
2013090200100236,2013년 9월 2일 11시,월요일,인천광역시 계양구 작전동,경상사고,0,0,1,0,차대사람 - 길가장자리구역통행중,안전운전불이행,건조,맑음,단일로 - 기타,승합,남,41세,상해없음,보행자,여,74세,경상
2013090200100299,2013년 9월 2일 13시,월요일,인천광역시 남구 용현동,중상사고,0,2,0,0,차대차 - 추돌 - 진행중,안전운전불이행,건조,맑음,단일로 - 기타,승용,남,41세,상해없음,이륜,남,27세,중상
2013090200100300,2013년 9월 2일 13시,월요일,인천광역시 남동구 장수동,중상사고,0,1,0,0,차대차 - 기타,안전거리미확보,건조,맑음,단일로 - 기타,이륜,남,47세,상해없음,승용,남,38세,상해없음
2013090200100371,2013년 9월 2일 15시,월요일,인천광역시 남구 학익동,경상사고,0,0,1,0,차대차 - 기타,안전거리미확보,건조,맑음,단일로 - 기타,승용,남,65세,상해없음,승합,남,50세,경상
2013090200100372,2013년 9월 2일 15시,월요일,인천광역시 부평구 산곡동,경상사고,0,0,3,0,차대차 - 기타,교차로운행방법위반,건조,맑음,교차로 - 교차로안,승용,여,42세,상해없음,승합,남,56세,상해없음
2013090200100373,2013년 9월 2일 15시,월요일,인천광역시 연수구 송도동,경상사고,0,0,2,0,차대차 - 측면직각충돌,안전거리미확보,건조,맑음,교차로 - 교차로부근,화물,남,49세,상해없음,승용,여,49세,경상
2013090200100374,2013년 9월 2일 15시,월요일,인천광역시 부평구 갈산동,중상사고,0,1,0,0,차대사람 - 횡단중,안전운전불이행,건조,맑음,기타 - 기타,승용,남,35세,상해없음,보행자,여,60세,중상
2013090200100412,2013년 9월 2일 16시,월요일,인천광역시 남구 도화동,중상사고,0,1,0,0,차대차 - 기타,안전운전불이행,건조,맑음,단일로 - 횡단보도상,이륜,남,8세,중상,승합,남,55세,상해없음
2013090200100413,2013년 9월 2일 16시,월요일,인천광역시 계양구 작전동,경상사고,0,0,1,0,차대차 - 측면직각충돌,안전운전불이행,건조,맑음,단일로 - 기타,승용,남,53세,상해없음,승용,여,63세,경상
2013090200100414,2013년 9월 2일 16시,월요일,인천광역시 강화군 삼산면,중상사고,0,1,0,0,차대차 - 기타,안전운전불이행,건조,맑음,단일로 - 기타,원동기,여,60세,중상,화물,남,46세,상해없음
2013090200100460,2013년 9월 2일 17시,월요일,인천광역시 중구 북성동1가,경상사고,0,0,1,0,차대사람 - 길가장자리구역통행중,안전운전불이행,건조,맑음,단일로 - 기타,승용,남,27세,상해없음,보행자,남,52세,경상
2013090200100461,2013년 9월 2일 17시,월요일,인천광역시 동구 송현동,경상사고,0,0,1,0,차대차 - 측면직각충돌,안전거리미확보,건조,맑음,단일로 - 기타,화물,남,57세,상해없음,승용,여,50세,경상
2013090200100462,2013년 9월 2일 17시,월요일,인천광역시 남동구 만수동,중상사고,0,3,11,0,차대차 - 측면직각충돌,신호위반,건조,맑음,교차로 - 교차로안,건설기계,남,42세,상해없음,승합,남,52세,경상
2013090200100502,2013년 9월 2일 18시,월요일,인천광역시 동구 송현동,중상사고,0,1,1,0,차대차 - 측면직각충돌,안전운전불이행,건조,맑음,교차로 - 교차로안,이륜,남,17세,상해없음,승용,남,39세,경상