사고번호,사고일시,요일,시군구,사고내용,사망자수,중상자수,경상자수,부상신고자수,사고유형,법규위반,노면상태,기상상태,도로형태,가해운전자 차종,가해운전자 성별,가해운전자 연령,가해운전자 상해정도,피해운전자 차종,피해운전자 성별,피해운전자 연령,피해운전자 상해정도
2013090200100503,2013년 9월 2일 18시,월요일,인천광역시 연수구 연수동,경상사고,0,0,1,0,차대사람 - 기타,안전운전불이행,건조,맑음,단일로 - 기타,승용,여,31세,상해없음,보행자,여,34세,경상
2013090200100544,2013년 9월 2일 19시,월요일,인천광역시 남동구 만수동,경상사고,0,0,1,0,차대차 - 기타,안전거리미확보,건조,맑음,단일로 - 기타,승용,남,48세,상해없음,승용,남,31세,경상
2013090200100575,2013년 9월 2일 20시,월요일,인천광역시 남동구 간석동,중상사고,0,1,0,0,차대사람 - 횡단중,안전운전불이행,건조,맑음,단일로 - 기타,승용,남,58세,상해없음,보행자,남,55세,중상
2013090200100598,2013년 9월 2일 21시,월요일,인천광역시 계양구 병방동,경상사고,0,0,1,0,차대사람 - 횡단중,신호위반,건조,맑음,단일로 - 횡단보도상,승용,남,53세,상해없음,보행자,남,13세,경상
2013090200100599,2013년 9월 2일 21시,월요일,인천광역시 연수구 송도동,경상사고,0,0,1,0,차대사람 - 횡단중,안전운전불이행,건조,맑음,단일로 - 기타,승용,기타불명,기타불명,기타불명,보행자,남,15세,경상
2013090200100625,2013년 9월 2일 22시,월요일,인천광역시 연수구 연수동,경상사고,0,0,1,0,차대차 - 추돌 - 주정차중,안전운전불이행,건조,맑음,교차로 - 교차로부근,승용,남,68세,상해없음,승용,남,29세,경상
2013090200100659,2013년 9월 2일 23시,월요일,인천광역시 남동구 논현동,경상사고,0,0,2,0,차대차 - 측면직각충돌,안전거리미확보,건조,맑음,교차로 - 교차로부근,승용,남,22세,상해없음,승용,남,65세,경상
2013090200100660,2013년 9월 2일 23시,월요일,인천광역시 계양구 귤현동,중상사고,0,1,0,0,차량단독 - 공작물충돌,안전운전불이행,건조,맑음,교차로 - 교차로부근,승용,남,53세,상해없음,,,,
2013090200100661,2013년 9월 2일 23시,월요일,인천광역시 부평구 부평동,중상사고,0,1,0,0,차대차 - 추돌 - 진행중,안전운전불이행,건조,흐림,교차로 - 교차로안,기타불명,기타불명,기타불명,기타불명,이륜,남,31세,중상
2013090300100025,2013년 9월 3일 01시,화요일,인천광역시 서구 공촌동,중상사고,0,2,0,0,차대차 - 기타,신호위반,건조,맑음,교차로 - 교차로안,화물,남,63세,상해없음,승용,남,26세,중상
2013090300100026,2013년 9월 3일 01시,화요일,인천광역시 연수구 송도동,경상사고,0,0,1,0,차대차 - 측면직각충돌,안전운전불이행,건조,맑음,단일로 - 기타,승용,남,24세,상해없음,이륜,남,30세,경상
2013090300100063,2013년 9월 3일 06시,화요일,인천광역시 남구 도화동,중상사고,0,1,0,0,차대차 - 추돌 - 주정차중,안전운전불이행,건조,맑음,교차로 - 교차로부근,승용,남,22세,상해없음,화물,기타불명,13세,기타불명
2013090300100104,2013년 9월 3일 07시,화요일,인천광역시 부평구 부평동,중상사고,0,1,0,0,차대사람 - 횡단중,보행자보호의무위반,건조,맑음,교차로 - 교차로안,승용,여,52세,상해없음,보행자,여,20세,중상
2013090300100105,2013년 9월 3일 07시,화요일,인천광역시 서구 백석동,중상사고,0,1,0,0,차대차 - 기타,안전운전불이행,건조,맑음,단일로 - 기타,건설기계,남,46세,상해없음,자전거,여,57세,중상
2013090300100106,2013년 9월 3일 07시,화요일,인천광역시 계양구 효성동,경상사고,0,0,1,0,차대사람 - 횡단중,안전운전불이행,건조,맑음,단일로 - 횡단보도상,승용,남,48세,상해없음,보행자,남,45세,경상
2013090300100147,2013년 9월 3일 08시,화요일,인천광역시 남구 주안동,경상사고,0,0,2,0,차대차 - 기타,안전운전불이행,건조,맑음,기타 - 기타,승용,여,27세,상해없음,승용,여,57세,경상
2013090300100148,2013년 9월 3일 08시,화요일,인천광역시 서구 원당동,중상사고,0,1,0,0,차대사람 - 횡단중,보행자보호의무위반,건조,맑음,단일로 - 횡단보도상,승용,남,54세,상해없음,보행자,남,9세,중상
2013090300100149,2013년 9월 3일 08시,화요일,인천광역시 부평구 갈산동,중상사고,0,1,0,0,차대사람 - 횡단중,보행자보호의무위반,건조,맑음,단일로 - 횡단보도상,승용,남,58세,상해없음,보행자,남,7세,중상
2013090300100204,2013년 9월 3일 10시,화요일,인천광역시 서구 경서동,경상사고,0,0,3,0,차대차 - 측면직각충돌,안전운전불이행,건조,맑음,교차로 - 교차로안,승용,남,30세,경상,승용,여,52세,경상
2013090300100297,2013년 9월 3일 13시,화요일,인천광역시 연수구 청학동,중상사고,0,1,0,0,차대사람 - 기타,안전운전불이행,건조,맑음,단일로 - 기타,승용,남,71세,상해없음,보행자,여,75세,중상
2013090300100325,2013년 9월 3일 14시,화요일,인천광역시 남동구 장수동,경상사고,0,0,1,0,차대차 - 측면직각충돌,안전운전불이행,건조,맑음,단일로 - 기타,이륜,남,37세,상해없음,승합,남,53세,상해없음
2013090300100326,2013년 9월 3일 14시,화요일,인천광역시 계양구 계산동,경상사고,0,0,2,0,차대차 - 측면직각충돌,안전운전불이행,건조,맑음,단일로 - 기타,승용,여,32세,상해없음,승용,남,35세,경상
2013090300100364,2013년 9월 3일 15시,화요일,인천광역시 남동구 구월동,경상사고,0,0,2,0,차대차 - 측면직각충돌,안전운전불이행,건조,맑음,교차로 - 교차로안,승용,남,23세,상해없음,승용,남,64세,경상
2013090300100365,2013년 9월 3일 15시,화요일,인천광역시 서구 마전동,중상사고,0,1,0,0,차대차 - 추돌 - 진행중,안전운전불이행,건조,맑음,단일로 - 기타,승용,여,53세,상해없음,승용,여,39세,중상
2013090300100366,2013년 9월 3일 15시,화요일,인천광역시 계양구 동양동,경상사고,0,0,2,0,차대차 - 측면직각충돌,직진우회전진행방해,건조,맑음,교차로 - 교차로안,승용,여,59세,상해없음,승용,여,29세,경상
2013090300100400,2013년 9월 3일 16시,화요일,인천광역시 부평구 십정동,경상사고,0,0,2,0,차대차 - 기타,안전운전불이행,건조,맑음,단일로 - 기타,화물,남,43세,상해없음,승용,남,30세,경상
2013090300100482,2013년 9월 3일 18시,화요일,인천광역시 남구 주안동,경상사고,0,0,1,0,차대차 - 기타,안전거리미확보,건조,맑음,단일로 - 횡단보도부근,기타불명,기타불명,기타불명,기타불명,승합,남,57세,상해없음
2013090300100483,2013년 9월 3일 18시,화요일,인천광역시 남동구 논현동,부상신고사고,0,0,0,1,차대차 - 기타,안전운전불이행,건조,맑음,교차로 - 교차로부근,자전거,남,18세,부상신고,승용,남,43세,상해없음
2013090300100484,2013년 9월 3일 18시,화요일,인천광역시 서구 왕길동,중상사고,0,1,0,0,차대사람 - 보도통행중,보행자보호의무위반,건조,맑음,단일로 - 횡단보도상,화물,남,57세,상해없음,보행자,남,5세,중상
2013090300100523,2013년 9월 3일 19시,화요일,인천광역시 남구 용현동,경상사고,0,0,1,0,차대차 - 측면직각충돌,안전거리미확보,건조,맑음,단일로 - 기타,화물,남,35세,상해없음,승용,남,52세,경상
2013090300100573,2013년 9월 3일 21시,화요일,인천광역시 서구 마전동,중상사고,0,2,0,0,차대차 - 측면직각충돌,중앙선침범,건조,맑음,단일로 - 기타,승용,남,25세,상해없음,승용,남,35세,중상
2013090300100574,2013년 9월 3일 21시,화요일,인천광역시 서구 왕길동,중상사고,0,2,0,0,차대차 - 측면직각충돌,안전운전불이행,건조,맑음,교차로 - 교차로안,승용,남,46세,상해없음,승용,여,49세,중상
2013090300100575,2013년 9월 3일 21시,화요일,인천광역시 계양구 계산동,중상사고,0,1,0,0,차대차 - 측면직각충돌,안전운전불이행,건조,맑음,교차로 - 교차로안,이륜,남,71세,중상,승합,남,55세,상해없음
2013090300100576,2013년 9월 3일 21시,화요일,인천광역시 부평구 삼산동,경상사고,0,0,1,0,차대차 - 측면직각충돌,안전거리미확보,건조,맑음,단일로 - 기타,화물,남,48세,상해없음,승용,남,61세,경상
2013090300100596,2013년 9월 3일 22시,화요일,인천광역시 남동구 만수동,경상사고,0,0,1,0,차대차 - 기타,차로위반,건조,맑음,단일로 - 기타,승용,남,46세,상해없음,승용,여,37세,경상
2013090300100620,2013년 9월 3일 23시,화요일,인천광역시 동구 송림동,중상사고,0,1,0,0,차대차 - 측면직각충돌,안전운전불이행,건조,맑음,단일로 - 기타,승용,여,50세,상해없음,이륜,남,17세,중상
2013090300100621,2013년 9월 3일 23시,화요일,인천광역시 남동구 간석동,경상사고,0,0,2,0,차대차 - 추돌 - 진행중,안전거리미확보,건조,맑음,단일로 - 기타,승용,남,42세,상해없음,승용,남,44세,상해없음
2013090400100014,2013년 9월 4일 00시,수요일,인천광역시 서구 석남동,경상사고,0,0,1,0,차대차 - 추돌 - 진행중,안전운전불이행,건조,맑음,단일로 - 기타,승용,남,49세,상해없음,승용,남,50세,경상
2013090400100027,2013년 9월 4일 01시,수요일,인천광역시 남구 주안동,경상사고,0,0,2,0,차대차 - 측면직각충돌,안전운전불이행,건조,맑음,단일로 - 기타,승용,남,40세,상해없음,승용,여,55세,경상
2013090400100043,2013년 9월 4일 03시,수요일,인천광역시 중구 운서동,중상사고,0,4,0,0,차량단독 - 전도전복,안전운전불이행,건조,맑음,단일로 - 기타,승용,남,19세,상해없음,,,,
2013090400100110,2013년 9월 4일 07시,수요일,인천광역시 남구 주안동,중상사고,0,1,0,0,차대사람 - 횡단중,신호위반,건조,맑음,단일로 - 횡단보도상,승용,남,74세,상해없음,보행자,남,47세,중상
2013090400100111,2013년 9월 4일 07시,수요일,인천광역시 서구 금곡동,경상사고,0,0,1,0,차대차 - 기타,안전운전불이행,건조,맑음,단일로 - 기타,이륜,남,30세,상해없음,승합,남,39세,상해없음
2013090400100112,2013년 9월 4일 07시,수요일,인천광역시 서구 가좌동,경상사고,0,0,1,0,차대차 - 측면직각충돌,안전운전불이행,건조,맑음,단일로 - 기타,승용,여,32세,상해없음,승용,남,46세,경상
2013090400100159,2013년 9월 4일 08시,수요일,인천광역시 남동구 간석동,경상사고,0,0,1,0,차대차 - 추돌 - 진행중,안전운전불이행,건조,맑음,단일로 - 기타,승용,남,31세,상해없음,승용,여,43세,경상
2013090400100161,2013년 9월 4일 08시,수요일,인천광역시 연수구 옥련동,경상사고,0,0,1,0,차대차 - 기타,안전운전불이행,건조,맑음,단일로 - 기타,기타불명,기타불명,기타불명,기타불명,기타불명,남,16세,경상
2013090400100215,2013년 9월 4일 10시,수요일,인천광역시 남구 주안동,경상사고,0,0,1,0,차대사람 - 보도통행중,안전운전불이행,건조,맑음,단일로 - 기타,승용,기타불명,기타불명,기타불명,보행자,여,74세,경상
2013090400100216,2013년 9월 4일 10시,수요일,인천광역시 서구 신현동,중상사고,0,1,0,0,차대차 - 기타,신호위반,건조,맑음,교차로 - 교차로안,화물,남,66세,상해없음,승합,남,51세,중상
2013090400100275,2013년 9월 4일 12시,수요일,인천광역시 연수구 연수동,경상사고,0,0,1,0,차대사람 - 기타,안전운전불이행,건조,맑음,교차로 - 교차로안,승용,남,59세,상해없음,보행자,남,61세,경상
2013090400100304,2013년 9월 4일 13시,수요일,인천광역시 서구 가좌동,경상사고,0,0,1,0,차대차 - 기타,안전운전불이행,건조,맑음,단일로 - 기타,승용,남,29세,상해없음,승용,남,68세,경상
2013090400100305,2013년 9월 4일 13시,수요일,인천광역시 연수구 옥련동,경상사고,0,0,1,0,차대사람 - 횡단중,신호위반,건조,맑음,교차로 - 교차로부근,이륜,남,17세,상해없음,보행자,남,59세,경상
2013090400100373,2013년 9월 4일 15시,수요일,인천광역시 동구 송현동,중상사고,0,1,0,0,차대사람 - 기타,안전운전불이행,건조,맑음,교차로 - 교차로안,승용,남,58세,상해없음,보행자,여,48세,중상
2013090400100374,2013년 9월 4일 15시,수요일,인천광역시 남동구 고잔동,경상사고,0,0,1,0,차대차 - 추돌 - 진행중,안전운전불이행,건조,맑음,교차로 - 교차로부근,승합,남,48세,기타불명,승용,여,55세,경상
2013090400100404,2013년 9월 4일 16시,수요일,인천광역시 연수구 송도동,중상사고,0,1,0,0,차대차 - 기타,기타,건조,맑음,단일로 - 기타,승용,남,46세,상해없음,이륜,남,17세,중상
2013090400100438,2013년 9월 4일 17시,수요일,인천광역시 계양구 계산동,경상사고,0,0,1,0,차대차 - 추돌 - 주정차중,안전거리미확보,건조,맑음,단일로 - 기타,승합,남,50세,상해없음,화물,남,37세,경상
2013090400100513,2013년 9월 4일 19시,수요일,인천광역시 부평구 십정동,경상사고,0,0,2,0,차대차 - 추돌 - 주정차중,안전운전불이행,건조,맑음,교차로 - 교차로부근,승용,남,37세,상해없음,승용,남,65세,경상
2013090400100514,2013년 9월 4일 19시,수요일,인천광역시 서구 경서동,경상사고,0,0,1,0,차대차 - 기타,안전거리미확보,건조,맑음,단일로 - 기타,이륜,남,47세,경상,화물,남,69세,상해없음
2013090400100515,2013년 9월 4일 19시,수요일,인천광역시 부평구 삼산동,중상사고,0,1,1,0,차대차 - 측면직각충돌,신호위반,건조,맑음,교차로 - 교차로안,승용,남,60세,경상,승용,남,37세,중상
2013090400100550,2013년 9월 4일 20시,수요일,인천광역시 동구 송림동,경상사고,0,0,3,0,차대차 - 기타,안전운전불이행,건조,맑음,단일로 - 기타,승용,남,48세,상해없음,승용,남,48세,경상
2013090400100551,2013년 9월 4일 20시,수요일,인천광역시 서구 마전동,경상사고,0,0,1,0,차대사람 - 횡단중,안전운전불이행,건조,맑음,교차로 - 교차로안,승용,남,64세,상해없음,보행자,남,75세,경상
2013090400100552,2013년 9월 4일 20시,수요일,인천광역시 계양구 용종동,경상사고,0,0,1,0,차대차 - 정면충돌,신호위반,건조,맑음,교차로 - 교차로안,승용,여,53세,상해없음,원동기,남,21세,경상
2013090400100581,2013년 9월 4일 21시,수요일,인천광역시 서구 당하동,중상사고,0,1,0,0,차대사람 - 보도통행중,보행자보호의무위반,건조,맑음,교차로 - 교차로부근,승용,남,27세,상해없음,보행자,여,52세,중상
2013090400100611,2013년 9월 4일 22시,수요일,인천광역시 서구 가좌동,경상사고,0,0,2,0,차대차 - 추돌 - 주정차중,안전운전불이행,건조,맑음,단일로 - 기타,승용,남,29세,상해없음,승용,여,50세,경상
2013090400100612,2013년 9월 4일 22시,수요일,인천광역시 부평구 구산동,경상사고,0,0,1,0,차대차 - 측면직각충돌,차로위반,건조,맑음,교차로 - 교차로부근,승용,남,56세,상해없음,승용,여,49세,경상
2013090400100631,2013년 9월 4일 23시,수요일,인천광역시 부평구 십정동,중상사고,0,1,1,0,차대차 - 측면직각충돌,신호위반,건조,맑음,교차로 - 교차로안,승합,남,56세,상해없음,승용,남,55세,중상
2013090500100018,2013년 9월 5일 00시,목요일,인천광역시 부평구 청천동,경상사고,0,0,1,0,차대차 - 측면직각충돌,신호위반,건조,맑음,교차로 - 교차로안,승용,여,24세,상해없음,승용,남,40세,경상
2013090500100019,2013년 9월 5일 00시,목요일,인천광역시 서구 왕길동,중상사고,0,2,1,0,차대차 - 기타,신호위반,건조,맑음,교차로 - 교차로안,이륜,남,47세,중상,승용,남,63세,상해없음
2013090500100068,2013년 9월 5일 05시,목요일,인천광역시 동구 화평동,중상사고,0,1,0,0,차대사람 - 기타,안전운전불이행,건조,맑음,단일로 - 기타,승용,여,46세,상해없음,보행자,여,75세,중상
2013090500100069,2013년 9월 5일 05시,목요일,인천광역시 남구 주안동,경상사고,0,0,1,0,차대차 - 기타,안전운전불이행,건조,맑음,교차로 - 교차로안,화물,남,34세,상해없음,승합,남,59세,상해없음
2013090500100086,2013년 9월 5일 06시,목요일,인천광역시 남동구 간석동,경상사고,0,0,1,0,차대차 - 측면직각충돌,안전운전불이행,건조,맑음,단일로 - 기타,승용,남,44세,상해없음,화물,남,60세,기타불명
2013090500100117,2013년 9월 5일 07시,목요일,인천광역시 남동구 간석동,경상사고,0,0,2,0,차대차 - 추돌 - 진행중,안전거리미확보,건조,맑음,단일로 - 기타,승용,여,38세,경상,승용,남,38세,경상
2013090500100176,2013년 9월 5일 09시,목요일,인천광역시 부평구 구산동,사망사고,1,28,11,7,차대차 - 추돌 - 주정차중,안전운전불이행,건조,맑음,단일로 - 기타,승합,남,64세,중상,화물,남,49세,상해없음
2013090500100195,2013년 9월 5일 10시,목요일,인천광역시 남구 학익동,중상사고,0,2,0,0,차대차 - 측면직각충돌,신호위반,건조,맑음,교차로 - 교차로안,승용,여,55세,상해없음,승용,남,56세,중상
2013090500100217,2013년 9월 5일 11시,목요일,인천광역시 서구 가정동,중상사고,0,1,0,0,차대사람 - 기타,안전운전불이행,건조,맑음,단일로 - 기타,승용,여,53세,상해없음,보행자,여,43세,중상
2013090500100241,2013년 9월 5일 12시,목요일,인천광역시 남동구 구월동,중상사고,0,1,0,0,차대사람 - 기타,안전운전불이행,건조,맑음,단일로 - 기타,승용,남,32세,상해없음,보행자,여,84세,중상
2013090500100242,2013년 9월 5일 12시,목요일,인천광역시 계양구 용종동,중상사고,0,1,2,0,차대차 - 추돌 - 주정차중,안전운전불이행,건조,맑음,미분류 - 미분류,화물,남,29세,상해없음,승용,남,52세,경상
2013090500100266,2013년 9월 5일 13시,목요일,인천광역시 남구 학익동,경상사고,0,0,1,0,차대차 - 추돌 - 진행중,안전운전불이행,건조,맑음,교차로 - 교차로부근,화물,남,41세,상해없음,화물,남,32세,경상
2013090500100292,2013년 9월 5일 14시,목요일,인천광역시 계양구 병방동,경상사고,0,0,1,0,차대차 - 추돌 - 진행중,안전거리미확보,건조,맑음,단일로 - 기타,승용,남,32세,상해없음,승용,남,39세,경상
2013090500100321,2013년 9월 5일 15시,목요일,인천광역시 연수구 연수동,경상사고,0,0,1,0,차대사람 - 기타,안전운전불이행,건조,맑음,교차로 - 교차로부근,승용,남,27세,상해없음,보행자,남,19세,경상
2013090500100349,2013년 9월 5일 16시,목요일,인천광역시 남동구 간석동,중상사고,0,1,0,0,차대사람 - 기타,안전운전불이행,건조,맑음,단일로 - 기타,자전거,남,19세,상해없음,보행자,여,73세,중상
2013090500100350,2013년 9월 5일 16시,목요일,인천광역시 서구 가좌동,경상사고,0,0,1,0,차대차 - 측면직각충돌,교차로운행방법위반,건조,맑음,단일로 - 기타,승용,남,71세,상해없음,승용,남,34세,경상
2013090500100351,2013년 9월 5일 16시,목요일,인천광역시 계양구 서운동,경상사고,0,0,1,0,차대차 - 측면직각충돌,안전거리미확보,건조,맑음,단일로 - 기타,화물,남,28세,상해없음,승용,남,56세,상해없음
2013090500100389,2013년 9월 5일 17시,목요일,인천광역시 남구 학익동,중상사고,0,1,0,0,차량단독 - 기타,기타,건조,맑음,교차로 - 교차로안,승합,남,61세,상해없음,,,,
2013090500100390,2013년 9월 5일 17시,목요일,인천광역시 남동구 구월동,중상사고,0,1,0,0,차대사람 - 보도통행중,보행자보호의무위반,건조,맑음,단일로 - 기타,승용,남,34세,상해없음,보행자,여,66세,중상
2013090500100391,2013년 9월 5일 17시,목요일,인천광역시 부평구 부평동,중상사고,0,1,0,0,차대차 - 측면직각충돌,안전운전불이행,건조,맑음,교차로 - 교차로부근,화물,남,35세,상해없음,자전거,남,61세,중상
2013090500100457,2013년 9월 5일 19시,목요일,인천광역시 중구 신흥동2가,경상사고,0,0,1,0,차대사람 - 기타,안전운전불이행,건조,맑음,교차로 - 교차로안,승용,남,25세,상해없음,보행자,남,76세,경상
2013090500100458,2013년 9월 5일 19시,목요일,인천광역시 부평구 삼산동,중상사고,0,1,0,0,차량단독 - 공작물충돌,안전운전불이행,건조,맑음,단일로 - 기타,자전거,남,12세,중상,,,,
2013090500100496,2013년 9월 5일 20시,목요일,인천광역시 서구 원당동,중상사고,0,1,0,0,차대사람 - 기타,보행자보호의무위반,건조,맑음,단일로 - 횡단보도상,이륜,기타불명,기타불명,기타불명,보행자,남,42세,중상
2013090500100526,2013년 9월 5일 21시,목요일,인천광역시 연수구 송도동,경상사고,0,0,2,1,차대차 - 기타,안전운전불이행,건조,맑음,교차로 - 교차로안,승용,여,43세,상해없음,승합,남,58세,상해없음
2013090500100550,2013년 9월 5일 22시,목요일,인천광역시 동구 화수동,경상사고,0,0,1,0,차대차 - 기타,안전운전불이행,건조,맑음,교차로 - 교차로부근,화물,남,39세,상해없음,승용,남,58세,경상
2013090500100551,2013년 9월 5일 22시,목요일,인천광역시 중구 항동2가,중상사고,0,1,0,0,차대차 - 측면직각충돌,신호위반,건조,맑음,교차로 - 교차로안,승용,남,27세,상해없음,승용,여,48세,중상
2013090500100576,2013년 9월 5일 23시,목요일,인천광역시 계양구 병방동,중상사고,0,2,0,0,차대차 - 추돌 - 주정차중,안전운전불이행,건조,맑음,단일로 - 기타,화물,남,54세,상해없음,승용,남,28세,중상
2013090600100014,2013년 9월 6일 00시,금요일,인천광역시 남동구 만수동,중상사고,0,1,0,0,차량단독 - 기타,안전운전불이행,건조,맑음,단일로 - 기타,승합,남,56세,상해없음,,,,
2013090600100026,2013년 9월 6일 01시,금요일,인천광역시 남구 주안동,중상사고,0,1,0,0,차량단독 - 전도전복,안전운전불이행,건조,맑음,단일로 - 터널,승용,남,50세,중상,,,,
2013090600100104,2013년 9월 6일 07시,금요일,인천광역시 남동구 간석동,경상사고,0,0,1,0,차대차 - 측면직각충돌,안전거리미확보,건조,맑음,기타 - 기타,승용,남,43세,상해없음,승용,남,44세,경상
2013090600100146,2013년 9월 6일 08시,금요일,인천광역시 부평구 부평동,중상사고,0,1,0,0,차대사람 - 기타,안전운전불이행,건조,맑음,단일로 - 기타,승용,남,52세,상해없음,보행자,여,28세,중상
2013090600100211,2013년 9월 6일 10시,금요일,인천광역시 중구 항동7가,경상사고,0,0,1,0,차대차 - 추돌 - 진행중,안전거리미확보,건조,맑음,단일로 - 기타,특수,남,49세,상해없음,승용,남,50세,경상
2013090600100212,2013년 9월 6일 10시,금요일,인천광역시 중구 운서동,경상사고,0,0,1,0,차대차 - 추돌 - 진행중,안전운전불이행,건조,맑음,단일로 - 기타,승용,남,60세,상해없음,승용,여,44세,경상
2013090600100213,2013년 9월 6일 10시,금요일,인천광역시 부평구 십정동,경상사고,0,0,1,0,차대차 - 기타,안전운전불이행,건조,맑음,단일로 - 기타,화물,남,42세,상해없음,자전거,여,23세,경상
2013090600100245,2013년 9월 6일 11시,금요일,인천광역시 계양구 계산동,경상사고,0,0,1,0,차대차 - 측면직각충돌,안전운전불이행,건조,맑음,단일로 - 기타,승용,여,26세,상해없음,승용,남,54세,경상
2013090600100265,2013년 9월 6일 12시,금요일,인천광역시 남동구 남촌동,중상사고,0,1,0,0,차대사람 - 횡단중,안전운전불이행,건조,맑음,단일로 - 기타,승용,기타불명,기타불명,기타불명,보행자,여,59세,중상
2013090600100295,2013년 9월 6일 13시,금요일,인천광역시 남동구 간석동,경상사고,0,0,1,0,차대차 - 기타,안전거리미확보,건조,맑음,단일로 - 기타,화물,남,30세,상해없음,승용,남,53세,경상
2013090600100342,2013년 9월 6일 14시,금요일,인천광역시 중구 북성동1가,경상사고,0,0,2,0,차대차 - 추돌 - 주정차중,안전운전불이행,건조,흐림,미분류 - 미분류,화물,남,47세,경상,화물,남,62세,경상
2013090600100343,2013년 9월 6일 14시,금요일,인천광역시 서구 당하동,경상사고,0,0,1,0,차대차 - 측면직각충돌,안전운전불이행,건조,맑음,단일로 - 기타,승용,남,36세,상해없음,승용,여,40세,경상
2013090600100483,2013년 9월 6일 18시,금요일,인천광역시 남구 주안동,경상사고,0,0,1,0,차대차 - 측면직각충돌,안전거리미확보,건조,맑음,단일로 - 기타,승용,남,30세,상해없음,자전거,남,54세,경상
2013090600100484,2013년 9월 6일 18시,금요일,인천광역시 부평구 십정동,경상사고,0,0,1,0,차대차 - 측면직각충돌,안전운전불이행,건조,맑음,교차로 - 교차로안,승용,남,48세,기타불명,승용,남,34세,경상
2013090600100485,2013년 9월 6일 18시,금요일,인천광역시 남동구 논현동,중상사고,0,1,0,0,차대차 - 측면직각충돌,중앙선침범,건조,맑음,단일로 - 기타,승용,남,50세,상해없음,승용,여,41세,중상
2013090600100536,2013년 9월 6일 19시,금요일,인천광역시 남구 숭의동,경상사고,0,0,2,0,차대차 - 추돌 - 진행중,안전운전불이행,건조,맑음,교차로 - 교차로안,이륜,남,47세,상해없음,승용,남,31세,경상
2013090600100537,2013년 9월 6일 19시,금요일,인천광역시 남구 학익동,경상사고,0,0,1,0,차대차 - 추돌 - 진행중,안전운전불이행,건조,맑음,교차로 - 교차로안,승용,여,42세,상해없음,승합,남,33세,경상
2013090600100538,2013년 9월 6일 19시,금요일,인천광역시 남동구 간석동,경상사고,0,0,1,0,차대차 - 측면직각충돌,안전거리미확보,건조,맑음,단일로 - 기타,화물,남,74세,상해없음,승용,남,60세,경상
2013090600100539,2013년 9월 6일 19시,금요일,인천광역시 서구 왕길동,경상사고,0,0,1,0,차대차 - 측면직각충돌,안전운전불이행,건조,맑음,단일로 - 기타,승용,여,58세,상해없음,승합,남,32세,경상
2013090600100584,2013년 9월 6일 20시,금요일,인천광역시 서구 석남동,경상사고,0,0,2,0,차대차 - 추돌 - 주정차중,안전운전불이행,건조,맑음,교차로 - 교차로부근,승용,남,37세,상해없음,승용,남,39세,경상
2013090600100585,2013년 9월 6일 20시,금요일,인천광역시 서구 석남동,중상사고,0,1,1,2,차대차 - 측면직각충돌,안전운전불이행,건조,맑음,교차로 - 교차로부근,승용,남,37세,상해없음,승합,남,46세,경상
2013090600100663,2013년 9월 6일 22시,금요일,인천광역시 남동구 구월동,중상사고,0,2,0,0,차대차 - 추돌 - 주정차중,안전운전불이행,건조,맑음,단일로 - 기타,승용,남,49세,상해없음,승용,남,24세,중상
2013090600100664,2013년 9월 6일 22시,금요일,인천광역시 서구 검암동,경상사고,0,0,1,0,차대차 - 기타,안전거리미확보,건조,맑음,교차로 - 교차로부근,승합,남,54세,상해없음,승용,남,50세,경상
2013090600100698,2013년 9월 6일 23시,금요일,인천광역시 남구 도화동,경상사고,0,0,2,0,차대차 - 추돌 - 주정차중,안전운전불이행,건조,맑음,단일로 - 기타,승용,남,29세,상해없음,승용,남,37세,경상
2013090700100023,2013년 9월 7일 00시,토요일,인천광역시 남동구 구월동,중상사고,0,1,0,0,차대차 - 추돌 - 진행중,중앙선침범,건조,맑음,단일로 - 기타,승용,남,58세,상해없음,승용,남,32세,중상
2013090700100024,2013년 9월 7일 00시,토요일,인천광역시 계양구 용종동,부상신고사고,0,0,0,1,차대사람 - 기타,안전운전불이행,건조,흐림,단일로 - 기타,승용,남,40세,상해없음,보행자,남,31세,부상신고
2013090700100045,2013년 9월 7일 01시,토요일,인천광역시 서구 석남동,경상사고,0,0,1,0,차대차 - 추돌 - 진행중,안전운전불이행,건조,맑음,단일로 - 기타,원동기,남,24세,상해없음,승용,남,50세,경상
2013090700100077,2013년 9월 7일 03시,토요일,인천광역시 남동구 고잔동,중상사고,0,1,1,0,차대차 - 측면직각충돌,신호위반,건조,맑음,교차로 - 교차로안,화물,남,43세,중상,화물,남,38세,경상
2013090700100106,2013년 9월 7일 05시,토요일,인천광역시 동구 송림동,중상사고,0,1,0,0,차대사람 - 횡단중,안전운전불이행,건조,맑음,교차로 - 교차로부근,승용,남,46세,상해없음,보행자,남,54세,중상
2013090700100107,2013년 9월 7일 05시,토요일,인천광역시 동구 송림동,중상사고,0,1,1,0,차대차 - 측면직각충돌,신호위반,건조,맑음,교차로 - 교차로안,승용,남,41세,경상,승용,남,60세,중상
2013090700100108,2013년 9월 7일 05시,토요일,인천광역시 중구 사동,경상사고,0,0,3,0,차대차 - 측면직각충돌,신호위반,건조,맑음,교차로 - 교차로안,승용,남,27세,상해없음,승용,남,32세,경상
2013090700100123,2013년 9월 7일 06시,토요일,인천광역시 남동구 구월동,경상사고,0,0,3,0,차대차 - 측면직각충돌,안전운전불이행,건조,맑음,교차로 - 교차로부근,승용,남,35세,상해없음,화물,남,56세,경상