사고번호,사고일시,요일,시군구,사고내용,사망자수,중상자수,경상자수,부상신고자수,사고유형,법규위반,노면상태,기상상태,도로형태,가해운전자 차종,가해운전자 성별,가해운전자 연령,가해운전자 상해정도,피해운전자 차종,피해운전자 성별,피해운전자 연령,피해운전자 상해정도
2013090700100151,2013년 9월 7일 08시,토요일,인천광역시 계양구 작전동,중상사고,0,1,0,0,차대사람 - 횡단중,신호위반,건조,맑음,교차로 - 교차로안,승용,남,55세,상해없음,보행자,여,48세,중상
2013090700100152,2013년 9월 7일 08시,토요일,인천광역시 부평구 부개동,경상사고,0,0,2,0,차대차 - 측면직각충돌,신호위반,건조,맑음,교차로 - 교차로부근,승용,남,68세,상해없음,승용,남,52세,경상
2013090700100182,2013년 9월 7일 09시,토요일,인천광역시 남동구 간석동,경상사고,0,0,2,0,차대차 - 추돌 - 진행중,안전운전불이행,건조,맑음,교차로 - 교차로부근,승용,남,22세,상해없음,승용,남,22세,경상
2013090700100216,2013년 9월 7일 10시,토요일,인천광역시 부평구 청천동,경상사고,0,0,1,0,차대차 - 추돌 - 주정차중,안전운전불이행,건조,맑음,단일로 - 기타,승용,남,41세,상해없음,화물,남,32세,경상
2013090700100217,2013년 9월 7일 10시,토요일,인천광역시 서구 검암동,중상사고,0,1,0,0,차대차 - 기타,신호위반,건조,맑음,단일로 - 기타,승용,남,44세,상해없음,자전거,남,37세,중상
2013090700100285,2013년 9월 7일 12시,토요일,인천광역시 남구 용현동,경상사고,0,0,1,0,차대사람 - 길가장자리구역통행중,안전운전불이행,건조,맑음,단일로 - 기타,승용,여,50세,상해없음,보행자,남,11세,경상
2013090700100286,2013년 9월 7일 12시,토요일,인천광역시 남구 주안동,경상사고,0,0,4,0,차대차 - 추돌 - 주정차중,안전운전불이행,건조,맑음,단일로 - 기타,승합,여,71세,상해없음,승용,남,53세,경상
2013090700100287,2013년 9월 7일 12시,토요일,인천광역시 부평구 십정동,경상사고,0,0,1,0,차대차 - 기타,안전운전불이행,건조,맑음,단일로 - 교량,승용,남,67세,상해없음,승용,남,39세,경상
2013090700100288,2013년 9월 7일 12시,토요일,인천광역시 부평구 갈산동,경상사고,0,0,4,0,차대차 - 측면직각충돌,중앙선침범,건조,맑음,단일로 - 기타,승용,남,33세,상해없음,승용,남,33세,경상
2013090700100360,2013년 9월 7일 14시,토요일,인천광역시 남구 주안동,경상사고,0,0,1,0,차대차 - 기타,교차로운행방법위반,건조,맑음,교차로 - 교차로안,승용,남,44세,상해없음,자전거,남,14세,경상
2013090700100361,2013년 9월 7일 14시,토요일,인천광역시 강화군 하점면,중상사고,0,2,0,0,차대차 - 정면충돌,중앙선침범,건조,맑음,단일로 - 기타,승용,남,27세,중상,건설기계,남,56세,중상
2013090700100437,2013년 9월 7일 16시,토요일,인천광역시 부평구 부평동,경상사고,0,0,1,0,차대차 - 기타,안전운전불이행,건조,맑음,교차로 - 교차로부근,화물,남,58세,상해없음,승용,여,58세,경상
2013090700100469,2013년 9월 7일 17시,토요일,인천광역시 계양구 작전동,경상사고,0,0,5,0,차대차 - 측면직각충돌,안전거리미확보,건조,맑음,단일로 - 기타,승용,여,26세,상해없음,승용,남,68세,경상
2013090700100545,2013년 9월 7일 19시,토요일,인천광역시 남구 주안동,경상사고,0,0,1,0,차대사람 - 기타,안전운전불이행,건조,맑음,단일로 - 횡단보도상,승용,기타불명,기타불명,기타불명,보행자,남,32세,경상
2013090700100546,2013년 9월 7일 19시,토요일,인천광역시 계양구 하야동,경상사고,0,0,1,0,차대차 - 추돌 - 주정차중,안전운전불이행,건조,맑음,단일로 - 기타,승용,여,30세,상해없음,승용,남,46세,경상
2013090700100582,2013년 9월 7일 20시,토요일,인천광역시 부평구 부개동,경상사고,0,0,4,0,차대차 - 측면직각충돌,신호위반,건조,맑음,교차로 - 교차로안,승용,남,53세,상해없음,승용,남,34세,경상
2013090700100612,2013년 9월 7일 21시,토요일,인천광역시 옹진군 영흥면,경상사고,0,0,3,0,차대차 - 기타,안전운전불이행,건조,맑음,단일로 - 기타,승용,남,57세,상해없음,승용,남,32세,경상
2013090700100613,2013년 9월 7일 21시,토요일,인천광역시 남동구 구월동,경상사고,0,0,1,0,차대차 - 추돌 - 진행중,안전거리미확보,건조,맑음,교차로 - 교차로안,승용,남,32세,상해없음,승용,여,31세,경상
2013090700100614,2013년 9월 7일 21시,토요일,인천광역시 서구 석남동,중상사고,0,2,3,0,차대차 - 측면직각충돌,안전운전불이행,건조,맑음,교차로 - 교차로안,승용,남,33세,상해없음,승용,남,53세,상해없음
2013090700100637,2013년 9월 7일 22시,토요일,인천광역시 남동구 남촌동,경상사고,0,0,1,0,차대차 - 추돌 - 진행중,안전운전불이행,건조,맑음,교차로 - 교차로부근,화물,남,20세,상해없음,승용,남,34세,경상
2013090800100024,2013년 9월 8일 00시,일요일,인천광역시 계양구 계산동,경상사고,0,0,1,0,차대사람 - 보도통행중,신호위반,건조,맑음,교차로 - 교차로안,화물,남,24세,상해없음,보행자,남,26세,경상
2013090800100040,2013년 9월 8일 01시,일요일,인천광역시 서구 검암동,부상신고사고,0,0,0,1,차대사람 - 기타,안전운전불이행,건조,맑음,단일로 - 기타,기타불명,기타불명,기타불명,기타불명,보행자,여,21세,부상신고
2013090800100041,2013년 9월 8일 01시,일요일,인천광역시 계양구 상야동,중상사고,0,2,1,0,차대차 - 추돌 - 진행중,안전운전불이행,건조,맑음,단일로 - 기타,승용,남,21세,상해없음,승용,남,29세,경상
2013090800100058,2013년 9월 8일 02시,일요일,인천광역시 동구 송현동,경상사고,0,0,1,0,차대차 - 측면직각충돌,안전운전불이행,건조,맑음,단일로 - 기타,승용,남,34세,기타불명,승용,남,47세,경상
2013090800100074,2013년 9월 8일 03시,일요일,인천광역시 서구 마전동,중상사고,0,2,0,0,차대차 - 측면직각충돌,신호위반,건조,맑음,단일로 - 기타,승용,남,28세,상해없음,승용,남,59세,중상
2013090800100075,2013년 9월 8일 03시,일요일,인천광역시 서구 석남동,중상사고,0,1,0,0,차대사람 - 횡단중,안전운전불이행,건조,맑음,단일로 - 기타,승용,남,38세,상해없음,보행자,남,67세,중상
2013090800100103,2013년 9월 8일 05시,일요일,인천광역시 남동구 장수동,중상사고,0,1,0,0,차대차 - 추돌 - 진행중,안전운전불이행,건조,맑음,교차로 - 교차로안,이륜,남,50세,중상,화물,남,54세,상해없음
2013090800100198,2013년 9월 8일 10시,일요일,인천광역시 서구 공촌동,중상사고,0,1,0,0,차대사람 - 기타,안전운전불이행,건조,맑음,단일로 - 기타,승용,남,41세,상해없음,보행자,여,72세,중상
2013090800100214,2013년 9월 8일 11시,일요일,인천광역시 남동구 구월동,경상사고,0,0,1,0,차대차 - 기타,안전운전불이행,건조,맑음,단일로 - 기타,이륜,남,18세,경상,승용,남,65세,상해없음
2013090800100233,2013년 9월 8일 12시,일요일,인천광역시 서구 석남동,중상사고,0,1,0,0,차대차 - 기타,신호위반,건조,맑음,교차로 - 교차로안,승용,여,40세,상해없음,이륜,남,61세,중상
2013090800100260,2013년 9월 8일 13시,일요일,인천광역시 서구 연희동,경상사고,0,0,1,0,차대차 - 기타,안전운전불이행,건조,맑음,단일로 - 기타,승용,남,48세,상해없음,승용,여,45세,경상
2013090800100261,2013년 9월 8일 13시,일요일,인천광역시 계양구 작전동,경상사고,0,0,1,0,차대사람 - 횡단중,보행자보호의무위반,건조,맑음,교차로 - 교차로안,화물,남,52세,상해없음,보행자,여,53세,경상
2013090800100317,2013년 9월 8일 15시,일요일,인천광역시 중구 항동7가,경상사고,0,0,4,0,차대차 - 추돌 - 진행중,안전운전불이행,건조,맑음,교차로 - 교차로부근,승용,남,24세,상해없음,승용,남,48세,경상
2013090800100318,2013년 9월 8일 15시,일요일,인천광역시 남구 문학동,중상사고,0,1,0,0,차대차 - 기타,안전운전불이행,건조,맑음,단일로 - 기타,승용,남,41세,상해없음,원동기,남,29세,중상
2013090800100319,2013년 9월 8일 15시,일요일,인천광역시 강화군 길상면,사망사고,1,0,0,0,차량단독 - 전도전복,안전운전불이행,건조,맑음,단일로 - 기타,승용,남,55세,사망,,,,
2013090800100345,2013년 9월 8일 16시,일요일,인천광역시 중구 항동7가,중상사고,0,1,0,0,차대사람 - 길가장자리구역통행중,안전운전불이행,건조,맑음,교차로 - 교차로안,승용,남,41세,상해없음,보행자,남,77세,중상
2013090800100346,2013년 9월 8일 16시,일요일,인천광역시 서구 석남동,경상사고,0,0,1,0,차대사람 - 기타,불법유턴,건조,맑음,단일로 - 기타,승용,여,32세,상해없음,보행자,여,55세,경상
2013090800100409,2013년 9월 8일 18시,일요일,인천광역시 남동구 구월동,중상사고,0,1,0,0,차대사람 - 횡단중,안전운전불이행,건조,맑음,교차로 - 교차로부근,이륜,남,29세,상해없음,보행자,남,67세,중상
2013090800100448,2013년 9월 8일 19시,일요일,인천광역시 부평구 부평동,부상신고사고,0,0,0,1,차대차 - 측면직각충돌,차로위반,건조,맑음,교차로 - 교차로안,승용,남,23세,상해없음,승용,남,58세,부상신고
2013090800100525,2013년 9월 8일 22시,일요일,인천광역시 서구 석남동,경상사고,0,0,1,0,차대사람 - 기타,안전운전불이행,건조,맑음,단일로 - 기타,승용,여,49세,상해없음,보행자,남,16세,경상
2013090800100544,2013년 9월 8일 23시,일요일,인천광역시 부평구 청천동,중상사고,0,1,0,0,차대차 - 기타,안전운전불이행,건조,맑음,단일로 - 기타,기타불명,기타불명,기타불명,기타불명,자전거,남,33세,중상
2013090900100008,2013년 9월 9일 00시,월요일,인천광역시 부평구 부평동,중상사고,0,1,0,0,차대사람 - 기타,안전운전불이행,건조,맑음,교차로 - 교차로안,기타불명,기타불명,기타불명,기타불명,보행자,여,32세,중상
2013090900100017,2013년 9월 9일 01시,월요일,인천광역시 남동구 간석동,경상사고,0,0,1,0,차대차 - 기타,안전운전불이행,건조,맑음,교차로 - 교차로부근,승용,남,48세,상해없음,승용,남,32세,기타불명
2013090900100032,2013년 9월 9일 03시,월요일,인천광역시 부평구 부평동,중상사고,0,1,0,0,차대사람 - 기타,안전운전불이행,건조,맑음,교차로 - 교차로안,승용,남,20세,상해없음,보행자,남,25세,중상
2013090900100055,2013년 9월 9일 06시,월요일,인천광역시 남동구 장수동,부상신고사고,0,0,0,1,차대차 - 추돌 - 주정차중,안전운전불이행,건조,맑음,단일로 - 기타,화물,남,45세,부상신고,화물,남,43세,상해없음
2013090900100082,2013년 9월 9일 07시,월요일,인천광역시 남구 주안동,경상사고,0,0,1,0,차대사람 - 기타,안전운전불이행,건조,맑음,교차로 - 교차로안,승용,남,56세,상해없음,보행자,남,51세,경상
2013090900100083,2013년 9월 9일 07시,월요일,인천광역시 부평구 삼산동,경상사고,0,0,2,0,차대차 - 측면직각충돌,교차로운행방법위반,건조,맑음,교차로 - 교차로안,승용,여,45세,경상,화물,남,42세,경상
2013090900100147,2013년 9월 9일 09시,월요일,인천광역시 남동구 구월동,중상사고,0,1,0,0,차대차 - 추돌 - 주정차중,기타,건조,맑음,단일로 - 기타,승용,여,49세,상해없음,자전거,남,35세,중상
2013090900100148,2013년 9월 9일 09시,월요일,인천광역시 서구 당하동,중상사고,0,1,0,0,차대사람 - 기타,안전운전불이행,건조,맑음,교차로 - 교차로안,화물,남,27세,상해없음,보행자,남,4세,중상
2013090900100149,2013년 9월 9일 09시,월요일,인천광역시 강화군 강화읍,중상사고,0,1,0,0,차대사람 - 기타,안전운전불이행,건조,맑음,기타 - 기타,화물,남,32세,상해없음,보행자,남,51세,중상
2013090900100196,2013년 9월 9일 11시,월요일,인천광역시 강화군 길상면,중상사고,0,2,1,0,차대차 - 측면직각충돌,안전운전불이행,건조,맑음,교차로 - 교차로안,승용,남,40세,상해없음,승용,남,61세,중상
2013090900100223,2013년 9월 9일 12시,월요일,인천광역시 부평구 부평동,중상사고,0,1,0,0,차대차 - 기타,안전운전불이행,건조,맑음,단일로 - 기타,승합,남,47세,상해없음,원동기,남,31세,중상
2013090900100253,2013년 9월 9일 13시,월요일,인천광역시 옹진군 영흥면,경상사고,0,0,1,0,차대차 - 기타,안전운전불이행,건조,맑음,단일로 - 기타,승용,남,72세,상해없음,승용,여,37세,경상
2013090900100254,2013년 9월 9일 13시,월요일,인천광역시 부평구 삼산동,중상사고,0,3,1,0,차대차 - 기타,안전운전불이행,건조,맑음,교차로 - 교차로부근,승용,남,58세,상해없음,승용,남,49세,상해없음
2013090900100312,2013년 9월 9일 15시,월요일,인천광역시 남구 주안동,경상사고,0,0,1,0,차대차 - 측면직각충돌,안전운전불이행,건조,맑음,단일로 - 기타,승합,남,58세,상해없음,화물,남,33세,상해없음
2013090900100313,2013년 9월 9일 15시,월요일,인천광역시 서구 가정동,중상사고,0,1,0,0,차대사람 - 기타,교차로운행방법위반,건조,맑음,교차로 - 교차로안,승용,여,51세,상해없음,보행자,여,75세,중상
2013090900100355,2013년 9월 9일 16시,월요일,인천광역시 남구 학익동,경상사고,0,0,1,0,차대차 - 측면직각충돌,안전운전불이행,건조,맑음,단일로 - 기타,승용,남,62세,상해없음,승용,여,43세,상해없음
2013090900100356,2013년 9월 9일 16시,월요일,인천광역시 서구 검암동,경상사고,0,0,1,0,차대차 - 추돌 - 진행중,안전거리미확보,건조,맑음,단일로 - 기타,화물,남,54세,상해없음,승용,남,46세,경상
2013090900100357,2013년 9월 9일 16시,월요일,인천광역시 부평구 일신동,경상사고,0,0,1,0,차대사람 - 길가장자리구역통행중,안전운전불이행,건조,맑음,교차로 - 교차로부근,화물,남,56세,상해없음,보행자,남,12세,경상
2013090900100358,2013년 9월 9일 16시,월요일,인천광역시 부평구 서운동,경상사고,0,0,1,0,차대차 - 추돌 - 진행중,안전운전불이행,건조,맑음,단일로 - 기타,화물,남,51세,상해없음,승용,남,31세,경상
2013090900100387,2013년 9월 9일 17시,월요일,인천광역시 동구 송현동,경상사고,0,0,1,0,차대사람 - 횡단중,안전운전불이행,건조,맑음,교차로 - 교차로안,승용,남,47세,상해없음,보행자,여,18세,경상
2013090900100388,2013년 9월 9일 17시,월요일,인천광역시 중구 신흥동3가,경상사고,0,0,1,0,차대사람 - 횡단중,안전운전불이행,건조,맑음,교차로 - 교차로안,승용,남,63세,상해없음,보행자,여,47세,경상
2013090900100389,2013년 9월 9일 17시,월요일,인천광역시 연수구 연수동,중상사고,0,1,0,0,차대사람 - 횡단중,보행자보호의무위반,건조,맑음,단일로 - 횡단보도상,승용,여,57세,상해없음,보행자,여,17세,중상
2013090900100417,2013년 9월 9일 18시,월요일,인천광역시 남동구 구월동,중상사고,0,1,0,0,차대사람 - 기타,교차로운행방법위반,건조,맑음,교차로 - 교차로부근,승용,남,29세,상해없음,보행자,여,56세,중상
2013090900100418,2013년 9월 9일 18시,월요일,인천광역시 남동구 구월동,중상사고,0,1,0,0,차대차 - 측면직각충돌,교차로운행방법위반,건조,맑음,교차로 - 교차로안,승용,남,40세,상해없음,승용,여,53세,중상
2013090900100419,2013년 9월 9일 18시,월요일,인천광역시 서구 경서동,경상사고,0,0,1,0,차대사람 - 횡단중,보행자보호의무위반,건조,맑음,교차로 - 교차로안,승용,남,68세,상해없음,보행자,여,33세,경상
2013090900100456,2013년 9월 9일 19시,월요일,인천광역시 서구 시천동,중상사고,0,1,0,0,차대차 - 추돌 - 진행중,안전운전불이행,건조,흐림,교차로 - 교차로안,자전거,남,59세,중상,자전거,남,49세,상해없음
2013090900100457,2013년 9월 9일 19시,월요일,인천광역시 계양구 용종동,경상사고,0,0,1,0,차대차 - 측면직각충돌,보행자보호의무위반,건조,맑음,단일로 - 횡단보도상,화물,남,34세,상해없음,자전거,남,5세,경상
2013090900100488,2013년 9월 9일 20시,월요일,인천광역시 서구 석남동,경상사고,0,0,1,0,차대차 - 추돌 - 진행중,안전운전불이행,건조,맑음,단일로 - 기타,승용,여,38세,상해없음,승용,여,33세,경상
2013090900100525,2013년 9월 9일 21시,월요일,인천광역시 남구 주안동,경상사고,0,0,2,0,차대차 - 추돌 - 주정차중,안전운전불이행,건조,맑음,단일로 - 기타,승합,남,54세,상해없음,승용,남,49세,경상
2013090900100526,2013년 9월 9일 21시,월요일,인천광역시 남동구 구월동,중상사고,0,1,5,0,차대차 - 추돌 - 주정차중,안전거리미확보,건조,맑음,단일로 - 기타,승용,남,45세,상해없음,승용,남,49세,경상
2013090900100556,2013년 9월 9일 22시,월요일,인천광역시 남구 도화동,중상사고,0,1,1,0,차대차 - 기타,안전거리미확보,건조,맑음,교차로 - 교차로안,승용,남,55세,상해없음,승용,남,50세,상해없음
2013090900100576,2013년 9월 9일 23시,월요일,인천광역시 남구 주안동,경상사고,0,0,1,0,차대차 - 기타,안전운전불이행,건조,맑음,교차로 - 교차로안,승용,남,32세,상해없음,승용,남,52세,경상
2013091000100021,2013년 9월 10일 00시,화요일,인천광역시 남동구 만수동,경상사고,0,0,1,0,차대사람 - 횡단중,보행자보호의무위반,건조,맑음,교차로 - 교차로부근,승용,남,51세,상해없음,보행자,남,41세,경상
2013091000100022,2013년 9월 10일 00시,화요일,인천광역시 부평구 부평동,사망사고,1,0,0,0,차대사람 - 횡단중,안전운전불이행,건조,맑음,교차로 - 교차로부근,승용,남,58세,상해없음,보행자,여,74세,사망
2013091000100038,2013년 9월 10일 01시,화요일,인천광역시 남구 학익동,경상사고,0,0,2,0,차대차 - 기타,안전운전불이행,건조,맑음,교차로 - 교차로부근,승용,남,40세,상해없음,승용,남,23세,경상
2013091000100039,2013년 9월 10일 01시,화요일,인천광역시 남구 숭의동,경상사고,0,0,1,0,차대사람 - 차도통행중,안전운전불이행,습기,비,단일로 - 기타,화물,남,35세,상해없음,보행자,남,62세,경상
2013091000100048,2013년 9월 10일 02시,화요일,인천광역시 부평구 부평동,중상사고,0,1,0,0,차대사람 - 기타,신호위반,건조,맑음,단일로 - 횡단보도상,승용,남,61세,상해없음,보행자,남,41세,중상
2013091000100049,2013년 9월 10일 02시,화요일,인천광역시 남동구 구월동,경상사고,0,0,1,0,차대차 - 추돌 - 주정차중,안전거리미확보,건조,맑음,기타 - 기타,승합,남,37세,상해없음,승용,남,59세,경상
2013091000100065,2013년 9월 10일 04시,화요일,인천광역시 서구 공촌동,중상사고,0,1,0,0,차대차 - 측면직각충돌,신호위반,건조,흐림,교차로 - 교차로안,승용,남,61세,기타불명,승용,남,66세,중상
2013091000100071,2013년 9월 10일 05시,화요일,인천광역시 남구 문학동,중상사고,0,1,0,0,차대차 - 기타,안전운전불이행,건조,맑음,단일로 - 기타,화물,남,55세,상해없음,이륜,남,18세,중상
2013091000100109,2013년 9월 10일 07시,화요일,인천광역시 계양구 작전동,경상사고,0,0,3,0,차대차 - 측면직각충돌,안전운전불이행,건조,맑음,단일로 - 기타,승용,여,19세,경상,승용,남,52세,경상
2013091000100145,2013년 9월 10일 08시,화요일,인천광역시 남동구 구월동,경상사고,0,0,1,0,차대차 - 기타,신호위반,건조,맑음,단일로 - 횡단보도부근,승용,여,45세,상해없음,이륜,여,29세,경상
2013091000100175,2013년 9월 10일 09시,화요일,인천광역시 남구 주안동,중상사고,0,1,0,0,차대사람 - 기타,안전운전불이행,습기,비,교차로 - 교차로부근,승용,남,55세,상해없음,보행자,남,56세,중상
2013091000100221,2013년 9월 10일 11시,화요일,인천광역시 서구 가좌동,중상사고,0,1,0,0,차대사람 - 횡단중,안전운전불이행,건조,맑음,단일로 - 기타,승용,남,43세,상해없음,보행자,남,48세,중상
2013091000100238,2013년 9월 10일 12시,화요일,인천광역시 남구 숭의동,경상사고,0,0,2,0,차대차 - 기타,신호위반,습기,비,교차로 - 교차로안,승용,남,53세,상해없음,원동기,남,21세,경상
2013091000100388,2013년 9월 10일 17시,화요일,인천광역시 남구 문학동,경상사고,0,0,1,0,차대차 - 정면충돌,교차로운행방법위반,습기,비,교차로 - 교차로안,승용,남,33세,상해없음,이륜,남,49세,경상
2013091000100389,2013년 9월 10일 17시,화요일,인천광역시 남동구 구월동,경상사고,0,0,1,0,차대차 - 측면직각충돌,안전거리미확보,건조,맑음,단일로 - 기타,승용,남,71세,상해없음,승용,여,50세,경상
2013091000100390,2013년 9월 10일 17시,화요일,인천광역시 연수구 송도동,중상사고,0,1,0,0,차대사람 - 기타,안전운전불이행,습기,비,단일로 - 기타,승용,여,54세,상해없음,보행자,남,15세,중상
2013091000100432,2013년 9월 10일 18시,화요일,인천광역시 계양구 작전동,중상사고,0,1,0,0,차대사람 - 횡단중,보행자보호의무위반,습기,비,단일로 - 횡단보도상,원동기,남,16세,상해없음,보행자,남,52세,중상
2013091000100486,2013년 9월 10일 19시,화요일,인천광역시 남구 숭의동,경상사고,0,0,4,0,차대차 - 측면직각충돌,신호위반,습기,비,교차로 - 교차로안,승용,남,52세,상해없음,승용,남,38세,경상
2013091000100487,2013년 9월 10일 19시,화요일,인천광역시 남동구 장수동,경상사고,0,0,1,0,차대차 - 측면직각충돌,안전거리미확보,습기,비,단일로 - 교량,화물,남,31세,상해없음,승용,남,51세,경상
2013091000100488,2013년 9월 10일 19시,화요일,인천광역시 계양구 효성동,경상사고,0,0,1,0,차대차 - 측면직각충돌,교차로운행방법위반,습기,비,교차로 - 교차로안,승용,남,49세,상해없음,승용,여,59세,기타불명
2013091000100489,2013년 9월 10일 19시,화요일,인천광역시 연수구 옥련동,중상사고,0,1,0,0,차대차 - 측면직각충돌,안전거리미확보,습기,비,단일로 - 기타,승합,남,59세,상해없음,화물,여,51세,중상
2013091000100518,2013년 9월 10일 20시,화요일,인천광역시 중구 인현동,중상사고,0,1,0,0,차대차 - 기타,안전운전불이행,습기,비,교차로 - 교차로안,승용,남,49세,상해없음,승용,남,64세,중상
2013091000100519,2013년 9월 10일 20시,화요일,인천광역시 남구 주안동,중상사고,0,1,0,0,차대사람 - 횡단중,신호위반,습기,비,단일로 - 기타,승합,여,53세,상해없음,보행자,여,72세,중상
2013091000100520,2013년 9월 10일 20시,화요일,인천광역시 계양구 계산동,중상사고,0,1,0,0,차량단독 - 공작물충돌,기타,습기,비,단일로 - 기타,승합,남,55세,상해없음,,,,
2013091000100570,2013년 9월 10일 21시,화요일,인천광역시 서구 연희동,경상사고,0,0,1,0,차대차 - 기타,안전운전불이행,건조,맑음,기타 - 기타,화물,남,45세,상해없음,승용,남,31세,경상
2013091000100571,2013년 9월 10일 21시,화요일,인천광역시 서구 가정동,경상사고,0,0,2,0,차대차 - 측면직각충돌,안전운전불이행,습기,비,교차로 - 교차로안,승용,여,51세,상해없음,승용,남,51세,경상
2013091000100622,2013년 9월 10일 22시,화요일,인천광역시 중구 운서동,중상사고,0,1,1,0,차대차 - 기타,안전운전불이행,건조,맑음,단일로 - 기타,승용,남,46세,상해없음,승용,남,30세,경상
2013091000100623,2013년 9월 10일 22시,화요일,인천광역시 남동구 간석동,중상사고,0,1,0,0,차대차 - 추돌 - 주정차중,안전운전불이행,습기,비,교차로 - 교차로안,승용,남,46세,상해없음,원동기,남,34세,중상
2013091000100624,2013년 9월 10일 22시,화요일,인천광역시 남동구 운연동,경상사고,0,0,1,0,차대차 - 추돌 - 진행중,안전운전불이행,습기,비,교차로 - 교차로부근,승용,남,49세,상해없음,승용,여,24세,경상
2013091000100625,2013년 9월 10일 22시,화요일,인천광역시 계양구 작전동,경상사고,0,0,1,0,차대차 - 측면직각충돌,기타,습기,비,단일로 - 기타,승용,남,52세,상해없음,원동기,남,51세,경상
2013091000100626,2013년 9월 10일 22시,화요일,인천광역시 연수구 연수동,중상사고,0,2,2,0,차대차 - 기타,안전운전불이행,습기,비,교차로 - 교차로안,승용,남,51세,상해없음,승용,남,53세,경상
2013091100100012,2013년 9월 11일 00시,수요일,인천광역시 연수구 동춘동,중상사고,0,2,2,0,차대차 - 기타,안전거리미확보,습기,비,단일로 - 기타,승용,남,53세,상해없음,승합,남,33세,중상
2013091100100042,2013년 9월 11일 02시,수요일,인천광역시 계양구 계산동,중상사고,0,1,0,0,차대차 - 측면직각충돌,신호위반,습기,비,교차로 - 교차로안,승용,남,37세,상해없음,화물,남,38세,중상
2013091100100051,2013년 9월 11일 03시,수요일,인천광역시 남동구 간석동,중상사고,0,1,0,0,차대차 - 측면직각충돌,안전운전불이행,습기,비,교차로 - 교차로안,화물,남,45세,상해없음,이륜,남,19세,중상
2013091100100052,2013년 9월 11일 03시,수요일,인천광역시 부평구 일신동,중상사고,0,1,1,0,차대차 - 추돌 - 주정차중,안전운전불이행,습기,비,단일로 - 기타,화물,남,37세,상해없음,승용,남,45세,중상
2013091100100053,2013년 9월 11일 03시,수요일,인천광역시 부평구 일신동,중상사고,0,1,1,0,차대차 - 추돌 - 주정차중,안전운전불이행,습기,비,단일로 - 기타,화물,남,40세,상해없음,승용,남,45세,중상
2013091100100054,2013년 9월 11일 03시,수요일,인천광역시 부평구 일신동,경상사고,0,0,1,0,차량단독 - 공작물충돌,안전운전불이행,습기,비,단일로 - 기타,승용,남,45세,상해없음,,,,
2013091100100084,2013년 9월 11일 05시,수요일,인천광역시 연수구 연수동,경상사고,0,0,1,0,차대사람 - 기타,보행자보호의무위반,습기,비,교차로 - 교차로안,승용,남,22세,상해없음,보행자,남,50세,경상
2013091100100085,2013년 9월 11일 05시,수요일,인천광역시 연수구 동춘동,중상사고,0,1,0,0,차량단독 - 공작물충돌,안전운전불이행,건조,맑음,단일로 - 기타,승용,남,59세,상해없음,,,,
2013091100100161,2013년 9월 11일 08시,수요일,인천광역시 부평구 부평동,중상사고,0,1,0,0,차대차 - 추돌 - 주정차중,안전운전불이행,습기,비,단일로 - 기타,승용,기타불명,기타불명,기타불명,승용,여,44세,중상
2013091100100162,2013년 9월 11일 08시,수요일,인천광역시 서구 석남동,경상사고,0,0,1,0,차대사람 - 기타,안전운전불이행,건조,맑음,단일로 - 기타,승합,기타불명,기타불명,기타불명,보행자,여,33세,경상
2013091100100191,2013년 9월 11일 09시,수요일,인천광역시 남동구 구월동,중상사고,0,1,0,0,차대사람 - 기타,보행자보호의무위반,습기,비,교차로 - 교차로부근,화물,남,54세,상해없음,보행자,남,81세,중상
2013091100100220,2013년 9월 11일 10시,수요일,인천광역시 남동구 고잔동,중상사고,0,1,0,0,차대사람 - 차도통행중,중앙선침범,습기,비,교차로 - 교차로안,화물,남,47세,상해없음,보행자,남,47세,중상
2013091100100246,2013년 9월 11일 11시,수요일,인천광역시 중구 신흥동3가,경상사고,0,0,1,0,차대차 - 정면충돌,안전운전불이행,건조,맑음,단일로 - 기타,건설기계,남,31세,상해없음,화물,남,61세,경상
2013091100100344,2013년 9월 11일 15시,수요일,인천광역시 부평구 부평동,경상사고,0,0,1,0,차대차 - 기타,안전운전불이행,습기,비,단일로 - 기타,승합,여,54세,상해없음,이륜,남,42세,경상
2013091100100372,2013년 9월 11일 16시,수요일,인천광역시 남동구 간석동,경상사고,0,0,1,0,차대차 - 측면직각충돌,교차로운행방법위반,습기,흐림,교차로 - 교차로안,승용,남,52세,상해없음,승합,남,57세,상해없음
2013091100100412,2013년 9월 11일 17시,수요일,인천광역시 부평구 산곡동,중상사고,0,1,0,0,차대차 - 기타,교차로운행방법위반,건조,맑음,교차로 - 교차로안,승용,남,36세,상해없음,원동기,남,23세,중상
2013091100100413,2013년 9월 11일 17시,수요일,인천광역시 남동구 간석동,부상신고사고,0,0,0,1,차대차 - 추돌 - 주정차중,안전운전불이행,건조,맑음,단일로 - 기타,기타불명,기타불명,기타불명,기타불명,원동기,남,17세,부상신고
2013091100100564,2013년 9월 11일 22시,수요일,인천광역시 남구 학익동,경상사고,0,0,2,0,차대차 - 추돌 - 진행중,안전운전불이행,건조,맑음,단일로 - 기타,승용,남,33세,상해없음,화물,남,58세,경상