사고번호,사고일시,요일,시군구,사고내용,사망자수,중상자수,경상자수,부상신고자수,사고유형,법규위반,노면상태,기상상태,도로형태,가해운전자 차종,가해운전자 성별,가해운전자 연령,가해운전자 상해정도,피해운전자 차종,피해운전자 성별,피해운전자 연령,피해운전자 상해정도
2013091100100565,2013년 9월 11일 22시,수요일,인천광역시 남구 용현동,경상사고,0,0,2,0,차대차 - 추돌 - 진행중,안전운전불이행,건조,맑음,단일로 - 기타,승용,남,33세,상해없음,승용,남,53세,상해없음
2013091100100566,2013년 9월 11일 22시,수요일,인천광역시 남동구 고잔동,경상사고,0,0,2,0,차대차 - 기타,신호위반,건조,맑음,교차로 - 교차로안,승용,여,29세,상해없음,승용,남,56세,경상
2013091100100567,2013년 9월 11일 22시,수요일,인천광역시 남동구 논현동,중상사고,0,3,2,0,차대차 - 추돌 - 주정차중,안전거리미확보,건조,맑음,단일로 - 기타,승용,남,23세,상해없음,승용,여,39세,중상
2013091100100568,2013년 9월 11일 22시,수요일,인천광역시 계양구 상야동,경상사고,0,0,1,0,차대차 - 추돌 - 진행중,안전운전불이행,건조,흐림,단일로 - 기타,승용,남,59세,상해없음,승용,남,38세,상해없음
2013091100100597,2013년 9월 11일 23시,수요일,인천광역시 남구 용현동,중상사고,0,1,0,0,차대사람 - 기타,안전운전불이행,습기,흐림,단일로 - 횡단보도부근,승용,남,42세,상해없음,보행자,남,24세,중상
2013091200100018,2013년 9월 12일 00시,목요일,인천광역시 중구 운서동,중상사고,0,1,1,0,차대차 - 측면직각충돌,안전운전불이행,건조,맑음,교차로 - 교차로안,화물,남,68세,경상,승용,남,55세,중상
2013091200100031,2013년 9월 12일 01시,목요일,인천광역시 부평구 부개동,경상사고,0,0,1,0,차대차 - 추돌 - 진행중,안전운전불이행,건조,맑음,교차로 - 교차로부근,화물,남,50세,상해없음,이륜,남,31세,경상
2013091200100045,2013년 9월 12일 03시,목요일,인천광역시 계양구 서운동,경상사고,0,0,1,0,차대차 - 추돌 - 진행중,안전운전불이행,건조,흐림,단일로 - 기타,승용,남,35세,상해없음,승용,남,56세,경상
2013091200100169,2013년 9월 12일 09시,목요일,인천광역시 서구 왕길동,경상사고,0,0,2,0,차대차 - 기타,교차로운행방법위반,건조,맑음,교차로 - 교차로부근,승합,남,45세,상해없음,승용,여,54세,경상
2013091200100170,2013년 9월 12일 09시,목요일,인천광역시 서구 공촌동,경상사고,0,0,1,0,차대차 - 추돌 - 진행중,안전거리미확보,건조,맑음,단일로 - 기타,승용,여,53세,상해없음,승용,여,40세,경상
2013091200100196,2013년 9월 12일 10시,목요일,인천광역시 남구 주안동,경상사고,0,0,1,0,차대사람 - 차도통행중,안전운전불이행,건조,맑음,단일로 - 기타,승합,남,50세,기타불명,보행자,여,23세,경상
2013091200100224,2013년 9월 12일 11시,목요일,인천광역시 남동구 구월동,중상사고,0,1,0,0,차대사람 - 기타,기타,건조,맑음,단일로 - 기타,승합,여,58세,상해없음,보행자,여,66세,중상
2013091200100225,2013년 9월 12일 11시,목요일,인천광역시 서구 원당동,중상사고,0,1,0,0,차대차 - 기타,신호위반,건조,맑음,단일로 - 횡단보도상,승용,여,47세,상해없음,자전거,여,38세,중상
2013091200100244,2013년 9월 12일 12시,목요일,인천광역시 남구 학익동,경상사고,0,0,1,0,차대차 - 기타,안전운전불이행,건조,맑음,단일로 - 기타,승용,여,48세,상해없음,승용,남,40세,경상
2013091200100285,2013년 9월 12일 14시,목요일,인천광역시 남동구 구월동,경상사고,0,0,1,0,차대차 - 측면직각충돌,안전운전불이행,건조,맑음,단일로 - 기타,승용,남,56세,상해없음,승합,남,52세,경상
2013091200100286,2013년 9월 12일 14시,목요일,인천광역시 연수구 옥련동,사망사고,1,0,0,0,차대차 - 기타,안전운전불이행,건조,맑음,단일로 - 기타,특수,남,61세,상해없음,자전거,남,57세,사망
2013091200100350,2013년 9월 12일 16시,목요일,인천광역시 남동구 장수동,중상사고,0,2,0,1,차대차 - 추돌 - 진행중,교차로운행방법위반,건조,맑음,단일로 - 기타,건설기계,남,55세,부상신고,승용,여,64세,중상
2013091200100380,2013년 9월 12일 17시,목요일,인천광역시 동구 송현동,중상사고,0,1,0,0,차대사람 - 기타,안전운전불이행,건조,맑음,단일로 - 기타,승용,기타불명,기타불명,기타불명,보행자,남,58세,중상
2013091200100381,2013년 9월 12일 17시,목요일,인천광역시 부평구 십정동,중상사고,0,1,0,0,차대사람 - 기타,안전운전불이행,건조,맑음,단일로 - 기타,승합,남,52세,상해없음,보행자,여,16세,중상
2013091200100421,2013년 9월 12일 18시,목요일,인천광역시 서구 왕길동,중상사고,0,1,0,0,차대차 - 기타,안전운전불이행,건조,맑음,교차로 - 교차로부근,승용,기타불명,기타불명,기타불명,이륜,남,26세,중상
2013091200100471,2013년 9월 12일 19시,목요일,인천광역시 남구 도화동,경상사고,0,0,1,0,차대사람 - 횡단중,안전운전불이행,습기,비,단일로 - 기타,승용,남,25세,상해없음,보행자,여,58세,경상
2013091200100472,2013년 9월 12일 19시,목요일,인천광역시 부평구 부평동,경상사고,0,0,1,0,차대사람 - 횡단중,보행자보호의무위반,건조,맑음,단일로 - 기타,승용,여,44세,상해없음,보행자,남,52세,경상
2013091200100473,2013년 9월 12일 19시,목요일,인천광역시 부평구 청천동,경상사고,0,0,1,0,차대차 - 측면직각충돌,신호위반,건조,맑음,교차로 - 교차로안,승용,남,25세,상해없음,원동기,남,18세,경상
2013091200100474,2013년 9월 12일 19시,목요일,인천광역시 남동구 간석동,부상신고사고,0,0,0,1,차대차 - 측면직각충돌,안전운전불이행,건조,맑음,단일로 - 기타,이륜,남,29세,부상신고,승용,남,31세,상해없음
2013091200100475,2013년 9월 12일 19시,목요일,인천광역시 남동구 구월동,경상사고,0,0,1,0,차대차 - 측면직각충돌,안전운전불이행,건조,맑음,단일로 - 기타,승용,남,66세,상해없음,승용,남,50세,경상
2013091200100505,2013년 9월 12일 20시,목요일,인천광역시 남구 주안동,경상사고,0,0,3,0,차대차 - 추돌 - 진행중,안전운전불이행,습기,비,기타 - 기타,승용,남,42세,상해없음,승용,여,35세,경상
2013091200100506,2013년 9월 12일 20시,목요일,인천광역시 서구 검암동,경상사고,0,0,3,0,차대차 - 측면직각충돌,차로위반,습기,비,미분류 - 미분류,승용,여,43세,상해없음,승용,남,61세,경상
2013091200100538,2013년 9월 12일 21시,목요일,인천광역시 연수구 옥련동,중상사고,0,1,0,0,차대사람 - 횡단중,안전운전불이행,습기,비,교차로 - 교차로부근,화물,남,39세,상해없음,보행자,남,59세,중상
2013091200100539,2013년 9월 12일 21시,목요일,인천광역시 서구 가정동,중상사고,0,2,0,0,차대차 - 기타,안전거리미확보,습기,흐림,단일로 - 기타,승용,남,31세,상해없음,승용,남,26세,중상
2013091200100572,2013년 9월 12일 22시,목요일,인천광역시 남동구 논현동,중상사고,0,1,0,0,차대차 - 기타,안전운전불이행,습기,비,교차로 - 교차로부근,승용,남,55세,상해없음,승용,남,42세,중상
2013091200100573,2013년 9월 12일 22시,목요일,인천광역시 강화군 양도면,중상사고,0,1,0,0,차량단독 - 기타,안전운전불이행,건조,흐림,단일로 - 기타,화물,남,48세,상해없음,,,,
2013091200100598,2013년 9월 12일 23시,목요일,인천광역시 남동구 만수동,경상사고,0,0,2,0,차대차 - 기타,안전운전불이행,습기,흐림,단일로 - 기타,승용,남,55세,경상,승용,남,41세,경상
2013091200100599,2013년 9월 12일 23시,목요일,인천광역시 연수구 연수동,경상사고,0,0,1,0,차대차 - 정면충돌,안전운전불이행,습기,비,교차로 - 교차로부근,승용,남,18세,상해없음,화물,남,52세,상해없음
2013091300100024,2013년 9월 13일 00시,금요일,인천광역시 동구 송림동,중상사고,0,1,0,0,차대사람 - 기타,안전운전불이행,습기,비,단일로 - 기타,승용,여,49세,상해없음,보행자,여,55세,중상
2013091300100051,2013년 9월 13일 01시,금요일,인천광역시 계양구 귤현동,사망사고,1,0,0,0,차량단독 - 공작물충돌,안전운전불이행,습기,비,단일로 - 기타,승용,남,22세,사망,,,,
2013091300100100,2013년 9월 13일 05시,금요일,인천광역시 남동구 구월동,경상사고,0,0,1,0,차대사람 - 횡단중,보행자보호의무위반,습기,비,교차로 - 교차로부근,승용,남,66세,상해없음,보행자,여,62세,경상
2013091300100112,2013년 9월 13일 06시,금요일,인천광역시 서구 가좌동,사망사고,1,0,0,0,차대사람 - 횡단중,안전운전불이행,습기,비,단일로 - 기타,승용,여,41세,상해없음,보행자,여,82세,사망
2013091300100163,2013년 9월 13일 08시,금요일,인천광역시 서구 가좌동,경상사고,0,0,1,0,차대차 - 측면직각충돌,안전거리미확보,습기,비,단일로 - 기타,승용,남,54세,상해없음,승용,여,38세,경상
2013091300100164,2013년 9월 13일 08시,금요일,인천광역시 연수구 연수동,중상사고,0,1,0,0,차대사람 - 횡단중,안전운전불이행,습기,비,단일로 - 기타,승용,남,31세,상해없음,보행자,남,13세,중상
2013091300100195,2013년 9월 13일 09시,금요일,인천광역시 남구 주안동,경상사고,0,0,1,0,차대차 - 측면직각충돌,신호위반,습기,비,교차로 - 교차로안,승용,여,56세,상해없음,승용,여,50세,경상
2013091300100222,2013년 9월 13일 10시,금요일,인천광역시 계양구 효성동,중상사고,0,1,0,0,차대사람 - 횡단중,안전운전불이행,습기,비,단일로 - 기타,승용,남,34세,상해없음,보행자,남,39세,중상
2013091300100223,2013년 9월 13일 10시,금요일,인천광역시 계양구 계산동,경상사고,0,0,1,0,차대차 - 측면직각충돌,안전운전불이행,습기,비,단일로 - 기타,승용,여,70세,상해없음,승합,남,40세,경상
2013091300100255,2013년 9월 13일 11시,금요일,인천광역시 남동구 간석동,경상사고,0,0,1,0,차대차 - 추돌 - 진행중,안전거리미확보,건조,맑음,단일로 - 기타,승용,남,34세,상해없음,이륜,남,48세,경상
2013091300100290,2013년 9월 13일 12시,금요일,인천광역시 연수구 청학동,경상사고,0,0,1,0,차대차 - 기타,안전운전불이행,습기,흐림,단일로 - 기타,승합,여,50세,상해없음,이륜,남,33세,경상
2013091300100291,2013년 9월 13일 12시,금요일,인천광역시 남동구 운연동,경상사고,0,0,2,0,차대차 - 추돌 - 진행중,안전거리미확보,습기,비,단일로 - 기타,승용,남,46세,상해없음,승용,남,28세,경상
2013091300100353,2013년 9월 13일 14시,금요일,인천광역시 계양구 효성동,경상사고,0,0,1,0,차대차 - 측면직각충돌,신호위반,습기,비,교차로 - 교차로안,이륜,남,20세,상해없음,자전거,남,77세,경상
2013091300100382,2013년 9월 13일 15시,금요일,인천광역시 계양구 효성동,경상사고,0,0,1,0,차대차 - 측면직각충돌,신호위반,습기,맑음,교차로 - 교차로안,화물,남,51세,상해없음,승용,여,45세,경상
2013091300100415,2013년 9월 13일 16시,금요일,인천광역시 남구 용현동,중상사고,0,1,0,0,차대사람 - 횡단중,안전운전불이행,건조,맑음,단일로 - 기타,화물,남,51세,상해없음,보행자,여,53세,중상
2013091300100496,2013년 9월 13일 18시,금요일,인천광역시 부평구 부평동,경상사고,0,0,1,0,차대사람 - 길가장자리구역통행중,안전운전불이행,건조,맑음,단일로 - 기타,승용,여,49세,상해없음,보행자,여,56세,경상
2013091300100497,2013년 9월 13일 18시,금요일,인천광역시 계양구 계산동,중상사고,0,1,0,0,차량단독 - 공작물충돌,기타,건조,맑음,단일로 - 기타,승합,남,57세,상해없음,,,,
2013091300100550,2013년 9월 13일 19시,금요일,인천광역시 중구 운서동,경상사고,0,0,2,0,차대차 - 추돌 - 주정차중,안전운전불이행,건조,맑음,교차로 - 교차로부근,승용,남,31세,상해없음,승용,남,36세,경상
2013091300100551,2013년 9월 13일 19시,금요일,인천광역시 남동구 구월동,중상사고,0,1,0,0,차대사람 - 횡단중,안전운전불이행,건조,맑음,단일로 - 기타,원동기,남,17세,상해없음,보행자,여,40세,중상
2013091300100552,2013년 9월 13일 19시,금요일,인천광역시 서구 심곡동,중상사고,0,2,0,0,차대차 - 기타,신호위반,건조,맑음,교차로 - 교차로안,승용,남,56세,상해없음,승용,여,39세,중상
2013091300100553,2013년 9월 13일 19시,금요일,인천광역시 남동구 서창동,경상사고,0,0,1,0,차대차 - 추돌 - 진행중,안전운전불이행,건조,맑음,기타 - 기타,화물,남,52세,상해없음,화물,남,62세,경상
2013091300100592,2013년 9월 13일 20시,금요일,인천광역시 부평구 십정동,경상사고,0,0,1,0,차대차 - 추돌 - 주정차중,안전운전불이행,건조,맑음,교차로 - 교차로부근,승용,여,50세,상해없음,승용,남,52세,경상
2013091300100593,2013년 9월 13일 20시,금요일,인천광역시 서구 마전동,중상사고,0,1,0,0,차대사람 - 기타,보행자보호의무위반,건조,흐림,단일로 - 기타,이륜,남,30세,상해없음,보행자,여,13세,중상
2013091300100594,2013년 9월 13일 20시,금요일,인천광역시 부평구 부개동,중상사고,0,1,0,0,차대차 - 추돌 - 주정차중,안전운전불이행,건조,맑음,단일로 - 기타,이륜,남,48세,중상,승용,남,38세,기타불명
2013091300100636,2013년 9월 13일 21시,금요일,인천광역시 남동구 구월동,경상사고,0,0,1,0,차대사람 - 기타,안전운전불이행,건조,맑음,단일로 - 기타,원동기,남,19세,상해없음,보행자,여,54세,경상
2013091300100671,2013년 9월 13일 22시,금요일,인천광역시 남동구 간석동,경상사고,0,0,1,0,차대사람 - 차도통행중,안전운전불이행,건조,맑음,단일로 - 기타,승용,남,28세,상해없음,보행자,여,53세,경상
2013091300100701,2013년 9월 13일 23시,금요일,인천광역시 부평구 부평동,경상사고,0,0,1,0,차대차 - 추돌 - 주정차중,안전운전불이행,건조,맑음,단일로 - 기타,승용,남,47세,상해없음,승용,남,31세,경상
2013091400100031,2013년 9월 14일 00시,토요일,인천광역시 남동구 논현동,중상사고,0,1,0,0,차대차 - 기타,안전운전불이행,건조,맑음,단일로 - 기타,승용,남,47세,상해없음,승용,남,52세,중상
2013091400100032,2013년 9월 14일 00시,토요일,인천광역시 남동구 구월동,경상사고,0,0,1,0,차대차 - 측면직각충돌,안전운전불이행,건조,맑음,단일로 - 기타,승용,여,32세,상해없음,이륜,남,35세,경상
2013091400100033,2013년 9월 14일 00시,토요일,인천광역시 부평구 부평동,부상신고사고,0,0,0,1,차대사람 - 기타,안전운전불이행,건조,맑음,단일로 - 기타,승용,남,36세,상해없음,보행자,남,71세,부상신고
2013091400100054,2013년 9월 14일 01시,토요일,인천광역시 부평구 산곡동,중상사고,0,1,0,0,차대사람 - 길가장자리구역통행중,안전운전불이행,건조,맑음,단일로 - 기타,승용,기타불명,기타불명,기타불명,보행자,남,33세,중상
2013091400100055,2013년 9월 14일 01시,토요일,인천광역시 남동구 남촌동,중상사고,0,1,0,0,차대차 - 추돌 - 주정차중,교차로운행방법위반,건조,맑음,교차로 - 교차로안,이륜,남,27세,중상,승용,남,41세,상해없음
2013091400100056,2013년 9월 14일 01시,토요일,인천광역시 남동구 구월동,경상사고,0,0,1,0,차대차 - 추돌 - 주정차중,안전거리미확보,습기,비,단일로 - 기타,승용,남,50세,상해없음,승용,남,45세,경상
2013091400100057,2013년 9월 14일 01시,토요일,인천광역시 연수구 연수동,경상사고,0,0,4,0,차대차 - 측면직각충돌,중앙선침범,건조,맑음,단일로 - 기타,승용,남,31세,상해없음,승용,여,47세,경상
2013091400100099,2013년 9월 14일 03시,토요일,인천광역시 부평구 갈산동,경상사고,0,0,2,0,차대차 - 추돌 - 주정차중,안전운전불이행,건조,맑음,교차로 - 교차로부근,승용,남,23세,상해없음,화물,남,53세,경상
2013091400100138,2013년 9월 14일 05시,토요일,인천광역시 남동구 구월동,중상사고,0,1,0,0,차대사람 - 횡단중,신호위반,습기,비,교차로 - 교차로안,승용,남,60세,상해없음,보행자,여,68세,중상
2013091400100166,2013년 9월 14일 07시,토요일,인천광역시 서구 연희동,경상사고,0,0,3,0,차대차 - 기타,안전운전불이행,습기,비,단일로 - 기타,승용,여,48세,상해없음,승용,남,41세,경상
2013091400100221,2013년 9월 14일 09시,토요일,인천광역시 중구 신흥동3가,경상사고,0,0,1,0,차대차 - 추돌 - 진행중,안전운전불이행,습기,비,교차로 - 교차로안,승용,남,33세,상해없음,승용,남,31세,경상
2013091400100246,2013년 9월 14일 10시,토요일,인천광역시 서구 가정동,경상사고,0,0,1,0,차대차 - 추돌 - 진행중,안전거리미확보,건조,맑음,단일로 - 기타,승용,남,28세,상해없음,승용,남,71세,경상
2013091400100294,2013년 9월 14일 12시,토요일,인천광역시 부평구 일신동,중상사고,0,1,0,0,차대차 - 기타,안전운전불이행,건조,맑음,단일로 - 기타,승용,남,51세,상해없음,자전거,남,88세,중상
2013091400100424,2013년 9월 14일 15시,토요일,인천광역시 계양구 다남동,중상사고,0,1,0,0,차대차 - 측면직각충돌,중앙선침범,건조,맑음,단일로 - 기타,승용,남,58세,상해없음,승용,남,50세,중상
2013091400100425,2013년 9월 14일 15시,토요일,인천광역시 연수구 연수동,경상사고,0,0,1,0,차대차 - 측면직각충돌,신호위반,건조,맑음,교차로 - 교차로안,원동기,남,16세,경상,승용,남,50세,상해없음
2013091400100426,2013년 9월 14일 15시,토요일,인천광역시 부평구 일신동,경상사고,0,0,1,0,차대차 - 추돌 - 진행중,안전거리미확보,건조,맑음,단일로 - 교량,승용,남,49세,상해없음,승용,여,56세,경상
2013091400100456,2013년 9월 14일 16시,토요일,인천광역시 서구 심곡동,경상사고,0,0,1,0,차대차 - 측면직각충돌,안전운전불이행,건조,맑음,단일로 - 기타,승용,여,38세,상해없음,승용,남,36세,경상
2013091400100457,2013년 9월 14일 16시,토요일,인천광역시 계양구 임학동,부상신고사고,0,0,0,1,차대사람 - 보도통행중,안전운전불이행,건조,맑음,단일로 - 기타,승용,남,49세,상해없음,보행자,남,42세,부상신고
2013091400100458,2013년 9월 14일 16시,토요일,인천광역시 연수구 송도동,경상사고,0,0,1,0,차대차 - 측면직각충돌,안전운전불이행,건조,맑음,단일로 - 횡단보도상,화물,남,46세,상해없음,자전거,여,50세,경상
2013091400100459,2013년 9월 14일 16시,토요일,인천광역시 연수구 동춘동,중상사고,0,3,0,0,차대차 - 정면충돌,안전운전불이행,건조,맑음,단일로 - 기타,승용,남,52세,상해없음,승용,여,30세,중상
2013091400100495,2013년 9월 14일 17시,토요일,인천광역시 남구 도화동,경상사고,0,0,1,0,차대차 - 추돌 - 주정차중,안전운전불이행,건조,맑음,단일로 - 기타,승용,남,40세,상해없음,승용,여,55세,경상
2013091400100496,2013년 9월 14일 17시,토요일,인천광역시 남동구 구월동,부상신고사고,0,0,0,1,차대차 - 기타,안전운전불이행,건조,맑음,단일로 - 기타,기타불명,기타불명,기타불명,기타불명,자전거,여,14세,부상신고
2013091400100497,2013년 9월 14일 17시,토요일,인천광역시 서구 가정동,경상사고,0,0,1,1,차대차 - 기타,신호위반,건조,맑음,교차로 - 교차로안,승용,남,30세,상해없음,승용,남,38세,경상
2013091400100609,2013년 9월 14일 20시,토요일,인천광역시 계양구 작전동,중상사고,0,1,0,0,차대사람 - 기타,기타,건조,맑음,단일로 - 기타,승합,남,56세,상해없음,보행자,여,53세,중상
2013091400100640,2013년 9월 14일 21시,토요일,인천광역시 연수구 송도동,경상사고,0,0,3,0,차대차 - 기타,안전운전불이행,건조,맑음,교차로 - 교차로안,승용,남,32세,상해없음,승용,남,51세,경상
2013091400100673,2013년 9월 14일 22시,토요일,인천광역시 계양구 효성동,경상사고,0,0,4,0,차대차 - 기타,안전운전불이행,건조,맑음,미분류 - 미분류,승용,남,32세,상해없음,승용,여,46세,경상
2013091500100017,2013년 9월 15일 00시,일요일,인천광역시 중구 용동,중상사고,0,1,1,0,차대사람 - 횡단중,안전운전불이행,건조,맑음,교차로 - 교차로부근,원동기,남,16세,상해없음,보행자,여,41세,경상
2013091500100062,2013년 9월 15일 03시,일요일,인천광역시 서구 불로동,경상사고,0,0,1,0,차대차 - 추돌 - 주정차중,안전운전불이행,건조,맑음,교차로 - 교차로부근,승용,남,45세,상해없음,승용,남,28세,경상
2013091500100073,2013년 9월 15일 04시,일요일,인천광역시 중구 운서동,경상사고,0,0,3,0,차대차 - 추돌 - 진행중,안전운전불이행,건조,맑음,단일로 - 기타,승용,여,25세,상해없음,승용,남,33세,경상
2013091500100085,2013년 9월 15일 05시,일요일,인천광역시 남구 용현동,경상사고,0,0,3,0,차대차 - 추돌 - 진행중,안전운전불이행,건조,맑음,교차로 - 교차로안,승용,여,49세,상해없음,승용,남,23세,경상
2013091500100086,2013년 9월 15일 05시,일요일,인천광역시 서구 석남동,중상사고,0,1,0,0,차량단독 - 기타,기타,건조,맑음,단일로 - 기타,승합,남,58세,상해없음,,,,
2013091500100087,2013년 9월 15일 05시,일요일,인천광역시 계양구 작전동,경상사고,0,0,3,0,차대차 - 측면직각충돌,신호위반,건조,맑음,교차로 - 교차로안,승용,남,33세,상해없음,승합,남,49세,경상
2013091500100137,2013년 9월 15일 08시,일요일,인천광역시 동구 송림동,중상사고,0,1,0,0,차대사람 - 횡단중,안전운전불이행,건조,맑음,단일로 - 기타,승용,남,39세,상해없음,보행자,여,58세,중상
2013091500100151,2013년 9월 15일 09시,일요일,인천광역시 연수구 선학동,경상사고,0,0,1,0,차대차 - 측면직각충돌,안전운전불이행,건조,맑음,단일로 - 기타,화물,남,52세,상해없음,화물,남,61세,경상
2013091500100175,2013년 9월 15일 10시,일요일,인천광역시 서구 석남동,경상사고,0,0,1,0,차대차 - 측면직각충돌,기타,건조,맑음,교차로 - 교차로안,승용,남,22세,상해없음,자전거,남,77세,경상
2013091500100217,2013년 9월 15일 12시,일요일,인천광역시 남동구 논현동,부상신고사고,0,0,0,1,차대차 - 측면직각충돌,신호위반,건조,맑음,교차로 - 교차로안,승용,여,27세,부상신고,승용,남,48세,상해없음
2013091500100249,2013년 9월 15일 13시,일요일,인천광역시 중구 북성동1가,부상신고사고,0,0,0,1,차대사람 - 기타,안전운전불이행,건조,맑음,단일로 - 기타,자전거,남,70세,상해없음,보행자,남,1세,부상신고
2013091500100278,2013년 9월 15일 14시,일요일,인천광역시 서구 석남동,중상사고,0,1,5,0,차대차 - 추돌 - 주정차중,안전거리미확보,건조,맑음,단일로 - 기타,승합,남,53세,상해없음,승합,남,57세,중상
2013091500100316,2013년 9월 15일 15시,일요일,인천광역시 중구 북성동1가,경상사고,0,0,1,0,차대사람 - 기타,안전운전불이행,건조,맑음,단일로 - 기타,승용,여,34세,상해없음,보행자,남,66세,경상
2013091500100317,2013년 9월 15일 15시,일요일,인천광역시 계양구 계산동,중상사고,0,1,0,0,차대차 - 측면직각충돌,신호위반,건조,맑음,교차로 - 교차로안,이륜,남,24세,상해없음,승용,남,52세,상해없음
2013091500100359,2013년 9월 15일 16시,일요일,인천광역시 계양구 귤현동,경상사고,0,0,1,0,차대차 - 측면직각충돌,안전운전불이행,건조,맑음,단일로 - 기타,자전거,기타불명,기타불명,기타불명,자전거,여,59세,경상
2013091500100394,2013년 9월 15일 17시,일요일,인천광역시 남구 용현동,경상사고,0,0,1,1,차대차 - 기타,안전거리미확보,건조,맑음,기타 - 기타,승용,남,55세,상해없음,원동기,남,16세,경상
2013091500100395,2013년 9월 15일 17시,일요일,인천광역시 서구 가좌동,경상사고,0,0,1,0,차대사람 - 기타,보행자보호의무위반,건조,맑음,단일로 - 횡단보도상,승용,남,22세,상해없음,보행자,남,8세,경상
2013091500100432,2013년 9월 15일 18시,일요일,인천광역시 계양구 작전동,경상사고,0,0,2,0,차대차 - 측면직각충돌,신호위반,건조,맑음,단일로 - 횡단보도부근,승용,여,57세,상해없음,화물,남,43세,경상
2013091500100466,2013년 9월 15일 19시,일요일,인천광역시 남구 도화동,중상사고,0,1,4,0,차대차 - 측면직각충돌,안전운전불이행,건조,맑음,단일로 - 기타,승용,여,42세,상해없음,승용,남,38세,경상
2013091500100467,2013년 9월 15일 19시,일요일,인천광역시 남동구 구월동,경상사고,0,0,1,0,차대차 - 측면직각충돌,안전운전불이행,건조,맑음,단일로 - 기타,승용,남,54세,상해없음,승용,남,73세,경상
2013091500100468,2013년 9월 15일 19시,일요일,인천광역시 계양구 효성동,중상사고,0,1,2,0,차대차 - 측면직각충돌,신호위반,건조,맑음,교차로 - 교차로안,화물,남,52세,상해없음,승용,남,65세,중상
2013091500100492,2013년 9월 15일 20시,일요일,인천광역시 부평구 산곡동,중상사고,0,1,0,0,차대차 - 기타,차로위반,건조,맑음,교차로 - 교차로안,이륜,남,40세,중상,승합,남,59세,상해없음
2013091500100493,2013년 9월 15일 20시,일요일,인천광역시 서구 석남동,중상사고,0,1,0,0,차대사람 - 길가장자리구역통행중,안전거리미확보,건조,맑음,단일로 - 기타,이륜,남,16세,상해없음,보행자,남,42세,중상
2013091500100558,2013년 9월 15일 23시,일요일,인천광역시 계양구 계산동,경상사고,0,0,1,0,차대차 - 정면충돌,안전운전불이행,건조,맑음,교차로 - 교차로안,이륜,남,61세,상해없음,이륜,남,42세,경상
2013091600100079,2013년 9월 16일 06시,월요일,인천광역시 계양구 병방동,경상사고,0,0,1,0,차대차 - 측면직각충돌,중앙선침범,건조,맑음,단일로 - 기타,승용,남,67세,상해없음,화물,남,54세,경상
2013091600100080,2013년 9월 16일 06시,월요일,인천광역시 연수구 옥련동,경상사고,0,0,4,0,차대차 - 측면직각충돌,신호위반,건조,맑음,교차로 - 교차로안,화물,남,50세,상해없음,승용,남,55세,경상
2013091600100172,2013년 9월 16일 08시,월요일,인천광역시 서구 가좌동,중상사고,0,1,0,0,차량단독 - 공작물충돌,안전운전불이행,건조,맑음,단일로 - 기타,이륜,남,21세,중상,,,,
2013091600100209,2013년 9월 16일 09시,월요일,인천광역시 남동구 간석동,부상신고사고,0,0,0,1,차대차 - 추돌 - 진행중,안전운전불이행,건조,맑음,단일로 - 기타,화물,기타불명,기타불명,기타불명,화물,남,25세,상해없음
2013091600100210,2013년 9월 16일 09시,월요일,인천광역시 서구 가좌동,경상사고,0,0,1,0,차대차 - 기타,기타,건조,맑음,단일로 - 기타,승합,남,63세,상해없음,이륜,남,56세,상해없음
2013091600100211,2013년 9월 16일 09시,월요일,인천광역시 서구 연희동,경상사고,0,0,1,0,차대차 - 기타,교차로운행방법위반,건조,맑음,교차로 - 교차로부근,화물,남,55세,상해없음,승용,남,25세,경상
2013091600100212,2013년 9월 16일 09시,월요일,인천광역시 부평구 갈산동,경상사고,0,0,1,0,차대차 - 측면직각충돌,신호위반,건조,맑음,교차로 - 교차로안,자전거,남,57세,경상,승용,남,36세,상해없음
2013091600100251,2013년 9월 16일 10시,월요일,인천광역시 남구 학익동,중상사고,0,1,0,0,차대사람 - 횡단중,신호위반,건조,맑음,단일로 - 기타,승용,남,48세,상해없음,보행자,여,59세,중상
2013091600100252,2013년 9월 16일 10시,월요일,인천광역시 남동구 간석동,경상사고,0,0,1,0,차대사람 - 기타,안전운전불이행,건조,맑음,단일로 - 기타,승용,남,72세,상해없음,보행자,남,53세,경상
2013091600100253,2013년 9월 16일 10시,월요일,인천광역시 계양구 계산동,중상사고,0,1,0,0,차대사람 - 횡단중,기타,건조,맑음,단일로 - 기타,승합,남,66세,상해없음,보행자,여,60세,중상
2013091600100290,2013년 9월 16일 11시,월요일,인천광역시 남구 숭의동,중상사고,0,1,0,0,차량단독 - 기타,안전운전불이행,건조,맑음,단일로 - 기타,승합,남,58세,상해없음,,,,