사고번호,사고일시,요일,시군구,사고내용,사망자수,중상자수,경상자수,부상신고자수,사고유형,법규위반,노면상태,기상상태,도로형태,가해운전자 차종,가해운전자 성별,가해운전자 연령,가해운전자 상해정도,피해운전자 차종,피해운전자 성별,피해운전자 연령,피해운전자 상해정도
2013101000100488,2013년 10월 10일 19시,목요일,인천광역시 남구 숭의동,중상사고,0,1,0,0,차대차 - 기타,중앙선침범,건조,맑음,단일로 - 기타,승용,여,38세,상해없음,원동기,남,38세,중상
2013101000100489,2013년 10월 10일 19시,목요일,인천광역시 남동구 간석동,경상사고,0,0,1,0,차대차 - 기타,안전운전불이행,건조,맑음,교차로 - 교차로부근,승용,남,31세,상해없음,자전거,남,64세,경상
2013101000100490,2013년 10월 10일 19시,목요일,인천광역시 서구 심곡동,경상사고,0,0,1,0,차대차 - 기타,안전거리미확보,건조,맑음,단일로 - 기타,승용,남,38세,상해없음,화물,남,27세,상해없음
2013101000100491,2013년 10월 10일 19시,목요일,인천광역시 연수구 옥련동,중상사고,0,1,0,0,차대사람 - 보도통행중,기타,기타,맑음,단일로 - 기타,승용,남,62세,기타불명,보행자,여,44세,중상
2013101000100527,2013년 10월 10일 20시,목요일,인천광역시 부평구 삼산동,중상사고,0,1,0,0,차대사람 - 기타,안전운전불이행,건조,맑음,교차로 - 교차로부근,승용,여,44세,상해없음,보행자,남,52세,중상
2013101000100569,2013년 10월 10일 21시,목요일,인천광역시 남구 숭의동,중상사고,0,1,0,0,차대차 - 측면직각충돌,안전운전불이행,건조,맑음,단일로 - 기타,원동기,남,22세,상해없음,승용,남,61세,상해없음
2013101000100570,2013년 10월 10일 21시,목요일,인천광역시 계양구 효성동,경상사고,0,0,2,0,차대차 - 측면직각충돌,신호위반,건조,맑음,교차로 - 교차로안,승용,남,44세,상해없음,승용,남,50세,경상
2013101000100571,2013년 10월 10일 21시,목요일,인천광역시 연수구 연수동,중상사고,0,1,0,0,차대차 - 기타,안전운전불이행,건조,맑음,교차로 - 교차로안,승합,남,56세,상해없음,자전거,여,23세,중상
2013101000100601,2013년 10월 10일 22시,목요일,인천광역시 부평구 산곡동,경상사고,0,0,2,0,차대차 - 기타,안전운전불이행,건조,맑음,단일로 - 기타,승용,남,38세,상해없음,승용,남,32세,경상
2013101000100602,2013년 10월 10일 22시,목요일,인천광역시 연수구 송도동,경상사고,0,0,1,0,차대차 - 추돌 - 진행중,안전운전불이행,건조,맑음,교차로 - 교차로부근,승용,남,31세,상해없음,승용,남,43세,경상
2013101000100631,2013년 10월 10일 23시,목요일,인천광역시 동구 송현동,중상사고,0,2,0,0,차대차 - 측면직각충돌,안전거리미확보,건조,맑음,단일로 - 기타,승용,남,27세,상해없음,원동기,남,18세,중상
2013101100100025,2013년 10월 11일 00시,금요일,인천광역시 연수구 옥련동,경상사고,0,0,2,0,차대차 - 기타,안전운전불이행,건조,맑음,단일로 - 기타,승용,남,20세,상해없음,승용,여,47세,경상
2013101100100026,2013년 10월 11일 00시,금요일,인천광역시 부평구 부평동,경상사고,0,0,1,0,차대차 - 기타,차로위반,건조,맑음,단일로 - 기타,승용,남,48세,상해없음,승용,남,62세,상해없음
2013101100100027,2013년 10월 11일 00시,금요일,인천광역시 계양구 효성동,경상사고,0,0,1,0,차대차 - 추돌 - 주정차중,안전운전불이행,건조,맑음,단일로 - 기타,승용,남,31세,상해없음,승용,여,49세,경상
2013101100100043,2013년 10월 11일 01시,금요일,인천광역시 남구 용현동,중상사고,0,1,0,0,차대차 - 기타,신호위반,건조,흐림,교차로 - 교차로안,승용,남,42세,상해없음,승용,남,48세,중상
2013101100100060,2013년 10월 11일 02시,금요일,인천광역시 계양구 작전동,중상사고,0,1,1,0,차대차 - 측면직각충돌,신호위반,건조,맑음,교차로 - 교차로안,승용,남,65세,상해없음,승용,남,50세,경상
2013101100100084,2013년 10월 11일 04시,금요일,인천광역시 남구 주안동,중상사고,0,1,0,0,차대사람 - 횡단중,안전운전불이행,습기,비,교차로 - 교차로안,승용,남,29세,상해없음,보행자,여,76세,중상
2013101100100085,2013년 10월 11일 04시,금요일,인천광역시 남구 주안동,중상사고,0,1,1,0,차대사람 - 횡단중,안전운전불이행,습기,비,단일로 - 기타,승용,남,61세,상해없음,보행자,남,33세,중상
2013101100100105,2013년 10월 11일 05시,금요일,인천광역시 계양구 효성동,중상사고,0,2,0,0,차대차 - 측면직각충돌,신호위반,건조,맑음,교차로 - 교차로안,승용,남,61세,상해없음,승용,남,49세,중상
2013101100100142,2013년 10월 11일 07시,금요일,인천광역시 남동구 간석동,중상사고,0,1,0,0,차대사람 - 횡단중,중앙선침범,건조,맑음,교차로 - 교차로부근,승용,남,60세,상해없음,보행자,여,54세,중상
2013101100100193,2013년 10월 11일 08시,금요일,인천광역시 부평구 부평동,경상사고,0,0,1,0,차대사람 - 횡단중,보행자보호의무위반,건조,맑음,단일로 - 횡단보도상,원동기,남,70세,상해없음,보행자,여,17세,경상
2013101100100194,2013년 10월 11일 08시,금요일,인천광역시 부평구 산곡동,경상사고,0,0,1,0,차대차 - 측면직각충돌,안전운전불이행,건조,맑음,교차로 - 교차로안,승용,남,23세,상해없음,자전거,남,60세,경상
2013101100100195,2013년 10월 11일 08시,금요일,인천광역시 남동구 수산동,중상사고,0,1,0,0,차대차 - 측면직각충돌,교차로운행방법위반,건조,맑음,교차로 - 교차로안,화물,남,50세,상해없음,이륜,남,28세,중상
2013101100100284,2013년 10월 11일 11시,금요일,인천광역시 남동구 구월동,경상사고,0,0,1,0,차대사람 - 기타,기타,건조,맑음,단일로 - 기타,승용,남,24세,상해없음,보행자,여,58세,경상
2013101100100285,2013년 10월 11일 11시,금요일,인천광역시 계양구 작전동,중상사고,0,1,0,0,차량단독 - 기타,기타,건조,맑음,단일로 - 기타,승합,남,40세,상해없음,,,,
2013101100100319,2013년 10월 11일 12시,금요일,인천광역시 남동구 만수동,중상사고,0,1,0,0,차대차 - 기타,안전운전불이행,건조,맑음,교차로 - 교차로부근,기타불명,기타불명,기타불명,기타불명,원동기,남,15세,중상
2013101100100320,2013년 10월 11일 12시,금요일,인천광역시 서구 가정동,경상사고,0,0,1,0,차대차 - 기타,안전운전불이행,건조,맑음,단일로 - 기타,화물,남,52세,상해없음,승용,여,30세,경상
2013101100100355,2013년 10월 11일 13시,금요일,인천광역시 중구 운서동,중상사고,0,1,0,0,차대차 - 기타,안전운전불이행,건조,맑음,기타 - 기타,승용,여,51세,상해없음,승합,남,43세,중상
2013101100100387,2013년 10월 11일 14시,금요일,인천광역시 서구 왕길동,경상사고,0,0,2,0,차대차 - 추돌 - 진행중,안전운전불이행,건조,맑음,단일로 - 기타,승용,남,32세,상해없음,승용,여,47세,경상
2013101100100388,2013년 10월 11일 14시,금요일,인천광역시 계양구 계산동,경상사고,0,0,1,0,차대차 - 기타,안전거리미확보,건조,맑음,단일로 - 기타,승용,여,29세,상해없음,승용,여,36세,경상
2013101100100389,2013년 10월 11일 14시,금요일,인천광역시 강화군 선원면,중상사고,0,1,0,0,차대차 - 기타,중앙선침범,건조,맑음,단일로 - 기타,승용,남,53세,상해없음,원동기,남,39세,중상
2013101100100422,2013년 10월 11일 15시,금요일,인천광역시 남구 주안동,경상사고,0,0,3,0,차대차 - 기타,교차로운행방법위반,건조,맑음,교차로 - 교차로부근,승용,남,46세,상해없음,승용,여,60세,상해없음
2013101100100423,2013년 10월 11일 15시,금요일,인천광역시 강화군 길상면,경상사고,0,0,1,0,차대차 - 기타,안전운전불이행,건조,맑음,단일로 - 기타,승용,남,48세,상해없음,승합,남,46세,경상
2013101100100424,2013년 10월 11일 15시,금요일,인천광역시 부평구 삼산동,중상사고,0,1,0,0,차대사람 - 기타,안전운전불이행,건조,맑음,교차로 - 교차로안,기타불명,기타불명,기타불명,기타불명,보행자,남,64세,중상
2013101100100460,2013년 10월 11일 16시,금요일,인천광역시 남동구 논현동,경상사고,0,0,1,0,차대차 - 측면직각충돌,안전운전불이행,건조,맑음,교차로 - 교차로안,승용,여,47세,상해없음,승용,남,42세,경상
2013101100100585,2013년 10월 11일 19시,금요일,인천광역시 계양구 귤현동,경상사고,0,0,1,0,차대차 - 측면직각충돌,안전운전불이행,기타,기타,단일로 - 기타,승용,남,42세,상해없음,자전거,남,71세,경상
2013101100100619,2013년 10월 11일 20시,금요일,인천광역시 남동구 논현동,경상사고,0,0,2,0,차대차 - 측면직각충돌,안전운전불이행,건조,맑음,교차로 - 교차로부근,승용,여,48세,상해없음,화물,남,20세,경상
2013101100100620,2013년 10월 11일 20시,금요일,인천광역시 서구 검암동,경상사고,0,0,1,0,차대사람 - 기타,안전운전불이행,건조,맑음,단일로 - 기타,승용,여,53세,상해없음,보행자,여,75세,경상
2013101100100621,2013년 10월 11일 20시,금요일,인천광역시 강화군 강화읍,중상사고,0,1,0,0,차대차 - 기타,안전운전불이행,건조,맑음,교차로 - 교차로안,승용,남,31세,상해없음,이륜,남,19세,중상
2013101100100648,2013년 10월 11일 21시,금요일,인천광역시 부평구 산곡동,경상사고,0,0,2,0,차대차 - 기타,기타,건조,맑음,단일로 - 기타,화물,남,50세,상해없음,승용,남,56세,경상
2013101100100649,2013년 10월 11일 21시,금요일,인천광역시 연수구 청학동,경상사고,0,0,1,0,차대차 - 측면직각충돌,불법유턴,건조,맑음,교차로 - 교차로안,승용,남,44세,상해없음,승용,여,45세,경상
2013101100100710,2013년 10월 11일 23시,금요일,인천광역시 부평구 산곡동,경상사고,0,0,1,0,차대차 - 추돌 - 주정차중,안전운전불이행,건조,맑음,단일로 - 기타,승용,여,42세,상해없음,승용,남,32세,경상
2013101200100018,2013년 10월 12일 00시,토요일,인천광역시 남동구 구월동,중상사고,0,1,0,0,차대차 - 기타,안전거리미확보,건조,맑음,기타 - 기타,승용,여,36세,상해없음,승용,남,53세,중상
2013101200100019,2013년 10월 12일 00시,토요일,인천광역시 남동구 만수동,중상사고,0,1,0,0,차대차 - 기타,안전운전불이행,건조,맑음,단일로 - 기타,승용,남,36세,상해없음,승용,남,53세,중상
2013101200100037,2013년 10월 12일 01시,토요일,인천광역시 연수구 연수동,경상사고,0,0,2,0,차대차 - 측면직각충돌,신호위반,건조,맑음,교차로 - 교차로안,승용,남,59세,상해없음,승용,남,41세,경상
2013101200100053,2013년 10월 12일 02시,토요일,인천광역시 남동구 구월동,경상사고,0,0,4,0,차대차 - 추돌 - 주정차중,안전운전불이행,건조,맑음,교차로 - 교차로부근,승용,여,29세,상해없음,승용,남,49세,경상
2013101200100054,2013년 10월 12일 02시,토요일,인천광역시 부평구 일신동,중상사고,0,1,0,0,차대사람 - 횡단중,신호위반,건조,맑음,단일로 - 기타,승용,기타불명,기타불명,기타불명,보행자,남,34세,중상
2013101200100098,2013년 10월 12일 05시,토요일,인천광역시 서구 가정동,중상사고,0,1,0,0,차량단독 - 공작물충돌,안전운전불이행,건조,맑음,미분류 - 미분류,원동기,남,23세,중상,,,,
2013101200100122,2013년 10월 12일 06시,토요일,인천광역시 계양구 병방동,중상사고,0,1,0,0,차대차 - 측면직각충돌,안전운전불이행,건조,맑음,단일로 - 기타,승합,남,59세,상해없음,자전거,남,69세,중상
2013101200100175,2013년 10월 12일 08시,토요일,인천광역시 남동구 구월동,경상사고,0,0,1,0,차대차 - 기타,교차로운행방법위반,건조,맑음,교차로 - 교차로안,승용,남,67세,상해없음,이륜,남,24세,경상
2013101200100176,2013년 10월 12일 08시,토요일,인천광역시 연수구 옥련동,경상사고,0,0,1,0,차대사람 - 기타,안전운전불이행,건조,맑음,단일로 - 기타,승용,남,41세,상해없음,보행자,남,51세,경상
2013101200100232,2013년 10월 12일 10시,토요일,인천광역시 계양구 목상동,중상사고,0,1,1,0,차대차 - 추돌 - 진행중,안전운전불이행,건조,맑음,단일로 - 기타,승용,남,29세,상해없음,자전거,남,35세,중상
2013101200100264,2013년 10월 12일 11시,토요일,인천광역시 중구 사동,경상사고,0,0,2,0,차대차 - 추돌 - 진행중,안전거리미확보,건조,맑음,단일로 - 기타,승용,남,41세,경상,화물,남,55세,경상
2013101200100300,2013년 10월 12일 12시,토요일,인천광역시 계양구 효성동,경상사고,0,0,1,0,차대사람 - 횡단중,신호위반,건조,맑음,단일로 - 횡단보도상,화물,남,42세,상해없음,보행자,여,32세,경상
2013101200100372,2013년 10월 12일 14시,토요일,인천광역시 서구 당하동,경상사고,0,0,1,0,차대사람 - 횡단중,보행자보호의무위반,건조,맑음,교차로 - 교차로부근,승용,남,47세,상해없음,보행자,여,47세,경상
2013101200100416,2013년 10월 12일 15시,토요일,인천광역시 동구 화수동,경상사고,0,0,1,0,차대차 - 추돌 - 주정차중,안전운전불이행,건조,맑음,교차로 - 교차로부근,이륜,기타불명,기타불명,기타불명,승용,남,65세,경상
2013101200100417,2013년 10월 12일 15시,토요일,인천광역시 부평구 부평동,중상사고,0,1,0,0,차대사람 - 기타,안전운전불이행,건조,맑음,단일로 - 횡단보도상,원동기,남,14세,상해없음,보행자,남,59세,중상
2013101200100418,2013년 10월 12일 15시,토요일,인천광역시 남동구 구월동,경상사고,0,0,2,0,차대차 - 추돌 - 주정차중,안전운전불이행,건조,맑음,교차로 - 교차로부근,승용,남,58세,상해없음,승용,남,40세,경상
2013101200100529,2013년 10월 12일 18시,토요일,인천광역시 남구 주안동,경상사고,0,0,1,0,차대사람 - 기타,안전운전불이행,건조,맑음,단일로 - 기타,승용,여,36세,상해없음,보행자,남,4세,경상
2013101200100530,2013년 10월 12일 18시,토요일,인천광역시 연수구 송도동,중상사고,0,1,1,0,차대차 - 정면충돌,신호위반,건조,맑음,교차로 - 교차로안,승용,남,41세,경상,이륜,남,16세,중상
2013101200100531,2013년 10월 12일 18시,토요일,인천광역시 연수구 연수동,경상사고,0,0,2,0,차대차 - 추돌 - 주정차중,안전운전불이행,건조,맑음,단일로 - 기타,승용,남,49세,상해없음,승용,여,26세,경상
2013101200100532,2013년 10월 12일 18시,토요일,인천광역시 연수구 옥련동,경상사고,0,0,2,0,차대차 - 기타,안전운전불이행,건조,맑음,단일로 - 기타,승용,여,29세,상해없음,건설기계,남,45세,상해없음
2013101200100583,2013년 10월 12일 19시,토요일,인천광역시 남구 학익동,중상사고,0,1,0,0,차대사람 - 횡단중,안전운전불이행,건조,맑음,단일로 - 기타,승용,여,42세,상해없음,보행자,남,64세,중상
2013101200100584,2013년 10월 12일 19시,토요일,인천광역시 남구 숭의동,경상사고,0,0,2,1,차대차 - 측면직각충돌,교차로운행방법위반,습기,비,교차로 - 교차로안,원동기,남,19세,부상신고,승합,남,53세,상해없음
2013101200100585,2013년 10월 12일 19시,토요일,인천광역시 남구 관교동,경상사고,0,0,1,0,차량단독 - 기타,기타,건조,맑음,단일로 - 기타,승합,남,46세,상해없음,,,,
2013101200100586,2013년 10월 12일 19시,토요일,인천광역시 서구 연희동,경상사고,0,0,3,0,차대차 - 측면직각충돌,중앙선침범,건조,맑음,단일로 - 기타,승용,남,37세,상해없음,승용,남,41세,경상
2013101200100619,2013년 10월 12일 20시,토요일,인천광역시 중구 덕교동,중상사고,0,2,0,0,차대사람 - 기타,안전운전불이행,건조,맑음,단일로 - 기타,화물,남,66세,상해없음,보행자,여,48세,중상
2013101200100709,2013년 10월 12일 23시,토요일,인천광역시 남동구 장수동,중상사고,0,1,1,0,차대차 - 측면직각충돌,안전거리미확보,건조,맑음,교차로 - 교차로부근,승용,남,61세,상해없음,승용,여,50세,중상
2013101200100710,2013년 10월 12일 23시,토요일,인천광역시 연수구 동춘동,경상사고,0,0,1,0,차대차 - 측면직각충돌,교차로운행방법위반,건조,맑음,교차로 - 교차로안,승용,기타불명,기타불명,기타불명,승용,남,56세,경상
2013101300100024,2013년 10월 13일 00시,일요일,인천광역시 남구 도화동,경상사고,0,0,1,0,차대사람 - 기타,안전운전불이행,건조,맑음,단일로 - 기타,승용,남,56세,상해없음,보행자,여,47세,경상
2013101300100025,2013년 10월 13일 00시,일요일,인천광역시 계양구 용종동,경상사고,0,0,5,0,차대차 - 추돌 - 주정차중,안전운전불이행,건조,맑음,단일로 - 기타,승용,남,28세,상해없음,승합,남,37세,경상
2013101300100083,2013년 10월 13일 04시,일요일,인천광역시 계양구 효성동,중상사고,0,1,0,0,차대차 - 추돌 - 진행중,안전운전불이행,건조,맑음,단일로 - 기타,승용,남,39세,상해없음,승용,남,43세,중상
2013101300100097,2013년 10월 13일 05시,일요일,인천광역시 남구 주안동,경상사고,0,0,1,0,차대사람 - 보도통행중,기타,건조,맑음,단일로 - 기타,승용,남,28세,상해없음,보행자,남,64세,경상
2013101300100127,2013년 10월 13일 07시,일요일,인천광역시 옹진군 영흥면,경상사고,0,0,1,0,차대사람 - 길가장자리구역통행중,안전운전불이행,건조,맑음,단일로 - 기타,화물,남,33세,상해없음,보행자,남,35세,경상
2013101300100128,2013년 10월 13일 07시,일요일,인천광역시 서구 검암동,경상사고,0,0,1,0,차대차 - 정면충돌,신호위반,건조,맑음,단일로 - 기타,승용,남,23세,상해없음,승용,남,61세,경상
2013101300100129,2013년 10월 13일 07시,일요일,인천광역시 부평구 삼산동,경상사고,0,0,1,0,차대차 - 기타,중앙선침범,건조,맑음,교차로 - 교차로안,승용,남,30세,상해없음,승용,남,58세,경상
2013101300100143,2013년 10월 13일 08시,일요일,인천광역시 서구 경서동,중상사고,0,3,0,0,차대차 - 기타,신호위반,건조,맑음,교차로 - 교차로안,승용,남,58세,상해없음,승용,남,35세,중상
2013101300100160,2013년 10월 13일 09시,일요일,인천광역시 계양구 작전동,중상사고,0,1,0,0,차대차 - 측면직각충돌,안전운전불이행,건조,맑음,단일로 - 기타,승용,남,58세,상해없음,자전거,여,44세,중상
2013101300100224,2013년 10월 13일 12시,일요일,인천광역시 중구 북성동1가,중상사고,0,1,0,0,차량단독 - 공작물충돌,안전운전불이행,건조,맑음,교차로 - 교차로부근,원동기,남,24세,중상,,,,
2013101300100280,2013년 10월 13일 14시,일요일,인천광역시 계양구 작전동,중상사고,0,1,0,0,차대사람 - 횡단중,안전운전불이행,건조,맑음,단일로 - 횡단보도부근,승용,여,57세,상해없음,보행자,남,16세,중상
2013101300100281,2013년 10월 13일 14시,일요일,인천광역시 강화군 길상면,경상사고,0,0,2,0,차대차 - 측면직각충돌,중앙선침범,건조,맑음,단일로 - 기타,승용,남,62세,상해없음,승용,남,49세,경상
2013101300100355,2013년 10월 13일 17시,일요일,인천광역시 서구 경서동,경상사고,0,0,1,0,차대차 - 측면직각충돌,신호위반,건조,맑음,교차로 - 교차로안,승용,남,35세,상해없음,승용,남,29세,경상
2013101300100394,2013년 10월 13일 18시,일요일,인천광역시 남구 주안동,경상사고,0,0,1,0,차대사람 - 횡단중,안전운전불이행,건조,맑음,단일로 - 기타,승용,남,59세,상해없음,보행자,여,55세,경상
2013101300100423,2013년 10월 13일 19시,일요일,인천광역시 부평구 삼산동,중상사고,0,2,0,0,차대차 - 추돌 - 주정차중,안전운전불이행,건조,맑음,교차로 - 교차로부근,승용,남,40세,상해없음,승용,남,53세,중상
2013101300100444,2013년 10월 13일 20시,일요일,인천광역시 남구 숭의동,경상사고,0,0,1,0,차대차 - 기타,교차로운행방법위반,건조,맑음,교차로 - 교차로안,승용,여,58세,상해없음,승용,남,34세,경상
2013101300100464,2013년 10월 13일 21시,일요일,인천광역시 남구 학익동,경상사고,0,0,3,0,차대차 - 측면직각충돌,안전운전불이행,건조,맑음,단일로 - 기타,승용,여,43세,기타불명,승용,여,41세,경상
2013101300100465,2013년 10월 13일 21시,일요일,인천광역시 서구 공촌동,중상사고,0,1,2,0,차대차 - 측면직각충돌,신호위반,건조,맑음,교차로 - 교차로안,승용,남,30세,상해없음,승용,남,49세,상해없음
2013101300100488,2013년 10월 13일 22시,일요일,인천광역시 서구 가좌동,사망사고,1,0,0,0,차대사람 - 기타,안전운전불이행,건조,맑음,단일로 - 기타,승용,남,39세,상해없음,보행자,남,37세,사망
2013101300100500,2013년 10월 13일 23시,일요일,인천광역시 남구 주안동,중상사고,0,1,0,0,차대차 - 추돌 - 주정차중,안전운전불이행,건조,맑음,교차로 - 교차로부근,승용,남,58세,상해없음,승용,남,44세,기타불명
2013101400100033,2013년 10월 14일 04시,월요일,인천광역시 연수구 청학동,중상사고,0,1,1,0,차대차 - 측면직각충돌,신호위반,건조,맑음,교차로 - 교차로안,승용,남,73세,상해없음,승용,여,54세,중상
2013101400100047,2013년 10월 14일 05시,월요일,인천광역시 남구 주안동,중상사고,0,2,0,0,차대차 - 측면직각충돌,안전거리미확보,건조,맑음,교차로 - 교차로안,승용,남,22세,상해없음,화물,남,40세,중상
2013101400100093,2013년 10월 14일 07시,월요일,인천광역시 계양구 서운동,경상사고,0,0,1,0,차대차 - 추돌 - 진행중,안전운전불이행,건조,맑음,미분류 - 미분류,승용,남,23세,상해없음,화물,남,46세,경상
2013101400100142,2013년 10월 14일 08시,월요일,인천광역시 강화군 길상면,중상사고,0,1,0,0,차대차 - 측면직각충돌,신호위반,건조,맑음,교차로 - 교차로안,승용,남,45세,상해없음,승용,여,57세,중상
2013101400100207,2013년 10월 14일 10시,월요일,인천광역시 남동구 만수동,중상사고,0,1,0,0,차대사람 - 보도통행중,안전운전불이행,건조,맑음,교차로 - 교차로부근,승용,남,50세,상해없음,보행자,여,74세,중상
2013101400100208,2013년 10월 14일 10시,월요일,인천광역시 서구 검암동,중상사고,0,1,0,0,차대사람 - 횡단중,보행자보호의무위반,건조,맑음,단일로 - 횡단보도상,승용,남,20세,상해없음,보행자,여,56세,중상
2013101400100209,2013년 10월 14일 10시,월요일,인천광역시 연수구 송도동,경상사고,0,0,2,0,차대차 - 측면직각충돌,신호위반,건조,맑음,교차로 - 교차로안,건설기계,남,54세,경상,승용,여,64세,경상
2013101400100236,2013년 10월 14일 11시,월요일,인천광역시 남동구 구월동,경상사고,0,0,1,0,차대차 - 추돌 - 주정차중,안전운전불이행,건조,맑음,단일로 - 기타,승용,남,45세,상해없음,승용,여,53세,경상
2013101400100237,2013년 10월 14일 11시,월요일,인천광역시 연수구 연수동,경상사고,0,0,1,0,차대차 - 측면직각충돌,신호위반,건조,맑음,교차로 - 교차로안,승용,남,53세,상해없음,이륜,남,56세,경상
2013101400100271,2013년 10월 14일 12시,월요일,인천광역시 남구 도화동,중상사고,0,1,1,0,차대차 - 추돌 - 진행중,안전운전불이행,건조,맑음,단일로 - 기타,승용,남,19세,상해없음,승합,남,53세,상해없음
2013101400100298,2013년 10월 14일 13시,월요일,인천광역시 부평구 십정동,중상사고,0,1,0,0,차대사람 - 기타,안전운전불이행,건조,맑음,단일로 - 기타,승합,남,53세,상해없음,보행자,여,68세,중상
2013101400100299,2013년 10월 14일 13시,월요일,인천광역시 서구 공촌동,경상사고,0,0,1,0,차대차 - 기타,안전거리미확보,건조,맑음,단일로 - 기타,승용,남,27세,기타불명,승용,여,45세,경상
2013101400100328,2013년 10월 14일 14시,월요일,인천광역시 강화군 양도면,경상사고,0,0,2,0,차대차 - 측면직각충돌,안전운전불이행,건조,맑음,교차로 - 교차로부근,승용,남,28세,상해없음,화물,남,58세,경상
2013101400100329,2013년 10월 14일 14시,월요일,인천광역시 연수구 동춘동,중상사고,0,6,2,0,차대차 - 기타,안전운전불이행,건조,맑음,기타 - 기타,승용,여,59세,상해없음,승용,여,49세,상해없음
2013101400100383,2013년 10월 14일 15시,월요일,인천광역시 남동구 구월동,중상사고,0,1,0,0,차대차 - 기타,안전운전불이행,건조,맑음,교차로 - 교차로안,자전거,남,81세,중상,화물,남,74세,상해없음
2013101400100416,2013년 10월 14일 16시,월요일,인천광역시 계양구 계산동,중상사고,0,1,0,0,차대사람 - 횡단중,신호위반,건조,맑음,교차로 - 교차로안,승용,남,52세,상해없음,보행자,남,63세,중상
2013101400100456,2013년 10월 14일 17시,월요일,인천광역시 남구 도화동,경상사고,0,0,1,0,차대차 - 기타,안전거리미확보,건조,맑음,교차로 - 교차로안,승용,여,29세,상해없음,승합,남,38세,상해없음
2013101400100457,2013년 10월 14일 17시,월요일,인천광역시 서구 오류동,중상사고,0,1,0,0,차대차 - 측면직각충돌,신호위반,건조,맑음,교차로 - 교차로안,승용,남,23세,상해없음,승용,남,47세,중상
2013101400100521,2013년 10월 14일 18시,월요일,인천광역시 연수구 송도동,중상사고,0,2,0,0,차대차 - 측면직각충돌,직진우회전진행방해,건조,맑음,교차로 - 교차로안,화물,남,49세,상해없음,승용,남,44세,중상
2013101400100522,2013년 10월 14일 18시,월요일,인천광역시 부평구 부개동,중상사고,0,1,0,0,차대사람 - 기타,안전운전불이행,건조,맑음,단일로 - 기타,승용,남,39세,상해없음,보행자,여,66세,중상
2013101400100606,2013년 10월 14일 20시,월요일,인천광역시 연수구 옥련동,중상사고,0,1,0,0,차대사람 - 횡단중,보행자보호의무위반,건조,맑음,단일로 - 횡단보도상,승용,여,43세,상해없음,보행자,남,54세,중상
2013101400100631,2013년 10월 14일 21시,월요일,인천광역시 연수구 송도동,경상사고,0,0,1,0,차대차 - 기타,안전운전불이행,건조,맑음,교차로 - 교차로안,승용,남,58세,상해없음,승용,남,25세,경상
2013101400100662,2013년 10월 14일 22시,월요일,인천광역시 남동구 논현동,경상사고,0,0,1,0,차대사람 - 기타,안전운전불이행,건조,맑음,단일로 - 기타,승용,남,31세,상해없음,보행자,남,27세,경상
2013101400100663,2013년 10월 14일 22시,월요일,인천광역시 서구 석남동,중상사고,0,1,0,0,차대사람 - 횡단중,보행자보호의무위반,건조,맑음,기타 - 기타,승용,남,40세,상해없음,보행자,여,44세,중상
2013101400100664,2013년 10월 14일 22시,월요일,인천광역시 연수구 선학동,경상사고,0,0,1,0,차대사람 - 길가장자리구역통행중,안전운전불이행,건조,맑음,단일로 - 기타,승용,남,43세,상해없음,보행자,남,26세,경상
2013101400100687,2013년 10월 14일 23시,월요일,인천광역시 서구 검암동,중상사고,0,1,2,0,차대차 - 측면직각충돌,안전거리미확보,건조,맑음,단일로 - 기타,승용,남,19세,상해없음,승용,남,25세,중상
2013101400100688,2013년 10월 14일 23시,월요일,인천광역시 계양구 작전동,경상사고,0,0,2,0,차대차 - 측면직각충돌,신호위반,건조,맑음,교차로 - 교차로부근,승용,남,40세,상해없음,승용,남,59세,경상
2013101500100018,2013년 10월 15일 00시,화요일,인천광역시 부평구 십정동,경상사고,0,0,1,0,차대사람 - 기타,안전운전불이행,건조,맑음,단일로 - 기타,승용,기타불명,기타불명,기타불명,보행자,남,29세,경상
2013101500100043,2013년 10월 15일 04시,화요일,인천광역시 서구 마전동,중상사고,0,1,0,0,차대차 - 추돌 - 주정차중,안전운전불이행,건조,맑음,단일로 - 기타,화물,남,45세,상해없음,특수,남,32세,기타불명
2013101500100044,2013년 10월 15일 04시,화요일,인천광역시 계양구 작전동,중상사고,0,1,0,0,차대차 - 측면직각충돌,교차로운행방법위반,건조,맑음,교차로 - 교차로안,승용,남,47세,상해없음,승용,남,33세,중상
2013101500100088,2013년 10월 15일 07시,화요일,인천광역시 중구 신흥동3가,사망사고,1,0,0,0,차대차 - 정면충돌,중앙선침범,습기,비,교차로 - 교차로부근,승용,남,31세,사망,화물,남,42세,상해없음
2013101500100116,2013년 10월 15일 08시,화요일,인천광역시 남구 학익동,경상사고,0,0,1,0,차대사람 - 기타,안전운전불이행,건조,맑음,기타 - 기타,승용,남,70세,상해없음,보행자,남,28세,경상