사고번호,사고일시,요일,시군구,사고내용,사망자수,중상자수,경상자수,부상신고자수,사고유형,법규위반,노면상태,기상상태,도로형태,가해운전자 차종,가해운전자 성별,가해운전자 연령,가해운전자 상해정도,피해운전자 차종,피해운전자 성별,피해운전자 연령,피해운전자 상해정도
2013102400100260,2013년 10월 24일 11시,목요일,인천광역시 남구 관교동,중상사고,0,1,0,0,차량단독 - 기타,안전운전불이행,건조,맑음,교차로 - 교차로부근,승합,남,56세,기타불명,,,,
2013102400100261,2013년 10월 24일 11시,목요일,인천광역시 계양구 계산동,경상사고,0,0,1,0,차대사람 - 횡단중,신호위반,건조,맑음,교차로 - 교차로부근,승용,남,55세,상해없음,보행자,여,40세,경상
2013102400100295,2013년 10월 24일 12시,목요일,인천광역시 남구 학익동,경상사고,0,0,1,0,차대사람 - 기타,안전운전불이행,건조,맑음,단일로 - 기타,이륜,기타불명,기타불명,기타불명,보행자,여,34세,경상
2013102400100318,2013년 10월 24일 13시,목요일,인천광역시 남동구 논현동,중상사고,0,1,0,0,차대차 - 기타,안전운전불이행,건조,맑음,교차로 - 교차로안,승용,남,32세,상해없음,자전거,여,26세,중상
2013102400100319,2013년 10월 24일 13시,목요일,인천광역시 서구 연희동,중상사고,0,1,0,0,차대사람 - 기타,신호위반,건조,맑음,단일로 - 기타,승합,남,42세,상해없음,보행자,여,52세,중상
2013102400100445,2013년 10월 24일 17시,목요일,인천광역시 남동구 구월동,경상사고,0,0,1,0,차대차 - 측면직각충돌,안전거리미확보,건조,맑음,단일로 - 기타,승합,남,51세,상해없음,승용,남,32세,경상
2013102400100446,2013년 10월 24일 17시,목요일,인천광역시 남동구 만수동,경상사고,0,0,2,0,차대차 - 측면직각충돌,안전거리미확보,건조,맑음,단일로 - 기타,승용,남,23세,상해없음,승용,남,31세,경상
2013102400100518,2013년 10월 24일 18시,목요일,인천광역시 남구 용현동,중상사고,0,1,0,0,차량단독 - 기타,안전운전불이행,건조,맑음,단일로 - 기타,승용,남,55세,상해없음,,,,
2013102400100519,2013년 10월 24일 18시,목요일,인천광역시 남동구 논현동,중상사고,0,1,0,0,차대차 - 측면직각충돌,신호위반,건조,맑음,교차로 - 교차로안,이륜,남,42세,중상,승용,남,18세,상해없음
2013102400100520,2013년 10월 24일 18시,목요일,인천광역시 서구 가좌동,경상사고,0,0,1,0,차대차 - 기타,안전운전불이행,건조,맑음,교차로 - 교차로안,승용,남,50세,상해없음,승용,남,47세,경상
2013102400100565,2013년 10월 24일 19시,목요일,인천광역시 남동구 간석동,경상사고,0,0,3,0,차대차 - 추돌 - 주정차중,차로위반,건조,맑음,단일로 - 기타,승용,남,23세,경상,승용,여,27세,경상
2013102400100566,2013년 10월 24일 19시,목요일,인천광역시 서구 당하동,경상사고,0,0,1,0,차대차 - 추돌 - 주정차중,안전운전불이행,건조,맑음,기타 - 기타,화물,남,59세,상해없음,승용,남,41세,경상
2013102400100595,2013년 10월 24일 20시,목요일,인천광역시 남구 용현동,중상사고,0,1,0,0,차대사람 - 기타,안전운전불이행,건조,맑음,단일로 - 기타,승용,남,54세,상해없음,보행자,남,59세,중상
2013102400100596,2013년 10월 24일 20시,목요일,인천광역시 남구 주안동,경상사고,0,0,1,0,차대차 - 측면직각충돌,안전운전불이행,건조,맑음,교차로 - 교차로안,승용,남,23세,상해없음,화물,남,38세,경상
2013102400100597,2013년 10월 24일 20시,목요일,인천광역시 연수구 동춘동,경상사고,0,0,1,0,차대차 - 추돌 - 진행중,안전운전불이행,건조,맑음,미분류 - 미분류,승용,남,29세,상해없음,자전거,남,19세,경상
2013102400100623,2013년 10월 24일 21시,목요일,인천광역시 서구 연희동,부상신고사고,0,0,0,1,차대차 - 측면직각충돌,교차로운행방법위반,건조,맑음,교차로 - 교차로안,승용,여,27세,상해없음,이륜,남,16세,부상신고
2013102400100654,2013년 10월 24일 22시,목요일,인천광역시 남동구 간석동,경상사고,0,0,2,0,차대차 - 추돌 - 주정차중,안전운전불이행,건조,맑음,단일로 - 기타,승용,여,52세,상해없음,승용,남,57세,경상
2013102500100013,2013년 10월 25일 00시,금요일,인천광역시 부평구 부평동,중상사고,0,1,1,0,차대차 - 추돌 - 주정차중,안전거리미확보,건조,흐림,단일로 - 기타,승용,남,27세,상해없음,승용,남,61세,상해없음
2013102500100068,2013년 10월 25일 04시,금요일,인천광역시 서구 신현동,경상사고,0,0,2,0,차대차 - 측면직각충돌,안전운전불이행,건조,맑음,교차로 - 교차로부근,승용,남,49세,상해없음,이륜,남,19세,경상
2013102500100079,2013년 10월 25일 05시,금요일,인천광역시 서구 석남동,중상사고,0,4,5,0,차대차 - 기타,신호위반,건조,맑음,교차로 - 교차로안,승용,여,64세,상해없음,승용,남,65세,중상
2013102500100103,2013년 10월 25일 06시,금요일,인천광역시 서구 가좌동,경상사고,0,0,2,0,차대차 - 기타,안전운전불이행,건조,맑음,교차로 - 교차로안,승용,남,37세,상해없음,승용,남,54세,경상
2013102500100126,2013년 10월 25일 07시,금요일,인천광역시 서구 마전동,경상사고,0,0,1,0,차대차 - 기타,안전거리미확보,건조,맑음,단일로 - 기타,승용,남,43세,상해없음,승용,남,57세,경상
2013102500100127,2013년 10월 25일 07시,금요일,인천광역시 서구 가정동,경상사고,0,0,1,0,차대차 - 기타,기타,건조,맑음,교차로 - 교차로부근,승용,남,40세,상해없음,승용,남,58세,경상
2013102500100228,2013년 10월 25일 10시,금요일,인천광역시 중구 신흥동3가,중상사고,0,1,0,0,차대사람 - 기타,안전운전불이행,건조,맑음,교차로 - 교차로부근,화물,남,38세,상해없음,보행자,남,56세,중상
2013102500100229,2013년 10월 25일 10시,금요일,인천광역시 계양구 계산동,경상사고,0,0,1,0,차대차 - 측면직각충돌,안전운전불이행,건조,맑음,단일로 - 기타,기타불명,기타불명,기타불명,기타불명,자전거,남,76세,경상
2013102500100259,2013년 10월 25일 11시,금요일,인천광역시 연수구 연수동,경상사고,0,0,1,0,차대사람 - 기타,안전운전불이행,건조,맑음,교차로 - 교차로안,승합,여,51세,상해없음,보행자,여,49세,경상
2013102500100292,2013년 10월 25일 12시,금요일,인천광역시 서구 연희동,경상사고,0,0,1,0,차량단독 - 기타,기타,건조,맑음,단일로 - 기타,승합,남,59세,상해없음,,,,
2013102500100324,2013년 10월 25일 13시,금요일,인천광역시 서구 심곡동,중상사고,0,1,0,0,차대사람 - 횡단중,안전운전불이행,건조,맑음,단일로 - 기타,이륜,남,18세,상해없음,보행자,여,46세,중상
2013102500100359,2013년 10월 25일 14시,금요일,인천광역시 서구 가좌동,경상사고,0,0,1,0,차대차 - 기타,안전거리미확보,건조,맑음,교차로 - 교차로안,기타불명,기타불명,기타불명,기타불명,승합,남,34세,상해없음
2013102500100360,2013년 10월 25일 14시,금요일,인천광역시 계양구 계산동,중상사고,0,3,1,0,차대차 - 정면충돌,신호위반,건조,맑음,교차로 - 교차로안,승합,남,74세,중상,화물,남,49세,중상
2013102500100395,2013년 10월 25일 15시,금요일,인천광역시 서구 당하동,경상사고,0,0,1,0,차대사람 - 횡단중,보행자보호의무위반,건조,맑음,교차로 - 교차로안,화물,남,50세,상해없음,보행자,여,52세,경상
2013102500100444,2013년 10월 25일 16시,금요일,인천광역시 강화군 강화읍,중상사고,0,1,0,0,차량단독 - 공작물충돌,안전운전불이행,건조,맑음,단일로 - 기타,승용,남,34세,상해없음,,,,
2013102500100445,2013년 10월 25일 16시,금요일,인천광역시 부평구 부개동,경상사고,0,0,1,0,차대차 - 측면직각충돌,교차로운행방법위반,건조,맑음,교차로 - 교차로안,승용,여,43세,상해없음,승용,남,70세,경상
2013102500100482,2013년 10월 25일 17시,금요일,인천광역시 부평구 산곡동,중상사고,0,1,0,0,차대사람 - 기타,신호위반,건조,맑음,단일로 - 기타,승용,여,44세,상해없음,보행자,남,52세,중상
2013102500100556,2013년 10월 25일 18시,금요일,인천광역시 중구 항동7가,경상사고,0,0,2,0,차대차 - 측면직각충돌,직진우회전진행방해,건조,맑음,교차로 - 교차로안,승용,남,46세,상해없음,승합,여,44세,경상
2013102500100557,2013년 10월 25일 18시,금요일,인천광역시 남구 숭의동,중상사고,0,1,0,0,차대사람 - 차도통행중,안전운전불이행,건조,맑음,단일로 - 기타,승용,남,39세,상해없음,보행자,남,9세,중상
2013102500100600,2013년 10월 25일 19시,금요일,인천광역시 계양구 귤현동,경상사고,0,0,1,0,차대차 - 측면직각충돌,안전운전불이행,건조,맑음,교차로 - 교차로안,승용,남,26세,상해없음,자전거,남,68세,경상
2013102500100601,2013년 10월 25일 19시,금요일,인천광역시 연수구 송도동,중상사고,0,1,0,0,차대차 - 기타,교차로운행방법위반,건조,맑음,교차로 - 교차로안,승용,남,44세,상해없음,원동기,남,39세,중상
2013102500100631,2013년 10월 25일 20시,금요일,인천광역시 서구 가정동,중상사고,0,2,1,0,차대차 - 추돌 - 진행중,안전운전불이행,건조,맑음,단일로 - 기타,승용,남,51세,상해없음,승용,남,53세,중상
2013102500100713,2013년 10월 25일 22시,금요일,인천광역시 계양구 용종동,중상사고,0,2,0,0,차대사람 - 횡단중,보행자보호의무위반,건조,맑음,단일로 - 횡단보도상,승용,남,45세,상해없음,보행자,남,20세,중상
2013102500100714,2013년 10월 25일 22시,금요일,인천광역시 계양구 작전동,중상사고,0,1,0,0,차대사람 - 보도통행중,보행자보호의무위반,건조,맑음,단일로 - 횡단보도상,승용,남,31세,상해없음,보행자,여,54세,중상
2013102500100743,2013년 10월 25일 23시,금요일,인천광역시 남동구 만수동,경상사고,0,0,3,0,차대차 - 측면직각충돌,교차로운행방법위반,건조,맑음,교차로 - 교차로안,원동기,남,18세,경상,승용,남,59세,경상
2013102600100020,2013년 10월 26일 00시,토요일,인천광역시 남동구 장수동,중상사고,0,1,0,0,차대차 - 정면충돌,신호위반,건조,맑음,교차로 - 교차로안,승용,여,51세,상해없음,이륜,남,43세,중상
2013102600100038,2013년 10월 26일 01시,토요일,인천광역시 부평구 산곡동,경상사고,0,0,1,0,차대차 - 기타,불법유턴,건조,맑음,교차로 - 교차로안,승용,남,52세,상해없음,이륜,남,18세,경상
2013102600100039,2013년 10월 26일 01시,토요일,인천광역시 남동구 구월동,경상사고,0,0,3,1,차대차 - 기타,신호위반,건조,맑음,교차로 - 교차로안,승용,남,60세,부상신고,승용,남,63세,경상
2013102600100073,2013년 10월 26일 03시,토요일,인천광역시 부평구 부평동,경상사고,0,0,2,0,차대차 - 추돌 - 주정차중,안전운전불이행,건조,맑음,단일로 - 기타,승용,남,43세,상해없음,승용,남,63세,경상
2013102600100114,2013년 10월 26일 06시,토요일,인천광역시 연수구 옥련동,사망사고,1,0,0,0,차대사람 - 기타,안전운전불이행,건조,맑음,단일로 - 기타,이륜,남,16세,상해없음,보행자,여,82세,사망
2013102600100115,2013년 10월 26일 06시,토요일,인천광역시 부평구 갈산동,경상사고,0,0,1,0,차대차 - 측면직각충돌,신호위반,건조,맑음,단일로 - 횡단보도상,승용,여,48세,상해없음,이륜,여,34세,경상
2013102600100116,2013년 10월 26일 06시,토요일,인천광역시 부평구 부개동,사망사고,1,0,0,0,차대사람 - 횡단중,안전운전불이행,건조,맑음,단일로 - 횡단보도상,승용,남,68세,상해없음,보행자,남,40세,사망
2013102600100136,2013년 10월 26일 07시,토요일,인천광역시 강화군 불은면,경상사고,0,0,1,0,차대차 - 기타,안전운전불이행,건조,맑음,단일로 - 기타,건설기계,남,44세,상해없음,승용,남,48세,경상
2013102600100164,2013년 10월 26일 08시,토요일,인천광역시 부평구 십정동,중상사고,0,1,0,0,차대차 - 기타,신호위반,건조,맑음,교차로 - 교차로안,승용,남,24세,상해없음,이륜,남,66세,중상
2013102600100165,2013년 10월 26일 08시,토요일,인천광역시 부평구 부평동,중상사고,0,1,0,0,차대차 - 기타,안전운전불이행,건조,맑음,단일로 - 기타,승용,남,49세,상해없음,이륜,남,19세,중상
2013102600100277,2013년 10월 26일 11시,토요일,인천광역시 중구 신흥동3가,중상사고,0,1,1,0,차대사람 - 기타,안전운전불이행,습기,흐림,기타 - 기타,승용,남,71세,상해없음,보행자,여,49세,중상
2013102600100278,2013년 10월 26일 11시,토요일,인천광역시 남구 도화동,경상사고,0,0,1,0,차대사람 - 기타,안전운전불이행,건조,맑음,단일로 - 기타,건설기계,남,49세,상해없음,보행자,여,74세,경상
2013102600100279,2013년 10월 26일 11시,토요일,인천광역시 남동구 구월동,경상사고,0,0,1,0,차대사람 - 기타,안전운전불이행,건조,맑음,단일로 - 기타,기타불명,기타불명,기타불명,기타불명,보행자,남,44세,경상
2013102600100280,2013년 10월 26일 11시,토요일,인천광역시 연수구 선학동,경상사고,0,0,1,0,차대사람 - 보도통행중,안전운전불이행,건조,맑음,교차로 - 교차로부근,승용,남,57세,상해없음,보행자,여,5세,경상
2013102600100320,2013년 10월 26일 12시,토요일,인천광역시 중구 신흥동3가,중상사고,0,1,0,0,차대차 - 측면직각충돌,신호위반,건조,맑음,교차로 - 교차로안,승용,남,77세,상해없음,승용,남,53세,중상
2013102600100321,2013년 10월 26일 12시,토요일,인천광역시 중구 사동,경상사고,0,0,2,0,차대차 - 측면직각충돌,교차로운행방법위반,건조,맑음,교차로 - 교차로안,특수,남,66세,상해없음,승용,여,45세,경상
2013102600100361,2013년 10월 26일 13시,토요일,인천광역시 서구 원창동,경상사고,0,0,1,0,차대차 - 기타,신호위반,건조,맑음,교차로 - 교차로안,승용,남,26세,상해없음,승용,남,46세,경상
2013102600100395,2013년 10월 26일 14시,토요일,인천광역시 부평구 부평동,중상사고,0,3,0,0,차대차 - 기타,기타,건조,맑음,교차로 - 교차로부근,승용,여,50세,상해없음,승합,남,45세,상해없음
2013102600100396,2013년 10월 26일 14시,토요일,인천광역시 부평구 십정동,경상사고,0,0,2,0,차대차 - 측면직각충돌,안전운전불이행,건조,맑음,교차로 - 교차로안,승용,남,25세,상해없음,승용,여,50세,경상
2013102600100397,2013년 10월 26일 14시,토요일,인천광역시 남동구 구월동,중상사고,0,1,0,0,차대사람 - 차도통행중,안전운전불이행,건조,맑음,단일로 - 기타,승합,남,32세,상해없음,보행자,여,70세,중상
2013102600100398,2013년 10월 26일 14시,토요일,인천광역시 남동구 만수동,부상신고사고,0,0,0,1,차대차 - 측면직각충돌,안전운전불이행,건조,맑음,교차로 - 교차로부근,자전거,남,14세,부상신고,승용,남,22세,상해없음
2013102600100399,2013년 10월 26일 14시,토요일,인천광역시 남동구 고잔동,경상사고,0,0,1,0,차대차 - 추돌 - 주정차중,안전운전불이행,건조,맑음,교차로 - 교차로부근,승용,남,54세,상해없음,화물,남,53세,경상
2013102600100471,2013년 10월 26일 16시,토요일,인천광역시 옹진군 북도면,경상사고,0,0,1,0,차대차 - 추돌 - 진행중,안전운전불이행,건조,맑음,단일로 - 교량,원동기,남,34세,상해없음,자전거,남,34세,경상
2013102600100472,2013년 10월 26일 16시,토요일,인천광역시 남동구 구월동,경상사고,0,0,2,0,차대차 - 기타,안전운전불이행,건조,맑음,단일로 - 기타,화물,남,21세,상해없음,승용,남,35세,경상
2013102600100473,2013년 10월 26일 16시,토요일,인천광역시 남동구 만수동,경상사고,0,0,1,0,차대사람 - 기타,안전운전불이행,건조,맑음,단일로 - 기타,승용,남,37세,상해없음,보행자,남,31세,경상
2013102600100560,2013년 10월 26일 18시,토요일,인천광역시 부평구 부평동,경상사고,0,0,1,0,차대차 - 추돌 - 주정차중,안전운전불이행,건조,맑음,교차로 - 교차로부근,승용,남,61세,상해없음,승용,남,56세,경상
2013102600100561,2013년 10월 26일 18시,토요일,인천광역시 남동구 장수동,경상사고,0,0,1,0,차대사람 - 횡단중,교차로운행방법위반,건조,맑음,교차로 - 교차로안,승용,여,60세,상해없음,보행자,여,33세,경상
2013102600100562,2013년 10월 26일 18시,토요일,인천광역시 서구 가정동,경상사고,0,0,1,0,차대차 - 측면직각충돌,안전운전불이행,건조,맑음,단일로 - 기타,건설기계,남,42세,상해없음,승용,남,31세,경상
2013102600100563,2013년 10월 26일 18시,토요일,인천광역시 부평구 갈산동,경상사고,0,0,1,0,차대사람 - 기타,안전운전불이행,건조,흐림,교차로 - 교차로부근,승용,남,75세,상해없음,보행자,남,18세,경상
2013102600100608,2013년 10월 26일 19시,토요일,인천광역시 남구 주안동,경상사고,0,0,1,0,차대차 - 기타,안전운전불이행,건조,맑음,단일로 - 기타,승용,여,54세,상해없음,이륜,남,25세,경상
2013102600100609,2013년 10월 26일 19시,토요일,인천광역시 서구 연희동,경상사고,0,0,1,0,차대차 - 측면직각충돌,신호위반,건조,맑음,교차로 - 교차로부근,이륜,남,26세,상해없음,이륜,남,45세,경상
2013102600100610,2013년 10월 26일 19시,토요일,인천광역시 계양구 계산동,경상사고,0,0,1,0,차대차 - 추돌 - 진행중,안전운전불이행,건조,맑음,교차로 - 교차로부근,승용,여,55세,상해없음,승용,남,34세,경상
2013102600100646,2013년 10월 26일 20시,토요일,인천광역시 남동구 만수동,경상사고,0,0,2,0,차대차 - 추돌 - 진행중,안전운전불이행,건조,맑음,교차로 - 교차로부근,승용,여,40세,상해없음,승용,남,45세,경상
2013102600100675,2013년 10월 26일 21시,토요일,인천광역시 남구 용현동,경상사고,0,0,3,0,차대차 - 기타,안전운전불이행,건조,맑음,단일로 - 기타,화물,남,40세,상해없음,승용,남,59세,경상
2013102600100676,2013년 10월 26일 21시,토요일,인천광역시 남동구 간석동,경상사고,0,0,2,0,차대차 - 추돌 - 주정차중,안전운전불이행,건조,맑음,교차로 - 교차로부근,승용,남,52세,상해없음,승용,남,57세,경상
2013102600100677,2013년 10월 26일 21시,토요일,인천광역시 남동구 만수동,경상사고,0,0,1,0,차대차 - 측면직각충돌,안전거리미확보,건조,맑음,교차로 - 교차로안,승용,여,37세,상해없음,승용,남,56세,상해없음
2013102600100678,2013년 10월 26일 21시,토요일,인천광역시 서구 심곡동,경상사고,0,0,1,0,차대차 - 기타,안전운전불이행,건조,맑음,단일로 - 기타,승용,남,31세,상해없음,승용,남,53세,경상
2013102600100680,2013년 10월 26일 21시,토요일,인천광역시 계양구 계산동,경상사고,0,0,1,0,차대사람 - 횡단중,신호위반,건조,맑음,교차로 - 교차로안,승용,여,48세,상해없음,보행자,남,33세,경상
2013102600100714,2013년 10월 26일 22시,토요일,인천광역시 부평구 산곡동,경상사고,0,0,1,0,차대차 - 기타,중앙선침범,건조,맑음,단일로 - 기타,승용,남,47세,상해없음,원동기,남,16세,경상
2013102600100715,2013년 10월 26일 22시,토요일,인천광역시 부평구 십정동,중상사고,0,1,0,0,차대사람 - 횡단중,신호위반,건조,맑음,단일로 - 횡단보도상,승용,남,71세,상해없음,보행자,남,34세,중상
2013102600100716,2013년 10월 26일 22시,토요일,인천광역시 부평구 산곡동,부상신고사고,0,0,0,1,차대사람 - 횡단중,안전운전불이행,건조,맑음,단일로 - 기타,승용,남,37세,상해없음,보행자,남,47세,부상신고
2013102700100022,2013년 10월 27일 00시,일요일,인천광역시 남동구 간석동,경상사고,0,0,2,0,차대차 - 측면직각충돌,신호위반,건조,맑음,교차로 - 교차로안,승용,남,64세,상해없음,승용,남,65세,경상
2013102700100035,2013년 10월 27일 01시,일요일,인천광역시 남구 주안동,경상사고,0,0,7,0,차대차 - 추돌 - 진행중,안전운전불이행,건조,맑음,단일로 - 기타,승용,남,27세,상해없음,승용,여,40세,경상
2013102700100065,2013년 10월 27일 03시,일요일,인천광역시 남구 도화동,중상사고,0,2,0,0,차대차 - 측면직각충돌,안전운전불이행,건조,맑음,단일로 - 기타,승용,남,19세,상해없음,승용,여,44세,중상
2013102700100078,2013년 10월 27일 04시,일요일,인천광역시 서구 석남동,중상사고,0,2,1,0,차대차 - 기타,안전운전불이행,건조,맑음,단일로 - 기타,승용,남,29세,중상,승합,남,49세,경상
2013102700100105,2013년 10월 27일 06시,일요일,인천광역시 계양구 계산동,경상사고,0,0,1,0,차대차 - 추돌 - 주정차중,안전운전불이행,건조,맑음,교차로 - 교차로부근,승용,남,25세,상해없음,승용,남,68세,경상
2013102700100167,2013년 10월 27일 09시,일요일,인천광역시 남동구 구월동,부상신고사고,0,0,0,1,차대사람 - 횡단중,신호위반,건조,맑음,교차로 - 교차로부근,승용,남,34세,상해없음,보행자,남,48세,부상신고
2013102700100185,2013년 10월 27일 10시,일요일,인천광역시 서구 가정동,중상사고,0,1,2,0,차대차 - 추돌 - 진행중,안전운전불이행,건조,맑음,단일로 - 기타,승용,남,52세,상해없음,승용,남,47세,경상
2013102700100290,2013년 10월 27일 14시,일요일,인천광역시 남동구 논현동,경상사고,0,0,1,0,차대사람 - 기타,안전운전불이행,건조,맑음,교차로 - 교차로안,이륜,남,38세,상해없음,보행자,남,47세,경상
2013102700100291,2013년 10월 27일 14시,일요일,인천광역시 남동구 논현동,경상사고,0,0,2,0,차대차 - 기타,안전운전불이행,건조,맑음,단일로 - 기타,승용,남,47세,상해없음,승용,남,31세,경상
2013102700100326,2013년 10월 27일 15시,일요일,인천광역시 강화군 길상면,중상사고,0,1,0,0,차대차 - 기타,안전운전불이행,건조,맑음,단일로 - 기타,승용,남,58세,상해없음,자전거,여,58세,중상
2013102700100367,2013년 10월 27일 16시,일요일,인천광역시 남구 학익동,경상사고,0,0,2,0,차대차 - 기타,안전운전불이행,건조,맑음,단일로 - 기타,화물,남,56세,상해없음,승용,남,60세,경상
2013102700100368,2013년 10월 27일 16시,일요일,인천광역시 서구 원창동,경상사고,0,0,2,0,차대차 - 측면직각충돌,안전운전불이행,건조,맑음,단일로 - 기타,화물,남,49세,상해없음,화물,남,34세,경상
2013102700100401,2013년 10월 27일 17시,일요일,인천광역시 중구 항동7가,경상사고,0,0,1,0,차대사람 - 기타,안전운전불이행,건조,맑음,단일로 - 기타,화물,남,54세,상해없음,보행자,여,38세,경상
2013102700100402,2013년 10월 27일 17시,일요일,인천광역시 서구 원당동,경상사고,0,0,1,0,차대사람 - 횡단중,안전운전불이행,건조,맑음,교차로 - 교차로부근,승용,여,29세,상해없음,보행자,남,5세,경상
2013102700100453,2013년 10월 27일 18시,일요일,인천광역시 남구 주안동,경상사고,0,0,1,0,차대사람 - 기타,안전운전불이행,건조,맑음,단일로 - 기타,승용,여,44세,상해없음,보행자,남,49세,경상
2013102700100454,2013년 10월 27일 18시,일요일,인천광역시 남동구 만수동,중상사고,0,2,0,1,차대사람 - 기타,안전운전불이행,건조,맑음,단일로 - 기타,승합,남,58세,상해없음,보행자,여,60세,중상
2013102700100455,2013년 10월 27일 18시,일요일,인천광역시 강화군 삼산면,중상사고,0,1,0,0,차대차 - 기타,안전운전불이행,건조,맑음,단일로 - 기타,화물,남,61세,상해없음,자전거,여,67세,중상
2013102700100491,2013년 10월 27일 19시,일요일,인천광역시 남동구 간석동,중상사고,0,1,0,0,차대사람 - 횡단중,보행자보호의무위반,건조,맑음,교차로 - 교차로부근,승용,남,57세,상해없음,보행자,남,54세,중상
2013102700100542,2013년 10월 27일 21시,일요일,인천광역시 남동구 논현동,경상사고,0,0,1,0,차대사람 - 기타,안전운전불이행,건조,맑음,단일로 - 교량,자전거,남,65세,상해없음,보행자,남,54세,경상
2013102700100561,2013년 10월 27일 22시,일요일,인천광역시 부평구 삼산동,경상사고,0,0,1,0,차대차 - 측면직각충돌,안전운전불이행,건조,맑음,교차로 - 교차로안,승용,남,30세,상해없음,승용,여,37세,경상
2013102800100027,2013년 10월 28일 02시,월요일,인천광역시 남구 주안동,경상사고,0,0,1,0,차대차 - 추돌 - 주정차중,안전운전불이행,건조,맑음,단일로 - 기타,승용,남,41세,상해없음,화물,남,53세,상해없음
2013102800100050,2013년 10월 28일 05시,월요일,인천광역시 남동구 만수동,경상사고,0,0,1,0,차대차 - 측면직각충돌,교차로운행방법위반,건조,맑음,교차로 - 교차로안,승용,남,41세,상해없음,승용,남,56세,경상
2013102800100062,2013년 10월 28일 06시,월요일,인천광역시 서구 석남동,중상사고,0,1,0,1,차대차 - 측면직각충돌,안전운전불이행,건조,맑음,단일로 - 터널,승용,남,32세,부상신고,승용,남,58세,중상
2013102800100150,2013년 10월 28일 09시,월요일,인천광역시 중구 중산동,경상사고,0,0,1,0,차대차 - 측면직각충돌,안전운전불이행,건조,맑음,기타 - 기타,승용,여,49세,상해없음,자전거,남,61세,경상
2013102800100349,2013년 10월 28일 16시,월요일,인천광역시 서구 마전동,중상사고,0,1,0,0,차대차 - 기타,안전운전불이행,건조,맑음,교차로 - 교차로안,승용,남,55세,상해없음,이륜,남,69세,중상
2013102800100386,2013년 10월 28일 17시,월요일,인천광역시 동구 화수동,중상사고,0,1,0,0,차대차 - 측면직각충돌,중앙선침범,건조,맑음,기타 - 기타,승용,남,53세,상해없음,승용,남,54세,중상
2013102800100387,2013년 10월 28일 17시,월요일,인천광역시 서구 원당동,경상사고,0,0,1,0,차대사람 - 기타,안전운전불이행,건조,맑음,단일로 - 기타,기타불명,기타불명,기타불명,기타불명,보행자,여,17세,경상
2013102800100453,2013년 10월 28일 18시,월요일,인천광역시 남구 주안동,경상사고,0,0,1,0,차대사람 - 횡단중,안전운전불이행,건조,맑음,단일로 - 기타,승용,남,49세,상해없음,보행자,남,68세,경상
2013102800100454,2013년 10월 28일 18시,월요일,인천광역시 서구 가좌동,경상사고,0,0,1,0,차대차 - 기타,안전운전불이행,건조,맑음,단일로 - 기타,승용,기타불명,기타불명,기타불명,승용,남,51세,경상
2013102800100455,2013년 10월 28일 18시,월요일,인천광역시 연수구 동춘동,경상사고,0,0,1,0,차대사람 - 기타,안전운전불이행,건조,맑음,기타 - 기타,승용,남,78세,상해없음,보행자,남,26세,경상
2013102800100456,2013년 10월 28일 18시,월요일,인천광역시 부평구 삼산동,경상사고,0,0,2,0,차대차 - 측면직각충돌,중앙선침범,건조,맑음,교차로 - 교차로부근,승용,여,55세,상해없음,승합,남,39세,경상
2013102800100493,2013년 10월 28일 19시,월요일,인천광역시 남동구 만수동,중상사고,0,1,5,0,차대차 - 측면직각충돌,안전운전불이행,건조,맑음,단일로 - 기타,승합,남,54세,상해없음,승용,남,43세,중상
2013102800100494,2013년 10월 28일 19시,월요일,인천광역시 계양구 상야동,경상사고,0,0,1,0,차대차 - 추돌 - 진행중,안전운전불이행,건조,맑음,교차로 - 교차로부근,화물,남,42세,상해없음,승용,남,57세,경상
2013102800100521,2013년 10월 28일 20시,월요일,인천광역시 남동구 구월동,중상사고,0,1,0,0,차대차 - 측면직각충돌,신호위반,건조,맑음,교차로 - 교차로부근,화물,남,33세,상해없음,자전거,남,31세,중상
2013102800100551,2013년 10월 28일 21시,월요일,인천광역시 부평구 산곡동,중상사고,0,1,0,0,차대사람 - 기타,안전운전불이행,건조,맑음,단일로 - 기타,승용,여,51세,상해없음,보행자,남,53세,중상
2013102800100552,2013년 10월 28일 21시,월요일,인천광역시 남동구 만수동,경상사고,0,0,1,0,차대차 - 정면충돌,안전운전불이행,건조,맑음,교차로 - 교차로부근,승용,남,52세,상해없음,승용,남,67세,경상
2013102800100553,2013년 10월 28일 21시,월요일,인천광역시 연수구 청학동,경상사고,0,0,1,0,차대차 - 기타,안전운전불이행,건조,맑음,교차로 - 교차로부근,승용,남,17세,상해없음,승용,남,46세,경상
2013102900100025,2013년 10월 29일 00시,화요일,인천광역시 서구 가정동,중상사고,0,2,0,0,차대사람 - 횡단중,보행자보호의무위반,건조,맑음,단일로 - 횡단보도상,승용,남,58세,상해없음,보행자,여,57세,중상