사고번호,사고일시,요일,시군구,사고내용,사망자수,중상자수,경상자수,부상신고자수,사고유형,법규위반,노면상태,기상상태,도로형태,가해운전자 차종,가해운전자 성별,가해운전자 연령,가해운전자 상해정도,피해운전자 차종,피해운전자 성별,피해운전자 연령,피해운전자 상해정도
2013110200100653,2013년 11월 2일 20시,토요일,인천광역시 남동구 만수동,경상사고,0,0,1,1,차대사람 - 길가장자리구역통행중,안전운전불이행,건조,맑음,단일로 - 기타,승용,남,53세,부상신고,보행자,여,51세,경상
2013110200100722,2013년 11월 2일 22시,토요일,인천광역시 남동구 장수동,경상사고,0,0,1,0,차대차 - 추돌 - 진행중,안전거리미확보,건조,맑음,단일로 - 교량,승합,남,51세,상해없음,승용,남,52세,상해없음
2013110200100723,2013년 11월 2일 22시,토요일,인천광역시 서구 불로동,중상사고,0,1,0,0,차대사람 - 기타,신호위반,건조,맑음,교차로 - 교차로부근,승용,기타불명,기타불명,기타불명,보행자,여,22세,중상
2013110200100724,2013년 11월 2일 22시,토요일,인천광역시 계양구 귤현동,경상사고,0,0,1,0,차대차 - 측면직각충돌,안전거리미확보,건조,맑음,단일로 - 기타,기타불명,기타불명,기타불명,기타불명,승용,여,25세,경상
2013110200100751,2013년 11월 2일 23시,토요일,인천광역시 부평구 갈산동,중상사고,0,1,0,0,차대차 - 기타,안전거리미확보,건조,맑음,단일로 - 기타,승용,남,25세,상해없음,이륜,남,52세,중상
2013110200100752,2013년 11월 2일 23시,토요일,인천광역시 부평구 삼산동,경상사고,0,0,2,0,차대차 - 추돌 - 진행중,안전운전불이행,습기,맑음,단일로 - 기타,승용,남,28세,상해없음,승용,남,63세,경상
2013110300100030,2013년 11월 3일 00시,일요일,인천광역시 서구 가좌동,경상사고,0,0,1,0,차대사람 - 기타,안전운전불이행,건조,맑음,단일로 - 기타,승용,남,37세,상해없음,보행자,남,50세,경상
2013110300100031,2013년 11월 3일 00시,일요일,인천광역시 계양구 계산동,경상사고,0,0,1,0,차대사람 - 길가장자리구역통행중,안전운전불이행,건조,맑음,단일로 - 기타,기타불명,기타불명,기타불명,기타불명,보행자,여,77세,경상
2013110300100077,2013년 11월 3일 03시,일요일,인천광역시 강화군 강화읍,중상사고,0,1,0,0,차대사람 - 기타,안전운전불이행,기타,안개,단일로 - 기타,승용,여,45세,기타불명,보행자,남,44세,중상
2013110300100132,2013년 11월 3일 08시,일요일,인천광역시 남동구 구월동,중상사고,0,1,0,0,차대차 - 기타,교차로운행방법위반,건조,맑음,교차로 - 교차로안,승용,남,19세,상해없음,승용,남,51세,중상
2013110300100166,2013년 11월 3일 10시,일요일,인천광역시 계양구 작전동,중상사고,0,1,0,0,차대차 - 기타,안전운전불이행,건조,맑음,교차로 - 교차로부근,승용,기타불명,기타불명,기타불명,자전거,여,44세,중상
2013110300100269,2013년 11월 3일 14시,일요일,인천광역시 강화군 내가면,경상사고,0,0,1,0,차대사람 - 기타,안전운전불이행,건조,맑음,단일로 - 기타,화물,남,64세,상해없음,보행자,남,56세,경상
2013110300100314,2013년 11월 3일 16시,일요일,인천광역시 남동구 만수동,경상사고,0,0,1,0,차대차 - 추돌 - 주정차중,안전거리미확보,건조,맑음,기타 - 기타,승용,남,51세,상해없음,승용,남,36세,경상
2013110300100315,2013년 11월 3일 16시,일요일,인천광역시 서구 왕길동,경상사고,0,0,1,0,차대사람 - 기타,안전운전불이행,건조,맑음,교차로 - 교차로부근,기타불명,기타불명,기타불명,기타불명,보행자,남,14세,경상
2013110300100316,2013년 11월 3일 16시,일요일,인천광역시 부평구 일신동,경상사고,0,0,3,0,차대차 - 추돌 - 진행중,안전거리미확보,건조,맑음,단일로 - 기타,승용,남,38세,상해없음,승용,여,37세,경상
2013110300100352,2013년 11월 3일 17시,일요일,인천광역시 서구 공촌동,경상사고,0,0,2,0,차대차 - 기타,안전거리미확보,건조,맑음,단일로 - 기타,화물,남,59세,경상,화물,남,55세,경상
2013110300100392,2013년 11월 3일 18시,일요일,인천광역시 남동구 구월동,경상사고,0,0,2,0,차대사람 - 횡단중,안전운전불이행,건조,맑음,단일로 - 기타,승용,남,56세,상해없음,보행자,남,24세,경상
2013110300100451,2013년 11월 3일 20시,일요일,인천광역시 남구 주안동,경상사고,0,0,1,0,차대사람 - 횡단중,안전운전불이행,건조,흐림,기타 - 기타,승용,남,44세,상해없음,보행자,남,50세,경상
2013110300100452,2013년 11월 3일 20시,일요일,인천광역시 남구 주안동,경상사고,0,0,3,0,차대차 - 추돌 - 진행중,안전운전불이행,건조,맑음,단일로 - 기타,승용,남,30세,상해없음,승용,남,25세,경상
2013110300100453,2013년 11월 3일 20시,일요일,인천광역시 서구 왕길동,경상사고,0,0,1,0,차대차 - 기타,안전운전불이행,습기,비,단일로 - 기타,승용,남,41세,상해없음,이륜,남,34세,경상
2013110300100454,2013년 11월 3일 20시,일요일,인천광역시 부평구 삼산동,중상사고,0,1,1,0,차대차 - 추돌 - 진행중,안전운전불이행,건조,맑음,교차로 - 교차로부근,화물,남,52세,상해없음,승용,남,48세,중상
2013110300100476,2013년 11월 3일 21시,일요일,인천광역시 부평구 부평동,경상사고,0,0,1,0,차대차 - 기타,신호위반,건조,맑음,교차로 - 교차로부근,승용,남,40세,상해없음,이륜,남,34세,경상
2013110300100477,2013년 11월 3일 21시,일요일,인천광역시 연수구 선학동,경상사고,0,0,1,0,차대차 - 기타,안전운전불이행,습기,비,단일로 - 기타,승용,남,51세,상해없음,승용,여,30세,경상
2013110300100495,2013년 11월 3일 22시,일요일,인천광역시 부평구 산곡동,중상사고,0,1,1,0,차대차 - 기타,중앙선침범,건조,맑음,단일로 - 기타,자전거,남,76세,중상,원동기,남,42세,상해없음
2013110300100513,2013년 11월 3일 23시,일요일,인천광역시 연수구 연수동,중상사고,0,1,0,0,차대사람 - 기타,안전운전불이행,건조,맑음,단일로 - 기타,승용,남,46세,상해없음,보행자,여,19세,중상
2013110400100032,2013년 11월 4일 03시,월요일,인천광역시 계양구 작전동,경상사고,0,0,1,0,차대차 - 측면직각충돌,신호위반,건조,맑음,교차로 - 교차로안,승용,남,28세,상해없음,승용,남,61세,경상
2013110400100065,2013년 11월 4일 06시,월요일,인천광역시 부평구 산곡동,중상사고,0,1,0,0,차대사람 - 기타,보행자보호의무위반,건조,맑음,단일로 - 횡단보도상,승용,남,33세,상해없음,보행자,여,62세,중상
2013110400100093,2013년 11월 4일 07시,월요일,인천광역시 중구 신흥동3가,중상사고,0,1,0,0,차대차 - 측면직각충돌,중앙선침범,건조,맑음,단일로 - 기타,특수,남,64세,상해없음,승용,남,45세,중상
2013110400100141,2013년 11월 4일 08시,월요일,인천광역시 중구 신흥동3가,경상사고,0,0,1,0,차대차 - 추돌 - 진행중,안전거리미확보,건조,맑음,교차로 - 교차로안,특수,남,39세,상해없음,승용,여,41세,경상
2013110400100142,2013년 11월 4일 08시,월요일,인천광역시 남동구 남촌동,경상사고,0,0,1,0,차대차 - 측면직각충돌,중앙선침범,건조,맑음,단일로 - 기타,승용,남,31세,상해없음,승합,남,50세,경상
2013110400100210,2013년 11월 4일 10시,월요일,인천광역시 부평구 청천동,경상사고,0,0,2,0,차대차 - 측면직각충돌,교차로운행방법위반,건조,맑음,교차로 - 교차로안,승용,남,54세,상해없음,승용,여,26세,경상
2013110400100262,2013년 11월 4일 12시,월요일,인천광역시 남동구 남촌동,경상사고,0,0,1,0,차대차 - 기타,안전거리미확보,건조,맑음,기타 - 기타,화물,기타불명,기타불명,기타불명,승용,남,53세,경상
2013110400100280,2013년 11월 4일 13시,월요일,인천광역시 남구 학익동,부상신고사고,0,0,0,1,차대차 - 측면직각충돌,안전거리미확보,건조,맑음,단일로 - 기타,자전거,남,70세,부상신고,승용,남,50세,상해없음
2013110400100281,2013년 11월 4일 13시,월요일,인천광역시 부평구 산곡동,경상사고,0,0,1,1,차대차 - 측면직각충돌,신호위반,건조,맑음,교차로 - 교차로부근,승용,남,77세,부상신고,화물,남,49세,경상
2013110400100314,2013년 11월 4일 14시,월요일,인천광역시 부평구 구산동,경상사고,0,0,1,0,차대차 - 기타,안전운전불이행,건조,맑음,단일로 - 기타,승합,여,49세,상해없음,승용,남,60세,경상
2013110400100342,2013년 11월 4일 15시,월요일,인천광역시 부평구 부평동,경상사고,0,0,1,0,차대차 - 추돌 - 진행중,안전거리미확보,건조,맑음,단일로 - 기타,승용,남,40세,상해없음,화물,남,51세,경상
2013110400100343,2013년 11월 4일 15시,월요일,인천광역시 강화군 길상면,경상사고,0,0,1,0,차대사람 - 길가장자리구역통행중,안전운전불이행,건조,맑음,단일로 - 기타,승합,남,61세,상해없음,보행자,남,18세,경상
2013110400100369,2013년 11월 4일 16시,월요일,인천광역시 남구 주안동,중상사고,0,1,0,0,차량단독 - 기타,기타,건조,맑음,단일로 - 교량,승합,남,45세,상해없음,,,,
2013110400100413,2013년 11월 4일 17시,월요일,인천광역시 서구 원창동,중상사고,0,1,0,1,차대사람 - 기타,안전운전불이행,건조,맑음,단일로 - 기타,승용,남,74세,부상신고,보행자,남,75세,중상
2013110400100468,2013년 11월 4일 18시,월요일,인천광역시 서구 경서동,중상사고,0,1,0,0,차대사람 - 횡단중,안전운전불이행,건조,맑음,단일로 - 기타,승용,남,42세,상해없음,보행자,남,10세,중상
2013110400100469,2013년 11월 4일 18시,월요일,인천광역시 연수구 동춘동,경상사고,0,0,3,0,차대차 - 추돌 - 진행중,안전거리미확보,건조,맑음,단일로 - 기타,승용,남,64세,상해없음,승용,남,44세,경상
2013110400100508,2013년 11월 4일 19시,월요일,인천광역시 남동구 논현동,중상사고,0,1,0,0,차대차 - 기타,교차로운행방법위반,건조,맑음,교차로 - 교차로안,승용,남,33세,상해없음,승합,남,29세,중상
2013110400100509,2013년 11월 4일 19시,월요일,인천광역시 남동구 만수동,경상사고,0,0,1,0,차대사람 - 기타,안전운전불이행,건조,맑음,교차로 - 교차로안,승용,기타불명,기타불명,기타불명,보행자,남,15세,경상
2013110400100510,2013년 11월 4일 19시,월요일,인천광역시 남동구 간석동,중상사고,0,1,1,0,차대차 - 추돌 - 주정차중,안전거리미확보,건조,맑음,단일로 - 기타,승용,여,32세,상해없음,승용,남,57세,중상
2013110400100545,2013년 11월 4일 20시,월요일,인천광역시 남구 용현동,부상신고사고,0,0,0,1,차대차 - 기타,안전운전불이행,건조,맑음,단일로 - 기타,기타불명,기타불명,기타불명,기타불명,승용,남,27세,부상신고
2013110400100573,2013년 11월 4일 21시,월요일,인천광역시 남구 용현동,경상사고,0,0,2,0,차대차 - 추돌 - 진행중,차로위반,건조,맑음,교차로 - 교차로부근,승용,남,43세,상해없음,승용,남,24세,경상
2013110400100574,2013년 11월 4일 21시,월요일,인천광역시 남동구 만수동,경상사고,0,0,1,0,차대사람 - 기타,보행자보호의무위반,건조,맑음,교차로 - 교차로안,화물,남,57세,상해없음,보행자,여,38세,경상
2013110400100575,2013년 11월 4일 21시,월요일,인천광역시 남동구 만수동,중상사고,0,1,0,0,차대사람 - 횡단중,안전운전불이행,건조,맑음,단일로 - 기타,승용,여,39세,상해없음,보행자,여,30세,중상
2013110400100619,2013년 11월 4일 23시,월요일,인천광역시 부평구 청천동,경상사고,0,0,1,0,차대사람 - 기타,안전운전불이행,건조,맑음,단일로 - 기타,승용,남,31세,상해없음,보행자,남,42세,경상
2013110400100620,2013년 11월 4일 23시,월요일,인천광역시 남동구 남촌동,경상사고,0,0,1,0,차대차 - 기타,안전운전불이행,건조,맑음,단일로 - 기타,승용,남,47세,상해없음,승용,남,28세,상해없음
2013110500100015,2013년 11월 5일 00시,화요일,인천광역시 남구 도화동,경상사고,0,0,2,0,차대차 - 기타,안전운전불이행,건조,맑음,교차로 - 교차로안,승용,남,20세,상해없음,승용,남,55세,경상
2013110500100032,2013년 11월 5일 01시,화요일,인천광역시 서구 마전동,경상사고,0,0,2,0,차대차 - 기타,안전운전불이행,건조,맑음,단일로 - 기타,승용,남,31세,상해없음,승용,남,44세,경상
2013110500100083,2013년 11월 5일 06시,화요일,인천광역시 부평구 산곡동,경상사고,0,0,1,0,차대차 - 측면직각충돌,신호위반,건조,맑음,교차로 - 교차로안,승용,남,66세,상해없음,승합,남,66세,경상
2013110500100084,2013년 11월 5일 06시,화요일,인천광역시 서구 연희동,중상사고,0,1,0,0,차대차 - 기타,안전운전불이행,건조,맑음,교차로 - 교차로부근,승용,남,69세,상해없음,자전거,남,32세,중상
2013110500100115,2013년 11월 5일 07시,화요일,인천광역시 중구 항동7가,경상사고,0,0,1,0,차대차 - 측면직각충돌,안전운전불이행,건조,맑음,교차로 - 교차로부근,승용,남,43세,상해없음,자전거,남,41세,경상
2013110500100161,2013년 11월 5일 08시,화요일,인천광역시 서구 가좌동,경상사고,0,0,1,0,차대사람 - 기타,안전운전불이행,건조,맑음,교차로 - 교차로부근,승합,남,63세,상해없음,보행자,남,10세,경상
2013110500100182,2013년 11월 5일 09시,화요일,인천광역시 남동구 만수동,경상사고,0,0,1,0,차대차 - 추돌 - 진행중,안전운전불이행,건조,맑음,단일로 - 기타,승용,남,51세,상해없음,승용,남,26세,경상
2013110500100215,2013년 11월 5일 10시,화요일,인천광역시 계양구 작전동,경상사고,0,0,1,0,차대차 - 측면직각충돌,안전운전불이행,건조,맑음,단일로 - 기타,승용,남,74세,기타불명,승용,남,53세,상해없음
2013110500100325,2013년 11월 5일 14시,화요일,인천광역시 계양구 작전동,경상사고,0,0,1,0,차대차 - 측면직각충돌,안전운전불이행,건조,맑음,단일로 - 기타,승합,여,50세,상해없음,승합,남,35세,상해없음
2013110500100355,2013년 11월 5일 15시,화요일,인천광역시 계양구 방축동,중상사고,0,1,0,0,차대차 - 측면직각충돌,안전운전불이행,건조,맑음,교차로 - 교차로부근,자전거,여,64세,중상,승용,남,42세,상해없음
2013110500100394,2013년 11월 5일 16시,화요일,인천광역시 서구 경서동,중상사고,0,2,1,1,차대차 - 기타,과속,건조,맑음,교차로 - 교차로안,화물,남,63세,경상,승용,여,32세,중상
2013110500100440,2013년 11월 5일 17시,화요일,인천광역시 부평구 부개동,경상사고,0,0,1,0,차대차 - 측면직각충돌,안전운전불이행,건조,흐림,단일로 - 기타,승용,남,43세,상해없음,승용,남,45세,경상
2013110500100493,2013년 11월 5일 18시,화요일,인천광역시 부평구 부평동,경상사고,0,0,3,0,차대차 - 정면충돌,신호위반,건조,흐림,교차로 - 교차로안,승용,남,52세,상해없음,승용,남,68세,경상
2013110500100528,2013년 11월 5일 19시,화요일,인천광역시 남구 용현동,경상사고,0,0,2,0,차대차 - 측면직각충돌,안전운전불이행,건조,맑음,단일로 - 기타,이륜,남,40세,상해없음,승용,남,26세,경상
2013110500100562,2013년 11월 5일 20시,화요일,인천광역시 계양구 계산동,경상사고,0,0,1,0,차대차 - 측면직각충돌,안전운전불이행,건조,맑음,기타 - 기타,승합,남,50세,상해없음,승용,여,44세,경상
2013110500100593,2013년 11월 5일 21시,화요일,인천광역시 남구 용현동,중상사고,0,1,1,0,차대차 - 측면직각충돌,안전운전불이행,건조,맑음,교차로 - 교차로안,승용,남,63세,상해없음,승용,남,32세,경상
2013110500100594,2013년 11월 5일 21시,화요일,인천광역시 남구 주안동,경상사고,0,0,5,0,차대차 - 측면직각충돌,안전거리미확보,건조,맑음,단일로 - 기타,승합,남,53세,기타불명,승용,남,59세,경상
2013110500100595,2013년 11월 5일 21시,화요일,인천광역시 남동구 만수동,경상사고,0,0,1,0,차대사람 - 횡단중,보행자보호의무위반,건조,맑음,단일로 - 횡단보도상,승용,남,50세,상해없음,보행자,여,21세,경상
2013110600100013,2013년 11월 6일 00시,수요일,인천광역시 계양구 작전동,경상사고,0,0,1,0,차대사람 - 횡단중,안전운전불이행,건조,맑음,단일로 - 기타,승용,남,25세,상해없음,보행자,남,26세,경상
2013110600100014,2013년 11월 6일 00시,수요일,인천광역시 계양구 작전동,경상사고,0,0,1,0,차대사람 - 횡단중,안전운전불이행,건조,맑음,단일로 - 기타,승용,남,25세,상해없음,보행자,남,26세,경상
2013110600100045,2013년 11월 6일 03시,수요일,인천광역시 남구 주안동,중상사고,0,1,0,0,차대사람 - 길가장자리구역통행중,안전운전불이행,건조,맑음,미분류 - 미분류,기타불명,기타불명,기타불명,기타불명,보행자,남,27세,중상
2013110600100108,2013년 11월 6일 07시,수요일,인천광역시 남동구 만수동,경상사고,0,0,1,0,차대차 - 측면직각충돌,안전거리미확보,건조,맑음,교차로 - 교차로부근,승용,남,47세,상해없음,승용,남,32세,경상
2013110600100132,2013년 11월 6일 08시,수요일,인천광역시 계양구 작전동,경상사고,0,0,1,0,차대차 - 측면직각충돌,중앙선침범,건조,맑음,단일로 - 기타,승용,남,36세,상해없음,자전거,여,34세,경상
2013110600100133,2013년 11월 6일 08시,수요일,인천광역시 연수구 송도동,경상사고,0,0,1,0,차대차 - 기타,신호위반,건조,맑음,교차로 - 교차로안,화물,남,65세,상해없음,승용,여,29세,경상
2013110600100161,2013년 11월 6일 09시,수요일,인천광역시 남동구 만수동,부상신고사고,0,0,0,1,차대사람 - 기타,안전운전불이행,건조,맑음,단일로 - 기타,기타불명,기타불명,기타불명,기타불명,보행자,여,20세,부상신고
2013110600100212,2013년 11월 6일 11시,수요일,인천광역시 서구 공촌동,중상사고,0,1,0,0,차대차 - 기타,안전거리미확보,건조,맑음,단일로 - 기타,기타불명,기타불명,기타불명,기타불명,화물,남,55세,중상
2013110600100250,2013년 11월 6일 13시,수요일,인천광역시 연수구 동춘동,중상사고,0,5,1,0,차대차 - 측면직각충돌,신호위반,건조,맑음,교차로 - 교차로안,승용,남,47세,상해없음,승용,남,66세,중상
2013110600100394,2013년 11월 6일 17시,수요일,인천광역시 부평구 구산동,경상사고,0,0,1,0,차대차 - 측면직각충돌,안전운전불이행,건조,맑음,교차로 - 교차로안,승용,남,54세,상해없음,승용,남,39세,경상
2013110600100473,2013년 11월 6일 18시,수요일,인천광역시 부평구 청천동,중상사고,0,1,0,0,차대차 - 추돌 - 주정차중,안전운전불이행,건조,맑음,단일로 - 기타,승용,기타불명,기타불명,기타불명,자전거,남,36세,중상
2013110600100474,2013년 11월 6일 18시,수요일,인천광역시 남동구 도림동,경상사고,0,0,2,0,차대차 - 추돌 - 진행중,안전거리미확보,건조,맑음,단일로 - 기타,승용,남,51세,상해없음,승합,남,59세,경상
2013110600100475,2013년 11월 6일 18시,수요일,인천광역시 부평구 삼산동,중상사고,0,3,0,0,차대차 - 추돌 - 주정차중,안전운전불이행,습기,비,미분류 - 미분류,승용,남,38세,상해없음,승용,여,46세,중상
2013110600100522,2013년 11월 6일 19시,수요일,인천광역시 중구 운서동,중상사고,0,1,0,0,차대차 - 기타,교차로운행방법위반,건조,맑음,단일로 - 기타,승용,남,46세,상해없음,이륜,남,19세,중상
2013110600100560,2013년 11월 6일 20시,수요일,인천광역시 계양구 효성동,중상사고,0,1,0,0,차대사람 - 길가장자리구역통행중,안전운전불이행,건조,맑음,단일로 - 기타,화물,남,39세,상해없음,보행자,여,44세,중상
2013110600100561,2013년 11월 6일 20시,수요일,인천광역시 연수구 연수동,경상사고,0,0,2,0,차대사람 - 기타,교차로운행방법위반,건조,맑음,교차로 - 교차로안,승용,남,36세,상해없음,보행자,남,26세,경상
2013110600100614,2013년 11월 6일 22시,수요일,인천광역시 서구 검암동,경상사고,0,0,1,0,차대사람 - 횡단중,보행자보호의무위반,건조,맑음,단일로 - 횡단보도상,승합,남,55세,상해없음,보행자,남,29세,경상
2013110700100020,2013년 11월 7일 00시,목요일,인천광역시 남구 주안동,경상사고,0,0,2,0,차대차 - 추돌 - 진행중,안전운전불이행,습기,맑음,단일로 - 기타,승용,남,21세,상해없음,승용,남,55세,경상
2013110700100045,2013년 11월 7일 02시,목요일,인천광역시 남구 주안동,경상사고,0,0,2,0,차대차 - 추돌 - 주정차중,안전운전불이행,건조,맑음,단일로 - 기타,승용,남,48세,상해없음,승용,남,62세,경상
2013110700100093,2013년 11월 7일 06시,목요일,인천광역시 동구 금곡동,경상사고,0,0,1,0,차대차 - 측면직각충돌,중앙선침범,건조,맑음,단일로 - 기타,승용,남,58세,상해없음,승용,남,59세,경상
2013110700100122,2013년 11월 7일 07시,목요일,인천광역시 연수구 송도동,중상사고,0,1,0,0,차대차 - 기타,신호위반,건조,맑음,교차로 - 교차로안,승용,여,45세,상해없음,자전거,여,16세,중상
2013110700100156,2013년 11월 7일 08시,목요일,인천광역시 서구 가좌동,경상사고,0,0,1,0,차대차 - 기타,안전운전불이행,건조,맑음,단일로 - 기타,승합,남,39세,상해없음,승합,남,52세,상해없음
2013110700100219,2013년 11월 7일 10시,목요일,인천광역시 부평구 청천동,중상사고,0,1,0,0,차대차 - 추돌 - 주정차중,안전운전불이행,건조,맑음,단일로 - 기타,이륜,남,52세,중상,승용,남,63세,상해없음
2013110700100244,2013년 11월 7일 11시,목요일,인천광역시 강화군 길상면,중상사고,0,1,0,0,차대차 - 측면직각충돌,안전운전불이행,건조,맑음,단일로 - 기타,승용,남,40세,상해없음,이륜,남,73세,중상
2013110700100264,2013년 11월 7일 12시,목요일,인천광역시 남구 주안동,중상사고,0,1,0,0,차량단독 - 기타,안전운전불이행,건조,맑음,단일로 - 기타,승합,남,61세,상해없음,,,,
2013110700100265,2013년 11월 7일 12시,목요일,인천광역시 남동구 구월동,경상사고,0,0,1,0,차대사람 - 기타,안전운전불이행,건조,맑음,단일로 - 기타,승용,남,20세,상해없음,보행자,여,24세,경상
2013110700100295,2013년 11월 7일 13시,목요일,인천광역시 연수구 송도동,중상사고,0,3,1,0,차대차 - 기타,신호위반,건조,맑음,교차로 - 교차로안,승용,남,43세,중상,건설기계,남,52세,경상
2013110700100372,2013년 11월 7일 15시,목요일,인천광역시 남구 문학동,중상사고,0,1,0,0,차대사람 - 기타,안전운전불이행,건조,맑음,단일로 - 기타,승용,남,47세,상해없음,보행자,남,17세,중상
2013110700100407,2013년 11월 7일 16시,목요일,인천광역시 서구 석남동,경상사고,0,0,1,0,차대사람 - 기타,안전운전불이행,건조,맑음,단일로 - 기타,화물,남,44세,상해없음,보행자,여,74세,경상
2013110700100408,2013년 11월 7일 16시,목요일,인천광역시 계양구 동양동,경상사고,0,0,1,0,차대차 - 측면직각충돌,안전운전불이행,건조,맑음,교차로 - 교차로부근,화물,남,41세,상해없음,승용,남,47세,경상
2013110700100442,2013년 11월 7일 17시,목요일,인천광역시 연수구 송도동,경상사고,0,0,1,0,차대사람 - 기타,안전운전불이행,건조,맑음,단일로 - 기타,승용,남,57세,상해없음,보행자,남,10세,경상
2013110700100487,2013년 11월 7일 18시,목요일,인천광역시 서구 마전동,중상사고,0,1,0,0,차대차 - 기타,불법유턴,건조,맑음,교차로 - 교차로안,승용,남,51세,상해없음,자전거,남,8세,중상
2013110700100524,2013년 11월 7일 19시,목요일,인천광역시 부평구 산곡동,중상사고,0,1,0,0,차대사람 - 횡단중,안전운전불이행,건조,맑음,단일로 - 기타,승용,남,58세,상해없음,보행자,여,20세,중상
2013110700100555,2013년 11월 7일 20시,목요일,인천광역시 동구 송현동,중상사고,0,1,0,0,차대차 - 정면충돌,중앙선침범,건조,맑음,단일로 - 기타,화물,남,53세,상해없음,원동기,남,59세,중상
2013110700100556,2013년 11월 7일 20시,목요일,인천광역시 부평구 부평동,중상사고,0,1,0,0,차대차 - 기타,신호위반,건조,맑음,교차로 - 교차로안,이륜,남,16세,상해없음,자전거,남,16세,중상
2013110700100580,2013년 11월 7일 21시,목요일,인천광역시 남구 주안동,중상사고,0,1,0,0,차대사람 - 횡단중,신호위반,건조,맑음,단일로 - 횡단보도상,승용,여,44세,상해없음,보행자,여,28세,중상
2013110700100581,2013년 11월 7일 21시,목요일,인천광역시 부평구 부평동,경상사고,0,0,1,0,차대사람 - 기타,안전운전불이행,건조,맑음,단일로 - 기타,승용,남,23세,상해없음,보행자,남,52세,경상
2013110700100630,2013년 11월 7일 23시,목요일,인천광역시 남구 학익동,중상사고,0,1,0,0,차대사람 - 기타,안전운전불이행,건조,맑음,단일로 - 기타,승용,남,32세,상해없음,보행자,남,46세,중상
2013110700100631,2013년 11월 7일 23시,목요일,인천광역시 서구 가좌동,중상사고,0,1,2,0,차대차 - 기타,안전운전불이행,건조,맑음,단일로 - 기타,승용,남,47세,경상,승용,여,34세,중상
2013110800100027,2013년 11월 8일 01시,금요일,인천광역시 남동구 구월동,경상사고,0,0,2,0,차대사람 - 기타,안전운전불이행,건조,맑음,단일로 - 기타,승용,남,27세,상해없음,보행자,남,34세,경상
2013110800100035,2013년 11월 8일 02시,금요일,인천광역시 남구 주안동,경상사고,0,0,1,0,차대차 - 기타,안전운전불이행,건조,맑음,단일로 - 기타,승용,남,29세,상해없음,승용,남,53세,경상
2013110800100052,2013년 11월 8일 04시,금요일,인천광역시 남구 용현동,중상사고,0,1,0,0,차대차 - 측면직각충돌,신호위반,건조,맑음,교차로 - 교차로안,특수,남,49세,상해없음,화물,남,51세,중상
2013110800100064,2013년 11월 8일 05시,금요일,인천광역시 남구 주안동,중상사고,0,1,0,0,차대사람 - 횡단중,안전운전불이행,건조,맑음,기타 - 기타,승용,남,53세,상해없음,보행자,남,50세,중상
2013110800100065,2013년 11월 8일 05시,금요일,인천광역시 부평구 십정동,경상사고,0,0,1,0,차대차 - 기타,안전운전불이행,건조,맑음,교차로 - 교차로안,승용,남,49세,상해없음,승용,남,52세,경상
2013110800100066,2013년 11월 8일 05시,금요일,인천광역시 계양구 작전동,중상사고,0,1,0,0,차대사람 - 차도통행중,안전운전불이행,건조,맑음,교차로 - 교차로부근,승용,남,62세,상해없음,보행자,남,69세,중상
2013110800100079,2013년 11월 8일 06시,금요일,인천광역시 남동구 만수동,경상사고,0,0,1,0,차대차 - 추돌 - 주정차중,안전운전불이행,건조,맑음,교차로 - 교차로부근,승용,남,33세,상해없음,승합,남,57세,경상
2013110800100080,2013년 11월 8일 06시,금요일,인천광역시 서구 당하동,사망사고,1,0,0,0,차대차 - 기타,안전운전불이행,건조,맑음,단일로 - 기타,승용,여,32세,사망,기타불명,남,38세,상해없음
2013110800100105,2013년 11월 8일 07시,금요일,인천광역시 남동구 구월동,경상사고,0,0,1,0,차대차 - 정면충돌,중앙선침범,건조,맑음,단일로 - 기타,승용,남,65세,상해없음,승용,남,60세,경상
2013110800100140,2013년 11월 8일 08시,금요일,인천광역시 부평구 산곡동,경상사고,0,0,1,0,차대차 - 측면직각충돌,중앙선침범,건조,맑음,단일로 - 기타,승용,여,43세,상해없음,원동기,남,16세,경상
2013110800100141,2013년 11월 8일 08시,금요일,인천광역시 남동구 간석동,경상사고,0,0,1,0,차대차 - 추돌 - 주정차중,교차로운행방법위반,건조,맑음,교차로 - 교차로안,화물,남,61세,상해없음,화물,여,32세,경상
2013110800100175,2013년 11월 8일 09시,금요일,인천광역시 부평구 부평동,경상사고,0,0,1,0,차대차 - 추돌 - 진행중,안전거리미확보,건조,맑음,단일로 - 기타,승용,여,52세,상해없음,승용,여,43세,경상
2013110800100203,2013년 11월 8일 10시,금요일,인천광역시 남동구 만수동,경상사고,0,0,3,0,차대차 - 추돌 - 진행중,안전운전불이행,건조,맑음,단일로 - 기타,승용,남,63세,경상,화물,남,49세,상해없음
2013110800100235,2013년 11월 8일 11시,금요일,인천광역시 중구 북성동1가,중상사고,0,1,0,0,차대사람 - 길가장자리구역통행중,안전운전불이행,건조,맑음,단일로 - 기타,승용,여,46세,상해없음,보행자,남,53세,중상