사고번호,사고일시,요일,시군구,사고내용,사망자수,중상자수,경상자수,부상신고자수,사고유형,법규위반,노면상태,기상상태,도로형태,가해운전자 차종,가해운전자 성별,가해운전자 연령,가해운전자 상해정도,피해운전자 차종,피해운전자 성별,피해운전자 연령,피해운전자 상해정도
2013110800100236,2013년 11월 8일 11시,금요일,인천광역시 부평구 부평동,경상사고,0,0,2,0,차대차 - 기타,안전운전불이행,건조,맑음,단일로 - 기타,승용,남,46세,상해없음,승용,여,53세,경상
2013110800100237,2013년 11월 8일 11시,금요일,인천광역시 남동구 구월동,경상사고,0,0,1,0,차대차 - 측면직각충돌,안전운전불이행,건조,맑음,교차로 - 교차로부근,화물,남,27세,상해없음,자전거,남,77세,경상
2013110800100299,2013년 11월 8일 13시,금요일,인천광역시 계양구 효성동,중상사고,0,1,0,0,차량단독 - 공작물충돌,기타,건조,맑음,교차로 - 교차로부근,승합,남,44세,상해없음,,,,
2013110800100375,2013년 11월 8일 15시,금요일,인천광역시 부평구 부평동,경상사고,0,0,1,0,차대차 - 기타,교차로운행방법위반,건조,맑음,교차로 - 교차로안,승용,남,69세,상해없음,이륜,여,38세,경상
2013110800100376,2013년 11월 8일 15시,금요일,인천광역시 남동구 구월동,경상사고,0,0,1,0,차대사람 - 차도통행중,불법유턴,건조,맑음,단일로 - 기타,승용,여,50세,상해없음,보행자,남,22세,경상
2013110800100377,2013년 11월 8일 15시,금요일,인천광역시 강화군 불은면,경상사고,0,0,1,0,차대차 - 측면직각충돌,중앙선침범,건조,맑음,단일로 - 기타,승용,여,62세,상해없음,승용,남,51세,경상
2013110800100409,2013년 11월 8일 16시,금요일,인천광역시 서구 경서동,경상사고,0,0,1,0,차대차 - 측면직각충돌,안전거리미확보,건조,맑음,단일로 - 기타,승용,여,31세,상해없음,승용,여,38세,상해없음
2013110800100451,2013년 11월 8일 17시,금요일,인천광역시 남동구 간석동,중상사고,0,1,1,0,차대차 - 추돌 - 주정차중,안전거리미확보,건조,맑음,미분류 - 미분류,승용,남,42세,상해없음,승용,여,49세,중상
2013110800100452,2013년 11월 8일 17시,금요일,인천광역시 남동구 남촌동,경상사고,0,0,1,0,차대차 - 기타,안전운전불이행,건조,맑음,단일로 - 기타,승용,남,68세,상해없음,승용,남,32세,경상
2013110800100453,2013년 11월 8일 17시,금요일,인천광역시 연수구 연수동,부상신고사고,0,0,0,1,차대사람 - 기타,안전운전불이행,건조,맑음,교차로 - 교차로안,승용,남,73세,상해없음,보행자,남,81세,부상신고
2013110800100513,2013년 11월 8일 18시,금요일,인천광역시 남구 주안동,중상사고,0,1,0,0,차대사람 - 횡단중,보행자보호의무위반,건조,맑음,교차로 - 교차로부근,승용,남,51세,상해없음,보행자,여,74세,중상
2013110800100514,2013년 11월 8일 18시,금요일,인천광역시 계양구 서운동,중상사고,0,1,0,0,차대차 - 측면직각충돌,안전운전불이행,건조,맑음,교차로 - 교차로부근,승용,남,33세,상해없음,자전거,남,71세,중상
2013110800100515,2013년 11월 8일 18시,금요일,인천광역시 계양구 귤현동,중상사고,0,1,1,0,차대차 - 측면직각충돌,안전거리미확보,건조,맑음,단일로 - 기타,승용,남,63세,상해없음,승합,남,44세,상해없음
2013110800100596,2013년 11월 8일 20시,금요일,인천광역시 강화군 강화읍,중상사고,0,1,0,0,차대사람 - 횡단중,안전운전불이행,건조,맑음,단일로 - 기타,원동기,남,16세,상해없음,보행자,남,56세,중상
2013110800100635,2013년 11월 8일 21시,금요일,인천광역시 남동구 구월동,부상신고사고,0,0,0,1,차대차 - 추돌 - 진행중,안전거리미확보,건조,맑음,교차로 - 교차로안,이륜,남,16세,부상신고,승용,남,47세,상해없음
2013110800100636,2013년 11월 8일 21시,금요일,인천광역시 남동구 만수동,중상사고,0,1,0,0,차대사람 - 기타,안전운전불이행,건조,맑음,교차로 - 교차로부근,승용,여,59세,상해없음,보행자,여,51세,중상
2013110800100637,2013년 11월 8일 21시,금요일,인천광역시 서구 검암동,중상사고,0,1,0,0,차대사람 - 기타,신호위반,건조,맑음,교차로 - 교차로부근,화물,남,53세,상해없음,보행자,남,15세,중상
2013110800100638,2013년 11월 8일 21시,금요일,인천광역시 부평구 부개동,중상사고,0,1,0,0,차대차 - 측면직각충돌,중앙선침범,건조,맑음,단일로 - 기타,승용,남,25세,상해없음,원동기,남,17세,중상
2013110800100665,2013년 11월 8일 22시,금요일,인천광역시 부평구 십정동,부상신고사고,0,0,0,1,차대차 - 추돌 - 주정차중,안전운전불이행,건조,맑음,교차로 - 교차로부근,승용,여,35세,상해없음,승용,남,43세,부상신고
2013110800100666,2013년 11월 8일 22시,금요일,인천광역시 남동구 구월동,경상사고,0,0,2,0,차대차 - 기타,교차로운행방법위반,건조,맑음,교차로 - 교차로부근,승합,남,45세,상해없음,승용,남,27세,경상
2013110800100667,2013년 11월 8일 22시,금요일,인천광역시 계양구 계산동,중상사고,0,1,0,0,차대차 - 정면충돌,신호위반,건조,맑음,교차로 - 교차로안,이륜,남,18세,중상,승용,남,51세,상해없음
2013110900100093,2013년 11월 9일 04시,토요일,인천광역시 부평구 십정동,중상사고,0,2,1,0,차대차 - 정면충돌,중앙선침범,건조,맑음,교차로 - 교차로부근,승용,남,50세,경상,승용,남,62세,중상
2013110900100104,2013년 11월 9일 05시,토요일,인천광역시 남구 관교동,중상사고,0,1,0,0,차대사람 - 기타,안전운전불이행,건조,흐림,단일로 - 기타,승용,남,52세,상해없음,보행자,여,79세,중상
2013110900100105,2013년 11월 9일 05시,토요일,인천광역시 남동구 만수동,중상사고,0,1,3,0,차대차 - 추돌 - 진행중,안전운전불이행,건조,맑음,기타 - 기타,승용,남,42세,상해없음,승용,남,58세,중상
2013110900100127,2013년 11월 9일 06시,토요일,인천광역시 계양구 작전동,중상사고,0,1,0,0,차량단독 - 기타,안전운전불이행,건조,맑음,단일로 - 기타,승합,여,52세,상해없음,,,,
2013110900100128,2013년 11월 9일 06시,토요일,인천광역시 연수구 연수동,중상사고,0,1,0,0,차대사람 - 기타,안전운전불이행,건조,기타,교차로 - 교차로안,승용,남,55세,상해없음,보행자,남,29세,중상
2013110900100177,2013년 11월 9일 08시,토요일,인천광역시 남구 학익동,중상사고,0,1,1,0,차대차 - 추돌 - 진행중,안전운전불이행,건조,맑음,단일로 - 기타,승용,남,47세,상해없음,화물,남,49세,중상
2013110900100270,2013년 11월 9일 12시,토요일,인천광역시 남구 주안동,경상사고,0,0,1,0,차대차 - 기타,안전운전불이행,건조,맑음,교차로 - 교차로부근,승용,남,63세,상해없음,승용,남,31세,경상
2013110900100301,2013년 11월 9일 13시,토요일,인천광역시 강화군 강화읍,중상사고,0,1,0,0,차대사람 - 횡단중,안전운전불이행,건조,맑음,단일로 - 기타,승합,남,27세,상해없음,보행자,남,7세,중상
2013110900100302,2013년 11월 9일 13시,토요일,인천광역시 연수구 연수동,사망사고,1,0,0,0,차대사람 - 횡단중,안전운전불이행,건조,맑음,교차로 - 교차로부근,승합,남,50세,상해없음,보행자,남,39세,사망
2013110900100379,2013년 11월 9일 15시,토요일,인천광역시 남동구 남촌동,중상사고,0,2,0,0,차대차 - 추돌 - 주정차중,안전거리미확보,습기,비,단일로 - 기타,승용,남,51세,상해없음,승용,여,61세,중상
2013110900100432,2013년 11월 9일 16시,토요일,인천광역시 옹진군 덕적면,사망사고,1,0,0,0,차대사람 - 기타,안전운전불이행,습기,비,단일로 - 기타,승합,여,66세,상해없음,보행자,여,52세,사망
2013110900100433,2013년 11월 9일 16시,토요일,인천광역시 남구 주안동,경상사고,0,0,1,0,차대사람 - 기타,안전운전불이행,건조,맑음,단일로 - 기타,원동기,남,57세,상해없음,보행자,여,30세,경상
2013110900100434,2013년 11월 9일 16시,토요일,인천광역시 서구 마전동,경상사고,0,0,1,0,차대사람 - 횡단중,보행자보호의무위반,습기,비,단일로 - 횡단보도상,승용,여,34세,상해없음,보행자,남,61세,경상
2013110900100493,2013년 11월 9일 17시,토요일,인천광역시 남구 용현동,부상신고사고,0,0,0,1,차대차 - 기타,기타,건조,맑음,단일로 - 기타,승용,남,71세,상해없음,원동기,남,17세,부상신고
2013110900100494,2013년 11월 9일 17시,토요일,인천광역시 남동구 도림동,경상사고,0,0,1,0,차대차 - 기타,안전운전불이행,습기,비,단일로 - 기타,승용,남,56세,상해없음,승용,남,41세,상해없음
2013110900100495,2013년 11월 9일 17시,토요일,인천광역시 서구 왕길동,경상사고,0,0,2,0,차대차 - 기타,안전거리미확보,습기,맑음,단일로 - 기타,승합,남,46세,상해없음,승용,여,44세,경상
2013110900100496,2013년 11월 9일 17시,토요일,인천광역시 계양구 병방동,중상사고,0,1,0,0,차대차 - 측면직각충돌,안전운전불이행,습기,비,교차로 - 교차로안,이륜,남,18세,상해없음,이륜,남,23세,중상
2013110900100577,2013년 11월 9일 18시,토요일,인천광역시 중구 운서동,중상사고,0,1,2,0,차대차 - 측면직각충돌,중앙선침범,습기,비,단일로 - 기타,승용,남,55세,상해없음,승합,남,49세,중상
2013110900100578,2013년 11월 9일 18시,토요일,인천광역시 중구 중산동,중상사고,0,3,0,0,차대차 - 기타,안전운전불이행,건조,맑음,교차로 - 교차로안,화물,남,54세,상해없음,승용,여,34세,중상
2013110900100579,2013년 11월 9일 18시,토요일,인천광역시 서구 불로동,중상사고,0,1,0,0,차대사람 - 횡단중,신호위반,건조,맑음,단일로 - 기타,이륜,남,39세,상해없음,보행자,여,65세,중상
2013110900100580,2013년 11월 9일 18시,토요일,인천광역시 계양구 오류동,중상사고,0,3,1,0,차대차 - 추돌 - 주정차중,안전운전불이행,습기,비,단일로 - 기타,승용,남,46세,상해없음,승용,남,53세,경상
2013110900100638,2013년 11월 9일 19시,토요일,인천광역시 남구 관교동,경상사고,0,0,2,0,차대차 - 추돌 - 진행중,차로위반,건조,맑음,단일로 - 기타,승합,남,55세,상해없음,승용,남,28세,경상
2013110900100639,2013년 11월 9일 19시,토요일,인천광역시 계양구 상야동,중상사고,0,1,1,0,차대차 - 추돌 - 주정차중,안전운전불이행,습기,비,교차로 - 교차로부근,승용,남,39세,상해없음,승용,남,43세,중상
2013110900100707,2013년 11월 9일 20시,토요일,인천광역시 남구 학익동,경상사고,0,0,1,0,차대차 - 측면직각충돌,교차로운행방법위반,습기,비,교차로 - 교차로안,승용,여,55세,상해없음,승용,남,36세,경상
2013110900100708,2013년 11월 9일 20시,토요일,인천광역시 남동구 간석동,부상신고사고,0,0,0,1,차대차 - 기타,안전운전불이행,습기,비,교차로 - 교차로부근,원동기,남,19세,부상신고,원동기,남,47세,상해없음
2013110900100709,2013년 11월 9일 20시,토요일,인천광역시 계양구 계산동,중상사고,0,1,0,0,차대사람 - 차도통행중,안전운전불이행,습기,비,단일로 - 기타,승용,남,56세,상해없음,보행자,여,59세,중상
2013110900100759,2013년 11월 9일 21시,토요일,인천광역시 부평구 산곡동,중상사고,0,1,0,0,차대사람 - 보도통행중,기타,습기,흐림,단일로 - 기타,자전거,남,15세,상해없음,보행자,여,45세,중상
2013110900100760,2013년 11월 9일 21시,토요일,인천광역시 계양구 박촌동,경상사고,0,0,1,0,차대사람 - 횡단중,안전운전불이행,습기,비,단일로 - 횡단보도부근,원동기,남,63세,상해없음,보행자,여,26세,경상
2013110900100761,2013년 11월 9일 21시,토요일,인천광역시 강화군 양도면,경상사고,0,0,1,0,차대사람 - 길가장자리구역통행중,안전운전불이행,건조,맑음,단일로 - 기타,승용,남,40세,상해없음,보행자,남,14세,경상
2013110900100762,2013년 11월 9일 21시,토요일,인천광역시 연수구 청학동,경상사고,0,0,6,2,차대차 - 추돌 - 주정차중,안전운전불이행,습기,비,교차로 - 교차로부근,승용,여,39세,상해없음,승용,남,45세,경상
2013110900100818,2013년 11월 9일 22시,토요일,인천광역시 남구 용현동,부상신고사고,0,0,0,1,차대사람 - 차도통행중,안전운전불이행,습기,비,단일로 - 기타,원동기,남,16세,기타불명,보행자,여,54세,부상신고
2013110900100819,2013년 11월 9일 22시,토요일,인천광역시 남동구 만수동,경상사고,0,0,2,0,차대차 - 추돌 - 주정차중,중앙선침범,습기,비,단일로 - 기타,승용,남,45세,상해없음,승용,남,30세,경상
2013110900100820,2013년 11월 9일 22시,토요일,인천광역시 계양구 작전동,경상사고,0,0,1,0,차대차 - 측면직각충돌,안전운전불이행,습기,비,단일로 - 기타,승용,남,28세,상해없음,원동기,남,51세,경상
2013110900100821,2013년 11월 9일 22시,토요일,인천광역시 계양구 계산동,경상사고,0,0,2,0,차대차 - 추돌 - 주정차중,안전운전불이행,습기,비,단일로 - 기타,승용,남,31세,상해없음,승용,남,50세,경상
2013110900100863,2013년 11월 9일 23시,토요일,인천광역시 중구 신흥동3가,경상사고,0,0,4,0,차대차 - 추돌 - 진행중,안전운전불이행,습기,비,교차로 - 교차로부근,승용,남,34세,상해없음,승용,남,45세,경상
2013110900100864,2013년 11월 9일 23시,토요일,인천광역시 남구 주안동,중상사고,0,1,0,0,차대사람 - 횡단중,안전운전불이행,건조,맑음,단일로 - 기타,승용,남,51세,상해없음,보행자,남,43세,중상
2013110900100865,2013년 11월 9일 23시,토요일,인천광역시 남구 용현동,경상사고,0,0,1,0,차대차 - 추돌 - 진행중,안전거리미확보,건조,맑음,단일로 - 기타,승용,남,33세,상해없음,승용,여,48세,경상
2013111000100030,2013년 11월 10일 00시,일요일,인천광역시 남동구 만수동,경상사고,0,0,2,0,차대차 - 추돌 - 주정차중,안전운전불이행,습기,비,단일로 - 횡단보도부근,승용,기타불명,기타불명,기타불명,승용,여,46세,경상
2013111000100031,2013년 11월 10일 00시,일요일,인천광역시 남동구 구월동,경상사고,0,0,1,0,차대차 - 기타,신호위반,습기,흐림,교차로 - 교차로안,승용,남,26세,상해없음,승용,남,44세,상해없음
2013111000100032,2013년 11월 10일 00시,일요일,인천광역시 계양구 다남동,중상사고,0,1,0,0,차대차 - 측면직각충돌,중앙선침범,습기,비,단일로 - 기타,기타불명,기타불명,기타불명,기타불명,승용,남,35세,중상
2013111000100131,2013년 11월 10일 05시,일요일,인천광역시 남구 주안동,중상사고,0,1,0,0,차대사람 - 기타,안전운전불이행,건조,맑음,교차로 - 교차로부근,승용,남,70세,상해없음,보행자,여,63세,중상
2013111000100146,2013년 11월 10일 06시,일요일,인천광역시 남동구 남촌동,사망사고,1,0,0,0,차대사람 - 횡단중,신호위반,건조,맑음,교차로 - 교차로부근,승합,남,43세,상해없음,보행자,여,74세,사망
2013111000100160,2013년 11월 10일 07시,일요일,인천광역시 서구 원당동,경상사고,0,0,1,0,차대차 - 추돌 - 진행중,안전거리미확보,건조,맑음,단일로 - 기타,화물,남,53세,상해없음,승용,여,33세,경상
2013111000100179,2013년 11월 10일 08시,일요일,인천광역시 계양구 효성동,경상사고,0,0,2,0,차대차 - 측면직각충돌,신호위반,건조,맑음,교차로 - 교차로안,승용,여,53세,상해없음,화물,남,50세,경상
2013111000100226,2013년 11월 10일 10시,일요일,인천광역시 서구 가좌동,중상사고,0,1,0,0,차대사람 - 기타,안전운전불이행,건조,맑음,기타 - 기타,승용,남,39세,상해없음,보행자,여,7세,중상
2013111000100416,2013년 11월 10일 16시,일요일,인천광역시 중구 중산동,경상사고,0,0,2,0,차대차 - 정면충돌,직진우회전진행방해,건조,맑음,교차로 - 교차로안,승용,남,62세,경상,승용,여,50세,상해없음
2013111000100417,2013년 11월 10일 16시,일요일,인천광역시 남구 관교동,경상사고,0,0,4,0,차대차 - 기타,안전운전불이행,건조,맑음,기타 - 기타,승용,여,25세,상해없음,승용,남,33세,경상
2013111000100499,2013년 11월 10일 18시,일요일,인천광역시 부평구 산곡동,경상사고,0,0,1,0,차대사람 - 기타,안전운전불이행,건조,맑음,단일로 - 기타,승용,여,43세,상해없음,보행자,남,53세,경상
2013111000100500,2013년 11월 10일 18시,일요일,인천광역시 남동구 간석동,부상신고사고,0,0,0,1,차대사람 - 기타,안전운전불이행,건조,맑음,단일로 - 기타,이륜,남,19세,상해없음,보행자,남,16세,부상신고
2013111000100566,2013년 11월 10일 20시,일요일,인천광역시 서구 연희동,경상사고,0,0,1,0,차대사람 - 보도통행중,안전운전불이행,건조,맑음,단일로 - 횡단보도부근,승용,남,44세,상해없음,보행자,남,78세,경상
2013111000100626,2013년 11월 10일 22시,일요일,인천광역시 계양구 계산동,경상사고,0,0,3,0,차대차 - 추돌 - 주정차중,안전운전불이행,건조,맑음,교차로 - 교차로부근,승용,남,51세,상해없음,승용,남,67세,경상
2013111100100013,2013년 11월 11일 00시,월요일,인천광역시 중구 운서동,중상사고,0,1,0,0,차대차 - 추돌 - 진행중,신호위반,건조,맑음,교차로 - 교차로안,승용,남,28세,상해없음,승용,여,28세,중상
2013111100100035,2013년 11월 11일 04시,월요일,인천광역시 남동구 구월동,경상사고,0,0,4,0,차대차 - 기타,안전거리미확보,건조,맑음,단일로 - 기타,승용,남,30세,상해없음,승용,남,47세,경상
2013111100100045,2013년 11월 11일 05시,월요일,인천광역시 연수구 송도동,중상사고,0,1,0,0,차대차 - 기타,안전운전불이행,건조,맑음,교차로 - 교차로부근,화물,남,50세,상해없음,화물,남,58세,중상
2013111100100087,2013년 11월 11일 07시,월요일,인천광역시 서구 원창동,경상사고,0,0,1,0,차대차 - 측면직각충돌,신호위반,건조,맑음,단일로 - 기타,승용,남,44세,상해없음,승용,남,30세,경상
2013111100100143,2013년 11월 11일 08시,월요일,인천광역시 연수구 연수동,중상사고,0,1,0,0,차대차 - 측면직각충돌,신호위반,건조,맑음,교차로 - 교차로안,화물,남,54세,상해없음,승용,남,56세,중상
2013111100100144,2013년 11월 11일 08시,월요일,인천광역시 부평구 구산동,중상사고,0,1,0,0,차대사람 - 기타,안전운전불이행,건조,맑음,단일로 - 기타,승합,남,40세,상해없음,보행자,여,55세,중상
2013111100100174,2013년 11월 11일 09시,월요일,인천광역시 부평구 부평동,중상사고,0,1,0,0,차대사람 - 기타,안전운전불이행,건조,맑음,교차로 - 교차로안,승용,남,60세,상해없음,보행자,여,72세,중상
2013111100100175,2013년 11월 11일 09시,월요일,인천광역시 남동구 논현동,중상사고,0,1,0,0,차대사람 - 횡단중,보행자보호의무위반,건조,맑음,단일로 - 횡단보도상,승용,여,40세,상해없음,보행자,여,34세,중상
2013111100100195,2013년 11월 11일 10시,월요일,인천광역시 남동구 남촌동,중상사고,0,1,0,0,차대차 - 측면직각충돌,신호위반,건조,맑음,교차로 - 교차로안,화물,남,54세,상해없음,이륜,남,39세,중상
2013111100100196,2013년 11월 11일 10시,월요일,인천광역시 남동구 만수동,중상사고,0,1,0,0,차대사람 - 길가장자리구역통행중,안전운전불이행,건조,맑음,단일로 - 기타,승합,남,65세,상해없음,보행자,여,63세,중상
2013111100100226,2013년 11월 11일 11시,월요일,인천광역시 남구 용현동,사망사고,1,0,0,0,차대사람 - 기타,안전운전불이행,건조,맑음,교차로 - 교차로안,승용,남,48세,상해없음,보행자,여,68세,사망
2013111100100227,2013년 11월 11일 11시,월요일,인천광역시 남동구 도림동,경상사고,0,0,1,0,차대차 - 측면직각충돌,교차로운행방법위반,건조,맑음,교차로 - 교차로안,화물,남,53세,상해없음,승용,여,47세,경상
2013111100100228,2013년 11월 11일 11시,월요일,인천광역시 부평구 삼산동,중상사고,0,1,0,0,차대차 - 기타,안전운전불이행,건조,맑음,단일로 - 기타,이륜,남,37세,중상,화물,남,51세,상해없음
2013111100100256,2013년 11월 11일 12시,월요일,인천광역시 연수구 옥련동,경상사고,0,0,1,0,차대사람 - 기타,안전운전불이행,건조,맑음,단일로 - 기타,기타불명,기타불명,기타불명,기타불명,보행자,여,17세,경상
2013111100100294,2013년 11월 11일 13시,월요일,인천광역시 남구 주안동,경상사고,0,0,1,0,차대사람 - 횡단중,신호위반,건조,맑음,교차로 - 교차로부근,승용,남,50세,기타불명,보행자,여,76세,경상
2013111100100404,2013년 11월 11일 16시,월요일,인천광역시 중구 신포동,경상사고,0,0,1,0,차대차 - 추돌 - 주정차중,기타,건조,맑음,단일로 - 기타,화물,남,28세,상해없음,승용,남,28세,경상
2013111100100405,2013년 11월 11일 16시,월요일,인천광역시 연수구 선학동,경상사고,0,0,1,0,차대차 - 기타,안전운전불이행,건조,맑음,단일로 - 기타,승용,남,33세,상해없음,승용,남,57세,경상
2013111100100438,2013년 11월 11일 17시,월요일,인천광역시 남구 용현동,중상사고,0,1,0,0,차대사람 - 횡단중,보행자보호의무위반,건조,맑음,교차로 - 교차로안,승용,남,74세,상해없음,보행자,여,74세,중상
2013111100100533,2013년 11월 11일 19시,월요일,인천광역시 부평구 청천동,경상사고,0,0,3,0,차대차 - 기타,신호위반,건조,맑음,교차로 - 교차로안,승용,남,52세,상해없음,승용,남,55세,경상
2013111100100534,2013년 11월 11일 19시,월요일,인천광역시 남동구 구월동,경상사고,0,0,4,1,차대차 - 추돌 - 주정차중,안전운전불이행,건조,맑음,교차로 - 교차로부근,승용,여,53세,상해없음,승용,남,34세,경상
2013111100100569,2013년 11월 11일 20시,월요일,인천광역시 부평구 청천동,중상사고,0,2,0,0,차대차 - 기타,안전운전불이행,건조,맑음,교차로 - 교차로부근,승용,여,52세,기타불명,승용,여,28세,상해없음
2013111100100570,2013년 11월 11일 20시,월요일,인천광역시 서구 검암동,중상사고,0,1,0,0,차대사람 - 횡단중,안전운전불이행,건조,맑음,단일로 - 기타,승용,여,37세,상해없음,보행자,여,22세,중상
2013111100100598,2013년 11월 11일 21시,월요일,인천광역시 서구 불로동,경상사고,0,0,1,0,차대사람 - 기타,안전운전불이행,건조,맑음,교차로 - 교차로안,승용,남,33세,상해없음,보행자,남,21세,경상
2013111100100599,2013년 11월 11일 21시,월요일,인천광역시 계양구 장기동,중상사고,0,1,0,0,차대차 - 측면직각충돌,신호위반,건조,맑음,교차로 - 교차로부근,승용,남,68세,상해없음,승용,남,28세,중상
2013111100100657,2013년 11월 11일 23시,월요일,인천광역시 부평구 청천동,중상사고,0,1,0,0,차대차 - 기타,신호위반,건조,맑음,교차로 - 교차로안,승용,남,31세,상해없음,승용,여,52세,중상
2013111200100029,2013년 11월 12일 01시,화요일,인천광역시 부평구 부평동,중상사고,0,1,0,0,차대사람 - 기타,안전운전불이행,건조,맑음,기타 - 기타,승용,남,34세,상해없음,보행자,남,43세,중상
2013111200100040,2013년 11월 12일 02시,화요일,인천광역시 서구 마전동,중상사고,0,1,0,0,차대차 - 기타,안전운전불이행,건조,맑음,단일로 - 기타,화물,남,44세,상해없음,승합,남,48세,상해없음
2013111200100050,2013년 11월 12일 03시,화요일,인천광역시 서구 가좌동,중상사고,0,2,1,0,차대차 - 기타,중앙선침범,건조,맑음,단일로 - 기타,승용,남,46세,중상,승용,남,22세,중상
2013111200100058,2013년 11월 12일 04시,화요일,인천광역시 남구 주안동,경상사고,0,0,1,0,차대사람 - 기타,안전운전불이행,건조,맑음,단일로 - 기타,이륜,기타불명,기타불명,기타불명,보행자,여,50세,경상
2013111200100116,2013년 11월 12일 07시,화요일,인천광역시 중구 인현동,중상사고,0,1,1,0,차대차 - 측면직각충돌,신호위반,건조,맑음,교차로 - 교차로안,원동기,남,77세,중상,승용,남,50세,경상
2013111200100189,2013년 11월 12일 09시,화요일,인천광역시 서구 가좌동,경상사고,0,0,2,0,차대차 - 기타,직진우회전진행방해,건조,맑음,교차로 - 교차로안,승용,남,71세,경상,화물,남,26세,경상
2013111200100190,2013년 11월 12일 09시,화요일,인천광역시 계양구 효성동,중상사고,0,2,2,0,차대차 - 측면직각충돌,신호위반,건조,맑음,교차로 - 교차로안,승용,남,67세,중상,승합,남,49세,경상
2013111200100191,2013년 11월 12일 09시,화요일,인천광역시 계양구 계산동,경상사고,0,0,1,0,차대사람 - 길가장자리구역통행중,안전운전불이행,건조,맑음,단일로 - 기타,승용,여,38세,상해없음,보행자,남,49세,경상
2013111200100216,2013년 11월 12일 10시,화요일,인천광역시 남동구 구월동,경상사고,0,0,1,0,차대차 - 추돌 - 진행중,불법유턴,건조,맑음,단일로 - 기타,승용,남,51세,상해없음,승용,여,54세,상해없음
2013111200100248,2013년 11월 12일 11시,화요일,인천광역시 서구 당하동,경상사고,0,0,1,0,차대사람 - 기타,안전운전불이행,건조,맑음,단일로 - 기타,승합,남,54세,상해없음,보행자,남,62세,경상
2013111200100273,2013년 11월 12일 12시,화요일,인천광역시 남구 학익동,경상사고,0,0,1,0,차대사람 - 기타,안전운전불이행,건조,맑음,단일로 - 기타,승용,남,39세,상해없음,보행자,남,53세,경상
2013111200100369,2013년 11월 12일 15시,화요일,인천광역시 남구 숭의동,중상사고,0,1,0,0,차대사람 - 기타,안전운전불이행,건조,맑음,기타 - 기타,승용,남,48세,상해없음,보행자,여,88세,중상
2013111200100370,2013년 11월 12일 15시,화요일,인천광역시 연수구 동춘동,경상사고,0,0,1,0,차대차 - 기타,안전운전불이행,건조,맑음,단일로 - 기타,기타불명,기타불명,기타불명,기타불명,승용,남,31세,경상
2013111200100404,2013년 11월 12일 16시,화요일,인천광역시 남동구 구월동,중상사고,0,1,0,0,차대사람 - 보도통행중,기타,건조,맑음,단일로 - 기타,이륜,남,16세,상해없음,보행자,남,4세,중상
2013111200100436,2013년 11월 12일 17시,화요일,인천광역시 서구 가좌동,경상사고,0,0,2,0,차대차 - 기타,안전운전불이행,건조,맑음,단일로 - 기타,화물,남,29세,상해없음,승용,남,64세,경상
2013111200100437,2013년 11월 12일 17시,화요일,인천광역시 서구 검암동,경상사고,0,0,1,0,차대차 - 기타,차로위반,건조,맑음,단일로 - 기타,승용,남,56세,상해없음,화물,남,54세,경상
2013111200100520,2013년 11월 12일 19시,화요일,인천광역시 남구 주안동,경상사고,0,0,1,0,차대차 - 기타,안전운전불이행,건조,맑음,교차로 - 교차로안,승용,여,48세,상해없음,승용,남,35세,경상
2013111200100521,2013년 11월 12일 19시,화요일,인천광역시 남동구 구월동,경상사고,0,0,1,0,차대사람 - 기타,기타,건조,맑음,단일로 - 기타,승용,남,55세,상해없음,보행자,남,51세,경상
2013111200100580,2013년 11월 12일 21시,화요일,인천광역시 남구 학익동,중상사고,0,3,0,0,차대차 - 추돌 - 주정차중,안전운전불이행,건조,맑음,단일로 - 기타,승용,남,53세,상해없음,승용,여,42세,중상
2013111200100581,2013년 11월 12일 21시,화요일,인천광역시 남구 용현동,경상사고,0,0,1,0,차대차 - 기타,안전거리미확보,건조,맑음,교차로 - 교차로부근,승용,남,44세,상해없음,승합,남,59세,경상
2013111200100582,2013년 11월 12일 21시,화요일,인천광역시 남구 학익동,경상사고,0,0,1,0,차대차 - 기타,안전거리미확보,건조,맑음,교차로 - 교차로부근,원동기,남,27세,경상,승용,남,51세,상해없음
2013111200100583,2013년 11월 12일 21시,화요일,인천광역시 부평구 십정동,경상사고,0,0,1,0,차대사람 - 기타,안전운전불이행,건조,맑음,단일로 - 기타,승용,남,37세,상해없음,보행자,여,62세,경상
2013111200100584,2013년 11월 12일 21시,화요일,인천광역시 남동구 구월동,경상사고,0,0,2,0,차대차 - 측면직각충돌,교차로운행방법위반,건조,맑음,교차로 - 교차로안,승용,여,55세,경상,승용,남,58세,경상
2013111200100619,2013년 11월 12일 22시,화요일,인천광역시 부평구 부개동,중상사고,0,1,0,0,차대사람 - 횡단중,보행자보호의무위반,건조,맑음,단일로 - 기타,승용,남,53세,상해없음,보행자,남,42세,중상