사고번호,사고일시,요일,시군구,사고내용,사망자수,중상자수,경상자수,부상신고자수,사고유형,법규위반,노면상태,기상상태,도로형태,가해운전자 차종,가해운전자 성별,가해운전자 연령,가해운전자 상해정도,피해운전자 차종,피해운전자 성별,피해운전자 연령,피해운전자 상해정도
2013111700100219,2013년 11월 17일 11시,일요일,인천광역시 남구 도화동,경상사고,0,0,1,0,차대차 - 기타,안전운전불이행,건조,맑음,단일로 - 기타,승용,남,48세,상해없음,승용,남,54세,경상
2013111700100235,2013년 11월 17일 12시,일요일,인천광역시 중구 운서동,경상사고,0,0,5,0,차대차 - 추돌 - 진행중,안전운전불이행,건조,맑음,교차로 - 교차로부근,승용,남,20세,상해없음,승용,남,42세,경상
2013111700100236,2013년 11월 17일 12시,일요일,인천광역시 서구 가좌동,경상사고,0,0,1,0,차대차 - 추돌 - 주정차중,안전운전불이행,건조,맑음,단일로 - 기타,화물,남,61세,상해없음,승용,여,47세,경상
2013111700100287,2013년 11월 17일 14시,일요일,인천광역시 남구 숭의동,경상사고,0,0,1,0,차대차 - 추돌 - 주정차중,안전운전불이행,건조,맑음,단일로 - 기타,승용,남,53세,상해없음,승용,남,72세,상해없음
2013111700100304,2013년 11월 17일 15시,일요일,인천광역시 남구 용현동,경상사고,0,0,1,0,차대차 - 측면직각충돌,안전거리미확보,건조,맑음,교차로 - 교차로부근,승용,여,46세,상해없음,승용,남,28세,경상
2013111700100305,2013년 11월 17일 15시,일요일,인천광역시 남구 도화동,경상사고,0,0,1,0,차량단독 - 기타,안전운전불이행,건조,맑음,단일로 - 기타,승용,남,41세,상해없음,,,,
2013111700100306,2013년 11월 17일 15시,일요일,인천광역시 남동구 만수동,경상사고,0,0,1,0,차대사람 - 횡단중,안전운전불이행,건조,맑음,단일로 - 기타,승용,남,51세,상해없음,보행자,여,9세,경상
2013111700100342,2013년 11월 17일 16시,일요일,인천광역시 부평구 부평동,경상사고,0,0,1,0,차대차 - 추돌 - 진행중,안전운전불이행,건조,맑음,단일로 - 기타,원동기,남,35세,상해없음,승용,남,52세,경상
2013111700100380,2013년 11월 17일 17시,일요일,인천광역시 중구 답동,경상사고,0,0,1,0,차대차 - 측면직각충돌,차로위반,건조,맑음,단일로 - 기타,승용,남,51세,상해없음,승용,여,60세,경상
2013111700100381,2013년 11월 17일 17시,일요일,인천광역시 남구 학익동,경상사고,0,0,2,0,차대차 - 측면직각충돌,교차로운행방법위반,건조,맑음,교차로 - 교차로안,승용,기타불명,기타불명,기타불명,승합,남,40세,경상
2013111700100417,2013년 11월 17일 18시,일요일,인천광역시 남구 도화동,경상사고,0,0,1,0,차대차 - 추돌 - 주정차중,안전운전불이행,건조,맑음,단일로 - 기타,승용,남,40세,상해없음,승용,남,32세,경상
2013111700100418,2013년 11월 17일 18시,일요일,인천광역시 남동구 간석동,중상사고,0,1,0,0,차대차 - 측면직각충돌,신호위반,건조,맑음,교차로 - 교차로안,이륜,남,23세,중상,승용,남,56세,상해없음
2013111700100491,2013년 11월 17일 20시,일요일,인천광역시 서구 원창동,경상사고,0,0,1,0,차대차 - 기타,안전거리미확보,건조,맑음,단일로 - 기타,승용,여,44세,상해없음,승용,남,32세,경상
2013111700100513,2013년 11월 17일 21시,일요일,인천광역시 서구 가좌동,경상사고,0,0,1,0,차대사람 - 횡단중,안전운전불이행,건조,맑음,교차로 - 교차로부근,승용,여,52세,상해없음,보행자,남,46세,경상
2013111700100532,2013년 11월 17일 22시,일요일,인천광역시 서구 가좌동,사망사고,1,1,0,0,차대차 - 기타,안전운전불이행,건조,맑음,단일로 - 기타,승용,남,39세,중상,화물,남,50세,상해없음
2013111800100139,2013년 11월 18일 08시,월요일,인천광역시 부평구 부평동,중상사고,0,1,0,0,차대사람 - 횡단중,보행자보호의무위반,건조,맑음,단일로 - 횡단보도상,승용,여,52세,상해없음,보행자,여,59세,중상
2013111800100140,2013년 11월 18일 08시,월요일,인천광역시 계양구 효성동,중상사고,0,1,0,0,차대사람 - 횡단중,안전운전불이행,건조,맑음,교차로 - 교차로안,승합,남,63세,상해없음,보행자,여,18세,중상
2013111800100183,2013년 11월 18일 09시,월요일,인천광역시 남동구 논현동,중상사고,0,3,1,0,차대차 - 측면직각충돌,신호위반,건조,맑음,교차로 - 교차로안,승용,남,43세,상해없음,승용,남,46세,중상
2013111800100184,2013년 11월 18일 09시,월요일,인천광역시 연수구 연수동,경상사고,0,0,4,0,차대차 - 추돌 - 진행중,안전거리미확보,건조,맑음,단일로 - 기타,화물,남,43세,상해없음,승용,남,48세,경상
2013111800100211,2013년 11월 18일 10시,월요일,인천광역시 남동구 장수동,중상사고,0,1,0,0,차대차 - 추돌 - 진행중,안전운전불이행,건조,맑음,단일로 - 기타,화물,남,51세,상해없음,승용,여,59세,중상
2013111800100212,2013년 11월 18일 10시,월요일,인천광역시 남동구 논현동,경상사고,0,0,4,0,차대차 - 추돌 - 주정차중,안전운전불이행,건조,맑음,단일로 - 기타,승용,여,46세,상해없음,승합,여,46세,경상
2013111800100237,2013년 11월 18일 11시,월요일,인천광역시 서구 가정동,경상사고,0,0,1,0,차대차 - 추돌 - 진행중,안전거리미확보,건조,맑음,단일로 - 기타,화물,남,64세,상해없음,승용,여,34세,경상
2013111800100238,2013년 11월 18일 11시,월요일,인천광역시 강화군 강화읍,중상사고,0,1,0,0,차대차 - 기타,안전운전불이행,건조,맑음,단일로 - 기타,화물,남,54세,상해없음,이륜,남,84세,중상
2013111800100356,2013년 11월 18일 15시,월요일,인천광역시 부평구 부평동,경상사고,0,0,1,0,차대사람 - 길가장자리구역통행중,안전운전불이행,건조,맑음,단일로 - 기타,화물,남,55세,상해없음,보행자,여,62세,경상
2013111800100357,2013년 11월 18일 15시,월요일,인천광역시 서구 원당동,경상사고,0,0,3,0,차대차 - 추돌 - 주정차중,안전운전불이행,건조,맑음,단일로 - 기타,승합,남,30세,상해없음,승용,여,38세,경상
2013111800100358,2013년 11월 18일 15시,월요일,인천광역시 부평구 삼산동,경상사고,0,0,3,0,차대차 - 측면직각충돌,교차로운행방법위반,건조,맑음,교차로 - 교차로안,승용,여,50세,상해없음,승용,남,44세,경상
2013111800100435,2013년 11월 18일 17시,월요일,인천광역시 서구 심곡동,경상사고,0,0,2,0,차대차 - 측면직각충돌,안전거리미확보,건조,맑음,단일로 - 기타,승용,남,59세,상해없음,승용,남,44세,경상
2013111800100436,2013년 11월 18일 17시,월요일,인천광역시 서구 원창동,경상사고,0,0,2,0,차대차 - 측면직각충돌,안전운전불이행,건조,맑음,단일로 - 기타,승용,남,67세,상해없음,화물,남,55세,경상
2013111800100437,2013년 11월 18일 17시,월요일,인천광역시 계양구 작전동,경상사고,0,0,1,0,차대차 - 측면직각충돌,안전운전불이행,건조,맑음,단일로 - 기타,승용,남,42세,상해없음,이륜,남,51세,경상
2013111800100438,2013년 11월 18일 17시,월요일,인천광역시 연수구 선학동,경상사고,0,0,2,0,차대차 - 기타,차로위반,건조,맑음,단일로 - 기타,승용,남,53세,상해없음,승합,남,51세,상해없음
2013111800100485,2013년 11월 18일 18시,월요일,인천광역시 남구 용현동,경상사고,0,0,1,0,차대사람 - 횡단중,안전운전불이행,건조,맑음,교차로 - 교차로부근,승용,남,47세,상해없음,보행자,남,17세,경상
2013111800100486,2013년 11월 18일 18시,월요일,인천광역시 남동구 구월동,사망사고,1,0,0,0,차대사람 - 기타,안전운전불이행,건조,맑음,교차로 - 교차로안,승용,남,43세,상해없음,보행자,남,72세,사망
2013111800100487,2013년 11월 18일 18시,월요일,인천광역시 연수구 송도동,중상사고,0,1,0,0,차대차 - 측면직각충돌,중앙선침범,건조,맑음,단일로 - 기타,자전거,남,16세,상해없음,원동기,남,37세,중상
2013111800100520,2013년 11월 18일 19시,월요일,인천광역시 남구 용현동,경상사고,0,0,1,0,차대차 - 측면직각충돌,안전운전불이행,건조,맑음,단일로 - 기타,승용,기타불명,기타불명,기타불명,승용,여,29세,경상
2013111800100554,2013년 11월 18일 20시,월요일,인천광역시 서구 신현동,경상사고,0,0,1,0,차대사람 - 기타,안전운전불이행,건조,맑음,단일로 - 기타,승용,여,40세,상해없음,보행자,여,31세,경상
2013111800100555,2013년 11월 18일 20시,월요일,인천광역시 계양구 용종동,경상사고,0,0,1,0,차대차 - 추돌 - 주정차중,안전운전불이행,건조,맑음,단일로 - 기타,승합,남,40세,상해없음,이륜,남,33세,경상
2013111800100576,2013년 11월 18일 21시,월요일,인천광역시 남동구 논현동,경상사고,0,0,2,0,차대차 - 추돌 - 진행중,안전거리미확보,건조,맑음,단일로 - 기타,승용,남,37세,상해없음,승용,여,43세,경상
2013111800100607,2013년 11월 18일 22시,월요일,인천광역시 연수구 연수동,중상사고,0,1,0,0,차대차 - 기타,안전운전불이행,건조,맑음,교차로 - 교차로부근,승용,남,54세,상해없음,이륜,남,52세,중상
2013111800100608,2013년 11월 18일 22시,월요일,인천광역시 남동구 논현동,경상사고,0,0,1,0,차대차 - 추돌 - 진행중,안전거리미확보,건조,맑음,단일로 - 기타,승용,남,35세,상해없음,승용,남,38세,경상
2013111800100631,2013년 11월 18일 23시,월요일,인천광역시 서구 연희동,중상사고,0,2,0,0,차대차 - 측면직각충돌,신호위반,건조,맑음,교차로 - 교차로안,승용,남,33세,상해없음,원동기,남,18세,중상
2013111800100632,2013년 11월 18일 23시,월요일,인천광역시 계양구 작전동,경상사고,0,0,3,0,차대차 - 추돌 - 진행중,안전운전불이행,건조,맑음,교차로 - 교차로안,승용,남,61세,경상,승용,남,35세,경상
2013111900100016,2013년 11월 19일 00시,화요일,인천광역시 남구 숭의동,중상사고,0,1,0,0,차대사람 - 횡단중,안전운전불이행,건조,맑음,단일로 - 기타,승용,남,33세,상해없음,보행자,남,43세,중상
2013111900100056,2013년 11월 19일 04시,화요일,인천광역시 남구 숭의동,경상사고,0,0,2,0,차대차 - 기타,신호위반,건조,맑음,교차로 - 교차로안,승용,남,41세,상해없음,승용,남,45세,상해없음
2013111900100066,2013년 11월 19일 05시,화요일,인천광역시 남구 학익동,중상사고,0,1,0,0,차대사람 - 횡단중,안전운전불이행,건조,맑음,단일로 - 횡단보도상,승합,남,56세,상해없음,보행자,남,45세,중상
2013111900100078,2013년 11월 19일 06시,화요일,인천광역시 남구 주안동,중상사고,0,1,1,0,차대사람 - 횡단중,안전운전불이행,건조,맑음,단일로 - 횡단보도상,승용,여,57세,상해없음,보행자,남,44세,경상
2013111900100100,2013년 11월 19일 07시,화요일,인천광역시 연수구 연수동,중상사고,0,1,0,0,차대차 - 추돌 - 주정차중,안전운전불이행,건조,맑음,단일로 - 기타,화물,남,47세,상해없음,승용,남,38세,중상
2013111900100133,2013년 11월 19일 08시,화요일,인천광역시 남구 용현동,부상신고사고,0,0,0,1,차대사람 - 기타,안전운전불이행,건조,맑음,단일로 - 기타,승용,기타불명,기타불명,기타불명,보행자,남,15세,부상신고
2013111900100134,2013년 11월 19일 08시,화요일,인천광역시 계양구 동양동,중상사고,0,1,0,0,차대차 - 측면직각충돌,안전운전불이행,건조,맑음,교차로 - 교차로부근,기타불명,기타불명,기타불명,기타불명,자전거,남,73세,중상
2013111900100166,2013년 11월 19일 09시,화요일,인천광역시 서구 석남동,경상사고,0,0,1,0,차대차 - 측면직각충돌,안전운전불이행,건조,맑음,단일로 - 기타,승용,남,52세,상해없음,승용,남,41세,경상
2013111900100221,2013년 11월 19일 11시,화요일,인천광역시 중구 운북동,중상사고,0,1,0,0,차대차 - 기타,안전운전불이행,건조,맑음,교차로 - 교차로부근,화물,남,57세,상해없음,이륜,남,48세,중상
2013111900100222,2013년 11월 19일 11시,화요일,인천광역시 남구 숭의동,경상사고,0,0,2,0,차대차 - 측면직각충돌,안전거리미확보,건조,맑음,교차로 - 교차로안,승용,여,51세,경상,승용,남,41세,경상
2013111900100245,2013년 11월 19일 12시,화요일,인천광역시 서구 오류동,경상사고,0,0,1,0,차대차 - 측면직각충돌,중앙선침범,건조,맑음,단일로 - 기타,승용,남,64세,상해없음,화물,남,37세,경상
2013111900100264,2013년 11월 19일 13시,화요일,인천광역시 남구 용현동,경상사고,0,0,2,0,차대차 - 기타,안전운전불이행,건조,맑음,단일로 - 기타,화물,남,48세,상해없음,승용,남,90세 이상,경상
2013111900100265,2013년 11월 19일 13시,화요일,인천광역시 연수구 청학동,중상사고,0,1,0,0,차대차 - 기타,신호위반,건조,맑음,교차로 - 교차로안,화물,남,50세,상해없음,승용,여,32세,중상
2013111900100304,2013년 11월 19일 14시,화요일,인천광역시 부평구 부평동,경상사고,0,0,1,0,차대차 - 기타,안전운전불이행,건조,맑음,단일로 - 기타,자전거,여,57세,경상,승합,남,44세,상해없음
2013111900100305,2013년 11월 19일 14시,화요일,인천광역시 남동구 간석동,경상사고,0,0,1,0,차대차 - 측면직각충돌,안전운전불이행,건조,맑음,단일로 - 기타,승용,남,82세,상해없음,승용,남,30세,경상
2013111900100336,2013년 11월 19일 15시,화요일,인천광역시 부평구 갈산동,중상사고,0,1,0,0,차대사람 - 기타,안전운전불이행,건조,맑음,기타 - 기타,승용,여,37세,상해없음,보행자,여,35세,중상
2013111900100362,2013년 11월 19일 16시,화요일,인천광역시 서구 불로동,중상사고,0,1,0,0,차대사람 - 보도통행중,보행자보호의무위반,건조,맑음,단일로 - 횡단보도상,승용,여,32세,상해없음,보행자,여,52세,중상
2013111900100408,2013년 11월 19일 17시,화요일,인천광역시 부평구 부개동,경상사고,0,0,1,0,차대차 - 측면직각충돌,교차로운행방법위반,건조,맑음,교차로 - 교차로안,승용,여,55세,기타불명,화물,남,41세,경상
2013111900100459,2013년 11월 19일 18시,화요일,인천광역시 부평구 부평동,중상사고,0,1,0,0,차량단독 - 기타,안전운전불이행,건조,맑음,단일로 - 기타,승합,남,60세,상해없음,,,,
2013111900100460,2013년 11월 19일 18시,화요일,인천광역시 남동구 장수동,중상사고,0,1,0,0,차대사람 - 차도통행중,안전운전불이행,건조,맑음,교차로 - 교차로부근,승용,여,40세,상해없음,보행자,여,56세,중상
2013111900100461,2013년 11월 19일 18시,화요일,인천광역시 계양구 계산동,경상사고,0,0,2,0,차대차 - 추돌 - 주정차중,안전운전불이행,건조,맑음,단일로 - 기타,승용,남,34세,상해없음,승용,남,42세,상해없음
2013111900100502,2013년 11월 19일 19시,화요일,인천광역시 남동구 도림동,부상신고사고,0,0,0,1,차대차 - 측면직각충돌,신호위반,건조,맑음,교차로 - 교차로안,이륜,남,32세,부상신고,승용,여,31세,상해없음
2013111900100520,2013년 11월 19일 20시,화요일,인천광역시 서구 석남동,경상사고,0,0,1,0,차대차 - 기타,안전운전불이행,건조,맑음,단일로 - 기타,승용,여,53세,상해없음,승용,남,34세,경상
2013111900100548,2013년 11월 19일 21시,화요일,인천광역시 옹진군 영흥면,경상사고,0,0,2,0,차대차 - 추돌 - 진행중,안전운전불이행,건조,맑음,단일로 - 기타,승용,남,49세,상해없음,승용,여,47세,경상
2013111900100549,2013년 11월 19일 21시,화요일,인천광역시 남동구 구월동,경상사고,0,0,1,0,차대사람 - 기타,안전운전불이행,건조,맑음,단일로 - 기타,기타불명,기타불명,기타불명,기타불명,보행자,남,36세,경상
2013111900100550,2013년 11월 19일 21시,화요일,인천광역시 서구 가좌동,중상사고,0,2,0,0,차대차 - 기타,안전운전불이행,건조,맑음,교차로 - 교차로안,승용,남,48세,상해없음,승용,남,37세,중상
2013111900100551,2013년 11월 19일 21시,화요일,인천광역시 부평구 삼산동,경상사고,0,0,1,0,차대사람 - 횡단중,안전운전불이행,건조,맑음,교차로 - 교차로안,승용,남,66세,상해없음,보행자,여,65세,경상
2013111900100578,2013년 11월 19일 22시,화요일,인천광역시 부평구 십정동,경상사고,0,0,1,0,차대차 - 기타,교차로운행방법위반,건조,맑음,교차로 - 교차로안,승용,남,60세,상해없음,승용,남,51세,경상
2013111900100579,2013년 11월 19일 22시,화요일,인천광역시 연수구 선학동,중상사고,0,1,0,0,차대사람 - 기타,안전운전불이행,건조,맑음,교차로 - 교차로안,승용,여,51세,상해없음,보행자,여,53세,중상
2013111900100609,2013년 11월 19일 23시,화요일,인천광역시 남구 도화동,경상사고,0,0,1,0,차대차 - 기타,불법유턴,건조,흐림,교차로 - 교차로부근,원동기,남,28세,경상,승용,남,62세,상해없음
2013112000100015,2013년 11월 20일 00시,수요일,인천광역시 남구 도화동,경상사고,0,0,1,0,차대차 - 추돌 - 주정차중,안전운전불이행,건조,맑음,교차로 - 교차로부근,승용,남,38세,상해없음,승용,남,62세,상해없음
2013112000100016,2013년 11월 20일 00시,수요일,인천광역시 부평구 부평동,경상사고,0,0,1,0,차대차 - 기타,안전운전불이행,건조,맑음,단일로 - 기타,승용,여,22세,기타불명,승용,남,63세,상해없음
2013112000100036,2013년 11월 20일 01시,수요일,인천광역시 부평구 십정동,중상사고,0,1,0,0,차대사람 - 기타,보행자보호의무위반,건조,맑음,단일로 - 횡단보도상,승용,남,52세,상해없음,보행자,남,49세,중상
2013112000100073,2013년 11월 20일 06시,수요일,인천광역시 부평구 부개동,경상사고,0,0,3,0,차대차 - 추돌 - 진행중,안전거리미확보,건조,맑음,단일로 - 기타,승용,남,46세,상해없음,화물,남,49세,상해없음
2013112000100132,2013년 11월 20일 08시,수요일,인천광역시 서구 가좌동,중상사고,0,1,0,0,차대차 - 기타,안전운전불이행,건조,맑음,교차로 - 교차로부근,이륜,남,34세,중상,승용,남,42세,상해없음
2013112000100133,2013년 11월 20일 08시,수요일,인천광역시 연수구 연수동,경상사고,0,0,2,0,차대차 - 기타,안전운전불이행,건조,맑음,단일로 - 기타,승용,남,27세,상해없음,승용,남,63세,경상
2013112000100162,2013년 11월 20일 09시,수요일,인천광역시 남구 숭의동,중상사고,0,1,0,0,차대사람 - 횡단중,안전운전불이행,건조,맑음,단일로 - 기타,화물,남,43세,상해없음,보행자,여,79세,중상
2013112000100163,2013년 11월 20일 09시,수요일,인천광역시 서구 원창동,경상사고,0,0,1,0,차대차 - 추돌 - 주정차중,안전거리미확보,건조,맑음,단일로 - 기타,화물,남,23세,상해없음,승용,남,61세,상해없음
2013112000100164,2013년 11월 20일 09시,수요일,인천광역시 강화군 교동면,경상사고,0,0,1,0,차대차 - 기타,안전운전불이행,건조,맑음,교차로 - 교차로부근,화물,여,49세,상해없음,승용,여,46세,경상
2013112000100231,2013년 11월 20일 12시,수요일,인천광역시 부평구 산곡동,중상사고,0,1,0,0,차대차 - 추돌 - 진행중,안전운전불이행,건조,맑음,교차로 - 교차로안,승용,여,34세,상해없음,자전거,남,30세,중상
2013112000100232,2013년 11월 20일 12시,수요일,인천광역시 부평구 부개동,경상사고,0,0,1,0,차대차 - 추돌 - 진행중,안전운전불이행,건조,맑음,단일로 - 기타,화물,남,33세,상해없음,승용,남,66세,경상
2013112000100289,2013년 11월 20일 14시,수요일,인천광역시 남구 도화동,경상사고,0,0,1,0,차대차 - 측면직각충돌,안전거리미확보,건조,맑음,단일로 - 기타,승용,여,40세,상해없음,승용,남,44세,경상
2013112000100399,2013년 11월 20일 17시,수요일,인천광역시 남구 용현동,경상사고,0,0,7,0,차대차 - 기타,차로위반,건조,맑음,교차로 - 교차로부근,승용,남,71세,상해없음,화물,남,24세,경상
2013112000100454,2013년 11월 20일 18시,수요일,인천광역시 동구 송림동,중상사고,0,1,0,0,차대차 - 측면직각충돌,신호위반,건조,맑음,단일로 - 횡단보도부근,승용,남,45세,상해없음,승용,여,33세,중상
2013112000100455,2013년 11월 20일 18시,수요일,인천광역시 남동구 만수동,중상사고,0,1,0,0,차대사람 - 보도통행중,보행자보호의무위반,건조,맑음,단일로 - 횡단보도상,승용,남,37세,상해없음,보행자,여,60세,중상
2013112000100456,2013년 11월 20일 18시,수요일,인천광역시 서구 석남동,중상사고,0,1,0,0,차대사람 - 횡단중,안전운전불이행,건조,맑음,단일로 - 기타,승합,남,59세,상해없음,보행자,여,79세,중상
2013112000100457,2013년 11월 20일 18시,수요일,인천광역시 계양구 계산동,중상사고,0,1,1,0,차대차 - 측면직각충돌,신호위반,건조,맑음,교차로 - 교차로안,승용,남,50세,상해없음,승용,남,75세,중상
2013112000100518,2013년 11월 20일 19시,수요일,인천광역시 동구 송림동,경상사고,0,0,2,0,차대차 - 추돌 - 진행중,안전운전불이행,건조,맑음,단일로 - 기타,화물,남,38세,상해없음,화물,남,58세,경상
2013112000100519,2013년 11월 20일 19시,수요일,인천광역시 남구 주안동,경상사고,0,0,1,0,차대차 - 기타,교차로운행방법위반,건조,맑음,교차로 - 교차로부근,화물,남,36세,상해없음,원동기,남,30세,경상
2013112000100575,2013년 11월 20일 21시,수요일,인천광역시 부평구 산곡동,중상사고,0,1,0,1,차대차 - 기타,안전거리미확보,건조,맑음,단일로 - 기타,승용,남,53세,상해없음,승합,남,40세,상해없음
2013112000100576,2013년 11월 20일 21시,수요일,인천광역시 서구 연희동,중상사고,0,1,0,0,차대차 - 기타,안전운전불이행,건조,맑음,단일로 - 기타,승용,남,42세,상해없음,이륜,남,43세,중상
2013112000100604,2013년 11월 20일 22시,수요일,인천광역시 서구 경서동,경상사고,0,0,2,0,차대차 - 기타,안전운전불이행,건조,맑음,교차로 - 교차로부근,화물,남,54세,상해없음,승용,남,33세,경상
2013112000100605,2013년 11월 20일 22시,수요일,인천광역시 계양구 작전동,경상사고,0,0,1,0,차대차 - 추돌 - 주정차중,안전운전불이행,건조,맑음,교차로 - 교차로부근,승용,남,36세,상해없음,승용,기타불명,기타불명,기타불명
2013112000100630,2013년 11월 20일 23시,수요일,인천광역시 계양구 귤현동,중상사고,0,1,0,0,차대사람 - 횡단중,안전운전불이행,건조,맑음,단일로 - 횡단보도상,승용,남,34세,상해없음,보행자,여,34세,중상
2013112100100032,2013년 11월 21일 01시,목요일,인천광역시 서구 마전동,경상사고,0,0,1,0,차대차 - 측면직각충돌,안전운전불이행,건조,맑음,교차로 - 교차로안,승용,남,41세,상해없음,승용,남,44세,경상
2013112100100044,2013년 11월 21일 02시,목요일,인천광역시 남구 도화동,경상사고,0,0,1,0,차대차 - 추돌 - 주정차중,안전운전불이행,건조,맑음,단일로 - 기타,승용,남,33세,경상,승용,남,49세,상해없음
2013112100100053,2013년 11월 21일 04시,목요일,인천광역시 연수구 선학동,중상사고,0,3,0,0,차대사람 - 횡단중,보행자보호의무위반,건조,맑음,교차로 - 교차로부근,승용,남,63세,상해없음,보행자,남,27세,중상
2013112100100079,2013년 11월 21일 06시,목요일,인천광역시 서구 원당동,중상사고,0,1,0,0,차대사람 - 기타,안전운전불이행,건조,맑음,단일로 - 횡단보도부근,승용,남,53세,상해없음,보행자,남,66세,중상
2013112100100080,2013년 11월 21일 06시,목요일,인천광역시 계양구 계산동,경상사고,0,0,1,0,차대차 - 측면직각충돌,안전운전불이행,건조,맑음,단일로 - 기타,승합,남,51세,상해없음,자전거,남,75세,경상
2013112100100170,2013년 11월 21일 09시,목요일,인천광역시 부평구 부평동,경상사고,0,0,1,0,차대차 - 추돌 - 주정차중,안전운전불이행,건조,맑음,교차로 - 교차로부근,승용,여,52세,상해없음,승용,남,63세,상해없음
2013112100100171,2013년 11월 21일 09시,목요일,인천광역시 남동구 간석동,경상사고,0,0,1,0,차대차 - 측면직각충돌,안전운전불이행,건조,맑음,교차로 - 교차로안,화물,남,48세,기타불명,화물,남,46세,경상
2013112100100172,2013년 11월 21일 09시,목요일,인천광역시 서구 연희동,경상사고,0,0,1,0,차대사람 - 기타,안전운전불이행,건조,맑음,단일로 - 횡단보도부근,승용,여,37세,상해없음,보행자,여,34세,경상
2013112100100173,2013년 11월 21일 09시,목요일,인천광역시 서구 가좌동,경상사고,0,0,1,0,차대차 - 기타,안전운전불이행,건조,맑음,교차로 - 교차로부근,승용,남,51세,상해없음,승용,남,50세,상해없음
2013112100100198,2013년 11월 21일 10시,목요일,인천광역시 서구 가좌동,경상사고,0,0,1,0,차대차 - 측면직각충돌,신호위반,건조,맑음,교차로 - 교차로안,승용,남,24세,상해없음,승용,남,25세,경상
2013112100100253,2013년 11월 21일 12시,목요일,인천광역시 부평구 갈산동,경상사고,0,0,1,0,차대차 - 측면직각충돌,교차로운행방법위반,건조,맑음,교차로 - 교차로안,화물,남,58세,상해없음,승용,남,52세,경상
2013112100100276,2013년 11월 21일 13시,목요일,인천광역시 남동구 간석동,경상사고,0,0,1,0,차대차 - 기타,교차로운행방법위반,건조,맑음,교차로 - 교차로부근,승합,남,63세,상해없음,원동기,남,25세,경상
2013112100100314,2013년 11월 21일 14시,목요일,인천광역시 남동구 만수동,경상사고,0,0,1,0,차대차 - 측면직각충돌,교차로운행방법위반,건조,맑음,교차로 - 교차로안,승용,여,28세,상해없음,기타불명,남,71세,경상
2013112100100350,2013년 11월 21일 15시,목요일,인천광역시 부평구 부평동,경상사고,0,0,1,0,차대차 - 측면직각충돌,안전운전불이행,건조,맑음,교차로 - 교차로안,승용,남,61세,상해없음,승용,남,35세,경상
2013112100100351,2013년 11월 21일 15시,목요일,인천광역시 남동구 간석동,사망사고,1,0,0,0,차대사람 - 횡단중,안전운전불이행,건조,맑음,단일로 - 기타,이륜,남,34세,상해없음,보행자,남,80세,사망
2013112100100352,2013년 11월 21일 15시,목요일,인천광역시 연수구 송도동,경상사고,0,0,1,0,차대차 - 기타,안전운전불이행,건조,맑음,교차로 - 교차로안,승용,남,53세,상해없음,자전거,남,9세,경상
2013112100100387,2013년 11월 21일 16시,목요일,인천광역시 남구 학익동,경상사고,0,0,1,0,차량단독 - 기타,안전운전불이행,건조,맑음,단일로 - 기타,승합,남,44세,상해없음,,,,
2013112100100429,2013년 11월 21일 17시,목요일,인천광역시 남동구 고잔동,경상사고,0,0,1,0,차대사람 - 횡단중,신호위반,건조,맑음,교차로 - 교차로안,승용,남,56세,상해없음,보행자,남,58세,경상
2013112100100430,2013년 11월 21일 17시,목요일,인천광역시 서구 백석동,경상사고,0,0,1,0,차대차 - 기타,안전운전불이행,건조,맑음,교차로 - 교차로안,기타불명,기타불명,기타불명,기타불명,승합,남,42세,상해없음
2013112100100431,2013년 11월 21일 17시,목요일,인천광역시 연수구 옥련동,중상사고,0,1,0,0,차대차 - 기타,교차로운행방법위반,건조,맑음,교차로 - 교차로안,승용,남,57세,상해없음,이륜,남,18세,중상
2013112100100482,2013년 11월 21일 18시,목요일,인천광역시 중구 신흥동3가,중상사고,0,1,0,0,차대사람 - 보도통행중,신호위반,건조,맑음,교차로 - 교차로안,승용,남,46세,상해없음,보행자,여,18세,중상
2013112100100519,2013년 11월 21일 19시,목요일,인천광역시 서구 신현동,중상사고,0,1,0,0,차대차 - 측면직각충돌,신호위반,건조,맑음,교차로 - 교차로안,승용,남,42세,상해없음,승용,남,55세,중상
2013112100100520,2013년 11월 21일 19시,목요일,인천광역시 강화군 선원면,중상사고,0,1,0,0,차대차 - 기타,안전운전불이행,건조,맑음,교차로 - 교차로안,화물,남,33세,상해없음,원동기,남,16세,중상
2013112100100557,2013년 11월 21일 20시,목요일,인천광역시 동구 창영동,경상사고,0,0,1,0,차대차 - 추돌 - 주정차중,안전운전불이행,건조,맑음,교차로 - 교차로부근,승용,남,39세,상해없음,원동기,남,19세,경상
2013112100100558,2013년 11월 21일 20시,목요일,인천광역시 남구 관교동,중상사고,0,1,0,0,차대차 - 추돌 - 주정차중,안전운전불이행,건조,맑음,교차로 - 교차로안,승용,남,48세,상해없음,이륜,남,41세,중상