사고번호,사고일시,요일,시군구,사고내용,사망자수,중상자수,경상자수,부상신고자수,사고유형,법규위반,노면상태,기상상태,도로형태,가해운전자 차종,가해운전자 성별,가해운전자 연령,가해운전자 상해정도,피해운전자 차종,피해운전자 성별,피해운전자 연령,피해운전자 상해정도
2013112100100559,2013년 11월 21일 20시,목요일,인천광역시 남동구 구월동,경상사고,0,0,1,0,차대차 - 추돌 - 진행중,안전운전불이행,건조,맑음,단일로 - 기타,승용,여,42세,상해없음,승용,남,32세,경상
2013112100100595,2013년 11월 21일 21시,목요일,인천광역시 부평구 십정동,경상사고,0,0,1,0,차대사람 - 기타,안전운전불이행,건조,맑음,단일로 - 기타,승용,여,56세,상해없음,보행자,남,30세,경상
2013112100100596,2013년 11월 21일 21시,목요일,인천광역시 서구 마전동,경상사고,0,0,1,0,차대사람 - 기타,안전운전불이행,건조,맑음,단일로 - 기타,승용,여,42세,상해없음,보행자,여,31세,경상
2013112100100634,2013년 11월 21일 22시,목요일,인천광역시 남동구 구월동,중상사고,0,1,0,0,차대차 - 추돌 - 진행중,안전운전불이행,건조,맑음,교차로 - 교차로부근,승용,남,37세,상해없음,이륜,남,57세,중상
2013112100100635,2013년 11월 21일 22시,목요일,인천광역시 서구 석남동,경상사고,0,0,1,0,차대차 - 기타,안전운전불이행,건조,맑음,교차로 - 교차로안,이륜,남,19세,상해없음,이륜,남,16세,상해없음
2013112100100664,2013년 11월 21일 23시,목요일,인천광역시 연수구 송도동,경상사고,0,0,1,0,차량단독 - 공작물충돌,안전운전불이행,건조,맑음,단일로 - 기타,승용,남,18세,상해없음,,,,
2013112200100025,2013년 11월 22일 00시,금요일,인천광역시 남구 주안동,경상사고,0,0,1,0,차대사람 - 기타,보행자보호의무위반,건조,맑음,단일로 - 횡단보도상,승용,남,30세,상해없음,보행자,여,24세,경상
2013112200100026,2013년 11월 22일 00시,금요일,인천광역시 남동구 도림동,중상사고,0,2,1,0,차대차 - 측면직각충돌,신호위반,건조,맑음,교차로 - 교차로안,승용,남,61세,상해없음,승용,남,60세,중상
2013112200100097,2013년 11월 22일 06시,금요일,인천광역시 남구 주안동,경상사고,0,0,2,0,차대차 - 측면직각충돌,교차로운행방법위반,건조,맑음,교차로 - 교차로안,승용,남,22세,상해없음,승용,남,42세,경상
2013112200100098,2013년 11월 22일 06시,금요일,인천광역시 계양구 병방동,경상사고,0,0,1,0,차대사람 - 횡단중,신호위반,건조,맑음,단일로 - 기타,기타불명,기타불명,기타불명,기타불명,보행자,남,23세,경상
2013112200100125,2013년 11월 22일 07시,금요일,인천광역시 남동구 남촌동,경상사고,0,0,1,0,차대사람 - 횡단중,보행자보호의무위반,건조,맑음,교차로 - 교차로부근,화물,남,56세,상해없음,보행자,남,40세,경상
2013112200100167,2013년 11월 22일 08시,금요일,인천광역시 계양구 계산동,중상사고,0,1,1,0,차대차 - 측면직각충돌,신호위반,건조,맑음,교차로 - 교차로안,승용,남,69세,상해없음,승용,여,38세,경상
2013112200100190,2013년 11월 22일 09시,금요일,인천광역시 부평구 부개동,경상사고,0,0,1,0,차대차 - 측면직각충돌,직진우회전진행방해,건조,맑음,교차로 - 교차로안,승용,여,59세,상해없음,자전거,남,22세,경상
2013112200100213,2013년 11월 22일 10시,금요일,인천광역시 서구 연희동,경상사고,0,0,1,0,차대차 - 기타,안전운전불이행,건조,맑음,단일로 - 횡단보도상,화물,남,46세,상해없음,자전거,남,58세,경상
2013112200100271,2013년 11월 22일 12시,금요일,인천광역시 계양구 갈현동,경상사고,0,0,2,0,차대차 - 추돌 - 주정차중,안전운전불이행,건조,맑음,교차로 - 교차로부근,화물,남,40세,상해없음,승용,남,53세,경상
2013112200100293,2013년 11월 22일 13시,금요일,인천광역시 남동구 논현동,경상사고,0,0,1,0,차대차 - 추돌 - 진행중,안전운전불이행,건조,맑음,교차로 - 교차로부근,승용,남,56세,상해없음,자전거,남,77세,경상
2013112200100294,2013년 11월 22일 13시,금요일,인천광역시 연수구 옥련동,중상사고,0,1,0,0,차대차 - 추돌 - 진행중,교차로운행방법위반,건조,맑음,교차로 - 교차로안,화물,남,36세,상해없음,이륜,남,48세,중상
2013112200100333,2013년 11월 22일 14시,금요일,인천광역시 남구 주안동,중상사고,0,1,0,0,차대사람 - 기타,안전운전불이행,건조,맑음,기타 - 기타,승용,남,54세,상해없음,보행자,여,71세,중상
2013112200100334,2013년 11월 22일 14시,금요일,인천광역시 남동구 장수동,경상사고,0,0,2,1,차대차 - 추돌 - 진행중,안전운전불이행,건조,맑음,단일로 - 기타,화물,남,62세,상해없음,화물,남,45세,부상신고
2013112200100369,2013년 11월 22일 15시,금요일,인천광역시 강화군 강화읍,경상사고,0,0,1,0,차대차 - 기타,안전운전불이행,건조,맑음,단일로 - 기타,승용,여,54세,상해없음,원동기,남,16세,경상
2013112200100398,2013년 11월 22일 16시,금요일,인천광역시 계양구 상야동,중상사고,0,1,0,0,차대차 - 기타,안전거리미확보,건조,맑음,단일로 - 기타,기타불명,기타불명,기타불명,기타불명,화물,남,54세,중상
2013112200100438,2013년 11월 22일 17시,금요일,인천광역시 남구 학익동,중상사고,0,1,0,0,차대사람 - 횡단중,안전운전불이행,건조,맑음,단일로 - 기타,화물,남,52세,상해없음,보행자,여,7세,중상
2013112200100439,2013년 11월 22일 17시,금요일,인천광역시 연수구 연수동,중상사고,0,1,1,0,차대사람 - 횡단중,신호위반,건조,맑음,교차로 - 교차로부근,승용,여,24세,상해없음,보행자,남,10세,중상
2013112200100498,2013년 11월 22일 18시,금요일,인천광역시 남동구 고잔동,경상사고,0,0,1,0,차대차 - 추돌 - 진행중,안전거리미확보,건조,맑음,단일로 - 기타,승용,남,57세,상해없음,승용,남,28세,경상
2013112200100499,2013년 11월 22일 18시,금요일,인천광역시 서구 신현동,경상사고,0,0,1,0,차대차 - 추돌 - 진행중,안전운전불이행,건조,맑음,기타 - 기타,승합,남,47세,상해없음,승용,여,31세,경상
2013112200100500,2013년 11월 22일 18시,금요일,인천광역시 계양구 계산동,경상사고,0,0,1,0,차대차 - 측면직각충돌,안전운전불이행,건조,맑음,단일로 - 기타,승합,남,64세,상해없음,이륜,남,45세,경상
2013112200100501,2013년 11월 22일 18시,금요일,인천광역시 부평구 부평동,경상사고,0,0,1,0,차대차 - 측면직각충돌,안전운전불이행,건조,맑음,단일로 - 기타,승용,남,42세,상해없음,승용,남,33세,경상
2013112200100540,2013년 11월 22일 19시,금요일,인천광역시 남구 용현동,중상사고,0,2,0,0,차대사람 - 횡단중,신호위반,건조,맑음,단일로 - 횡단보도상,승용,남,27세,상해없음,보행자,여,64세,중상
2013112200100541,2013년 11월 22일 19시,금요일,인천광역시 남구 학익동,중상사고,0,1,1,0,차대차 - 추돌 - 진행중,안전운전불이행,습기,흐림,단일로 - 기타,화물,남,65세,상해없음,승용,여,27세,경상
2013112200100542,2013년 11월 22일 19시,금요일,인천광역시 남동구 구월동,중상사고,0,1,0,0,차대차 - 측면직각충돌,신호위반,건조,맑음,단일로 - 기타,원동기,남,18세,중상,화물,남,53세,상해없음
2013112200100640,2013년 11월 22일 22시,금요일,인천광역시 연수구 송도동,경상사고,0,0,2,0,차대차 - 정면충돌,신호위반,건조,맑음,교차로 - 교차로안,승용,남,30세,상해없음,화물,여,44세,경상
2013112200100669,2013년 11월 22일 23시,금요일,인천광역시 계양구 작전동,중상사고,0,1,0,1,차대차 - 측면직각충돌,신호위반,건조,맑음,교차로 - 교차로안,승용,여,45세,상해없음,승용,남,51세,부상신고
2013112300100024,2013년 11월 23일 00시,토요일,인천광역시 남구 학익동,경상사고,0,0,1,0,차대사람 - 횡단중,안전운전불이행,건조,맑음,단일로 - 기타,승용,남,59세,상해없음,보행자,여,19세,경상
2013112300100100,2013년 11월 23일 05시,토요일,인천광역시 남구 주안동,경상사고,0,0,1,0,차대차 - 추돌 - 주정차중,안전운전불이행,건조,맑음,교차로 - 교차로부근,승용,남,30세,상해없음,승용,남,32세,경상
2013112300100101,2013년 11월 23일 05시,토요일,인천광역시 남구 주안동,경상사고,0,0,1,0,차대사람 - 기타,안전운전불이행,건조,맑음,기타 - 기타,승용,기타불명,기타불명,기타불명,보행자,남,69세,경상
2013112300100102,2013년 11월 23일 05시,토요일,인천광역시 남동구 만수동,경상사고,0,0,2,0,차대차 - 추돌 - 주정차중,안전운전불이행,건조,맑음,단일로 - 기타,특수,남,43세,상해없음,승용,남,31세,경상
2013112300100128,2013년 11월 23일 06시,토요일,인천광역시 계양구 작전동,중상사고,0,1,0,0,차대차 - 측면직각충돌,중앙선침범,건조,흐림,단일로 - 기타,화물,남,61세,상해없음,이륜,남,61세,중상
2013112300100147,2013년 11월 23일 07시,토요일,인천광역시 남동구 만수동,중상사고,0,1,0,0,차대사람 - 기타,안전운전불이행,건조,맑음,단일로 - 기타,승용,남,51세,상해없음,보행자,남,75세,중상
2013112300100148,2013년 11월 23일 07시,토요일,인천광역시 서구 검암동,경상사고,0,0,1,0,차대사람 - 기타,안전운전불이행,건조,맑음,단일로 - 기타,승합,남,52세,상해없음,보행자,여,24세,경상
2013112300100165,2013년 11월 23일 08시,토요일,인천광역시 남동구 서창동,경상사고,0,0,1,0,차대차 - 기타,차로위반,건조,맑음,단일로 - 기타,화물,남,54세,상해없음,승용,남,43세,경상
2013112300100195,2013년 11월 23일 09시,토요일,인천광역시 연수구 연수동,경상사고,0,0,1,0,차대차 - 기타,안전운전불이행,건조,맑음,단일로 - 기타,승용,남,38세,상해없음,승용,남,41세,경상
2013112300100225,2013년 11월 23일 10시,토요일,인천광역시 중구 항동7가,중상사고,0,1,0,0,차대사람 - 횡단중,안전운전불이행,습기,맑음,단일로 - 기타,화물,남,38세,상해없음,보행자,여,47세,중상
2013112300100248,2013년 11월 23일 11시,토요일,인천광역시 부평구 부평동,경상사고,0,0,1,0,차대차 - 기타,차로위반,건조,맑음,단일로 - 기타,승용,남,51세,상해없음,원동기,남,30세,경상
2013112300100249,2013년 11월 23일 11시,토요일,인천광역시 남동구 장수동,중상사고,0,1,1,0,차대차 - 측면직각충돌,차로위반,건조,맑음,단일로 - 기타,화물,남,31세,상해없음,승용,남,60세,경상
2013112300100250,2013년 11월 23일 11시,토요일,인천광역시 부평구 부평동,중상사고,0,1,0,0,차대사람 - 기타,안전운전불이행,건조,맑음,교차로 - 교차로안,승용,남,53세,상해없음,보행자,여,80세,중상
2013112300100300,2013년 11월 23일 12시,토요일,인천광역시 남구 숭의동,중상사고,0,1,0,0,차대차 - 기타,교차로운행방법위반,건조,맑음,교차로 - 교차로안,승용,남,39세,상해없음,화물,남,42세,중상
2013112300100330,2013년 11월 23일 13시,토요일,인천광역시 계양구 작전동,경상사고,0,0,1,0,차대차 - 측면직각충돌,안전운전불이행,건조,맑음,단일로 - 기타,승용,남,64세,상해없음,승용,여,47세,경상
2013112300100331,2013년 11월 23일 13시,토요일,인천광역시 부평구 갈산동,경상사고,0,0,2,0,차대차 - 기타,안전운전불이행,건조,맑음,기타 - 기타,승용,남,43세,상해없음,승용,여,41세,경상
2013112300100387,2013년 11월 23일 15시,토요일,인천광역시 서구 원창동,중상사고,0,1,0,0,차대사람 - 횡단중,보행자보호의무위반,건조,맑음,교차로 - 교차로안,승용,남,68세,상해없음,보행자,남,65세,중상
2013112300100388,2013년 11월 23일 15시,토요일,인천광역시 서구 가좌동,경상사고,0,0,1,0,차대차 - 기타,중앙선침범,건조,맑음,교차로 - 교차로부근,승용,남,51세,상해없음,승용,남,51세,경상
2013112300100389,2013년 11월 23일 15시,토요일,인천광역시 강화군 강화읍,중상사고,0,1,0,0,차대차 - 측면직각충돌,안전운전불이행,건조,맑음,교차로 - 교차로안,승용,남,62세,상해없음,이륜,여,62세,중상
2013112300100420,2013년 11월 23일 16시,토요일,인천광역시 서구 가좌동,경상사고,0,0,3,0,차대차 - 추돌 - 진행중,안전운전불이행,건조,맑음,교차로 - 교차로부근,승용,남,65세,상해없음,승용,남,39세,경상
2013112300100469,2013년 11월 23일 17시,토요일,인천광역시 계양구 귤현동,경상사고,0,0,2,0,차대차 - 추돌 - 진행중,과속,건조,맑음,단일로 - 기타,승용,남,49세,상해없음,승용,여,55세,경상
2013112300100509,2013년 11월 23일 18시,토요일,인천광역시 계양구 계산동,중상사고,0,1,0,0,차대사람 - 차도통행중,안전운전불이행,건조,맑음,교차로 - 교차로부근,화물,남,26세,상해없음,보행자,남,36세,중상
2013112300100551,2013년 11월 23일 19시,토요일,인천광역시 부평구 청천동,경상사고,0,0,1,0,차대차 - 기타,안전운전불이행,건조,맑음,교차로 - 교차로부근,승용,남,30세,상해없음,승용,남,55세,경상
2013112300100552,2013년 11월 23일 19시,토요일,인천광역시 남동구 구월동,중상사고,0,1,0,0,차대사람 - 기타,중앙선침범,건조,맑음,단일로 - 기타,승용,여,19세,상해없음,보행자,여,24세,중상
2013112300100553,2013년 11월 23일 19시,토요일,인천광역시 남동구 구월동,사망사고,1,0,0,0,차대사람 - 기타,안전운전불이행,건조,맑음,단일로 - 기타,승용,남,30세,상해없음,보행자,남,59세,사망
2013112300100554,2013년 11월 23일 19시,토요일,인천광역시 연수구 선학동,경상사고,0,0,2,0,차대차 - 추돌 - 주정차중,안전거리미확보,건조,맑음,교차로 - 교차로부근,승용,남,41세,상해없음,승용,남,28세,경상
2013112300100588,2013년 11월 23일 20시,토요일,인천광역시 계양구 작전동,부상신고사고,0,0,0,1,차대차 - 추돌 - 주정차중,안전운전불이행,건조,맑음,교차로 - 교차로부근,기타불명,기타불명,기타불명,기타불명,승용,여,52세,부상신고
2013112300100641,2013년 11월 23일 22시,토요일,인천광역시 부평구 구산동,중상사고,0,2,0,0,차대차 - 추돌 - 진행중,안전운전불이행,건조,맑음,단일로 - 기타,승용,남,28세,상해없음,승용,남,37세,중상
2013112300100664,2013년 11월 23일 23시,토요일,인천광역시 남동구 간석동,경상사고,0,0,1,0,차대차 - 추돌 - 진행중,안전운전불이행,건조,맑음,단일로 - 기타,이륜,남,16세,상해없음,승용,남,47세,상해없음
2013112300100665,2013년 11월 23일 23시,토요일,인천광역시 서구 경서동,경상사고,0,0,1,0,차대차 - 측면직각충돌,안전운전불이행,건조,맑음,교차로 - 교차로부근,승용,여,46세,상해없음,화물,남,40세,경상
2013112400100020,2013년 11월 24일 00시,일요일,인천광역시 연수구 선학동,경상사고,0,0,1,0,차대차 - 추돌 - 주정차중,안전운전불이행,건조,맑음,교차로 - 교차로부근,화물,남,49세,상해없음,승용,남,41세,경상
2013112400100038,2013년 11월 24일 01시,일요일,인천광역시 남구 학익동,중상사고,0,1,0,0,차대사람 - 기타,안전운전불이행,건조,맑음,기타 - 기타,승용,남,57세,상해없음,보행자,남,51세,중상
2013112400100039,2013년 11월 24일 01시,일요일,인천광역시 부평구 부평동,부상신고사고,0,0,0,1,차대사람 - 기타,안전운전불이행,건조,흐림,단일로 - 기타,승용,남,36세,상해없음,보행자,남,34세,부상신고
2013112400100110,2013년 11월 24일 08시,일요일,인천광역시 남동구 만수동,중상사고,0,1,0,0,차대사람 - 기타,안전운전불이행,건조,맑음,단일로 - 기타,승용,남,57세,상해없음,보행자,여,81세,중상
2013112400100111,2013년 11월 24일 08시,일요일,인천광역시 남동구 구월동,중상사고,0,1,0,0,차대차 - 측면직각충돌,안전운전불이행,건조,맑음,단일로 - 기타,승용,남,65세,상해없음,승용,남,36세,중상
2013112400100142,2013년 11월 24일 10시,일요일,인천광역시 중구 항동7가,경상사고,0,0,1,0,차대차 - 추돌 - 진행중,안전거리미확보,건조,맑음,교차로 - 교차로부근,화물,남,56세,상해없음,승용,남,47세,경상
2013112400100143,2013년 11월 24일 10시,일요일,인천광역시 남동구 만수동,중상사고,0,1,0,0,차대차 - 측면직각충돌,안전운전불이행,건조,맑음,단일로 - 기타,이륜,남,24세,중상,자전거,남,10세,상해없음
2013112400100169,2013년 11월 24일 11시,일요일,인천광역시 중구 운남동,중상사고,0,1,1,0,차대차 - 측면직각충돌,신호위반,건조,맑음,교차로 - 교차로안,승용,남,56세,상해없음,승용,여,44세,경상
2013112400100193,2013년 11월 24일 12시,일요일,인천광역시 남동구 간석동,경상사고,0,0,2,0,차대차 - 측면직각충돌,안전거리미확보,건조,맑음,단일로 - 기타,승용,여,50세,상해없음,승용,남,66세,경상
2013112400100224,2013년 11월 24일 13시,일요일,인천광역시 강화군 강화읍,중상사고,0,1,0,0,차대사람 - 길가장자리구역통행중,안전운전불이행,건조,맑음,교차로 - 교차로안,승용,남,58세,상해없음,보행자,여,79세,중상
2013112400100269,2013년 11월 24일 15시,일요일,인천광역시 남구 숭의동,경상사고,0,0,1,1,차대차 - 측면직각충돌,교차로운행방법위반,건조,흐림,교차로 - 교차로안,원동기,남,20세,부상신고,승용,여,25세,경상
2013112400100298,2013년 11월 24일 16시,일요일,인천광역시 남구 주안동,경상사고,0,0,1,0,차대사람 - 기타,기타,습기,비,단일로 - 기타,승합,남,61세,상해없음,보행자,여,66세,경상
2013112400100343,2013년 11월 24일 17시,일요일,인천광역시 남동구 구월동,중상사고,0,1,0,0,차대차 - 측면직각충돌,신호위반,습기,비,교차로 - 교차로안,승용,남,63세,상해없음,원동기,남,45세,중상
2013112400100344,2013년 11월 24일 17시,일요일,인천광역시 남동구 간석동,중상사고,0,1,0,0,차대사람 - 횡단중,안전운전불이행,습기,비,기타 - 기타,승용,남,63세,상해없음,보행자,남,75세,중상
2013112400100345,2013년 11월 24일 17시,일요일,인천광역시 남동구 구월동,경상사고,0,0,1,0,차대차 - 추돌 - 진행중,안전거리미확보,습기,비,기타 - 기타,승용,남,54세,상해없음,승용,남,39세,경상
2013112400100346,2013년 11월 24일 17시,일요일,인천광역시 부평구 삼산동,중상사고,0,1,0,0,차대사람 - 횡단중,안전운전불이행,습기,비,교차로 - 교차로안,원동기,남,16세,상해없음,보행자,남,55세,중상
2013112400100401,2013년 11월 24일 18시,일요일,인천광역시 부평구 산곡동,경상사고,0,0,1,0,차대차 - 측면직각충돌,안전운전불이행,습기,비,단일로 - 기타,승용,남,18세,상해없음,원동기,남,48세,경상
2013112400100402,2013년 11월 24일 18시,일요일,인천광역시 서구 신현동,중상사고,0,1,0,0,차대사람 - 기타,안전운전불이행,습기,비,교차로 - 교차로부근,승용,여,51세,상해없음,보행자,여,18세,중상
2013112400100457,2013년 11월 24일 19시,일요일,인천광역시 부평구 청천동,중상사고,0,1,0,0,차대사람 - 횡단중,신호위반,습기,비,단일로 - 횡단보도상,화물,남,67세,상해없음,보행자,여,18세,중상
2013112400100458,2013년 11월 24일 19시,일요일,인천광역시 남동구 남촌동,중상사고,0,1,0,0,차대사람 - 횡단중,보행자보호의무위반,습기,비,교차로 - 교차로부근,기타불명,기타불명,기타불명,기타불명,보행자,남,48세,중상
2013112400100459,2013년 11월 24일 19시,일요일,인천광역시 부평구 구산동,경상사고,0,0,2,0,차대차 - 측면직각충돌,안전운전불이행,건조,맑음,단일로 - 기타,승용,남,55세,상해없음,승용,남,58세,경상
2013112400100460,2013년 11월 24일 19시,일요일,인천광역시 부평구 부개동,경상사고,0,0,1,0,차대차 - 추돌 - 주정차중,안전운전불이행,습기,비,교차로 - 교차로부근,승용,남,27세,상해없음,승용,여,44세,경상
2013112400100507,2013년 11월 24일 20시,일요일,인천광역시 서구 경서동,경상사고,0,0,1,0,차대차 - 기타,안전운전불이행,습기,비,단일로 - 기타,승용,남,40세,상해없음,승합,남,60세,상해없음
2013112400100508,2013년 11월 24일 20시,일요일,인천광역시 부평구 갈산동,경상사고,0,0,5,0,차대차 - 측면직각충돌,신호위반,습기,비,교차로 - 교차로안,승용,남,24세,상해없음,승용,남,55세,경상
2013112400100557,2013년 11월 24일 21시,일요일,인천광역시 부평구 십정동,경상사고,0,0,1,0,차대사람 - 횡단중,신호위반,습기,비,단일로 - 횡단보도상,승용,여,22세,상해없음,보행자,여,20세,경상
2013112400100558,2013년 11월 24일 21시,일요일,인천광역시 서구 검암동,중상사고,0,1,0,0,차대사람 - 횡단중,보행자보호의무위반,습기,비,단일로 - 횡단보도상,승용,여,53세,상해없음,보행자,남,29세,중상
2013112400100595,2013년 11월 24일 22시,일요일,인천광역시 남구 용현동,경상사고,0,0,2,0,차대차 - 측면직각충돌,교차로운행방법위반,습기,비,교차로 - 교차로안,승용,남,36세,경상,승용,남,58세,경상
2013112400100596,2013년 11월 24일 22시,일요일,인천광역시 계양구 작전동,경상사고,0,0,1,0,차대사람 - 길가장자리구역통행중,안전운전불이행,습기,비,교차로 - 교차로안,승용,남,36세,상해없음,보행자,남,49세,경상
2013112400100640,2013년 11월 24일 23시,일요일,인천광역시 부평구 십정동,경상사고,0,0,1,0,차대차 - 측면직각충돌,신호위반,습기,비,교차로 - 교차로안,승용,남,32세,상해없음,승용,남,53세,경상
2013112400100641,2013년 11월 24일 23시,일요일,인천광역시 남동구 장수동,경상사고,0,0,5,1,차대차 - 기타,안전운전불이행,습기,맑음,단일로 - 기타,승용,여,20세,부상신고,승용,남,31세,경상
2013112400100642,2013년 11월 24일 23시,일요일,인천광역시 서구 석남동,중상사고,0,2,0,0,차대차 - 기타,안전운전불이행,건조,맑음,기타 - 기타,승용,남,56세,상해없음,승용,남,28세,중상
2013112400100643,2013년 11월 24일 23시,일요일,인천광역시 계양구 작전동,중상사고,0,2,0,0,차대차 - 측면직각충돌,신호위반,습기,비,교차로 - 교차로안,화물,남,43세,상해없음,승용,여,33세,중상
2013112400100644,2013년 11월 24일 23시,일요일,인천광역시 연수구 옥련동,중상사고,0,2,1,0,차대차 - 추돌 - 주정차중,안전운전불이행,습기,비,단일로 - 기타,승합,남,39세,상해없음,승용,여,48세,경상
2013112500100022,2013년 11월 25일 00시,월요일,인천광역시 남동구 장수동,경상사고,0,0,1,0,차대차 - 기타,차로위반,습기,비,단일로 - 기타,승용,남,25세,상해없음,승용,여,42세,경상
2013112500100023,2013년 11월 25일 00시,월요일,인천광역시 남동구 만수동,경상사고,0,0,1,0,차대차 - 측면직각충돌,신호위반,습기,비,교차로 - 교차로안,화물,남,35세,상해없음,승용,남,55세,경상
2013112500100041,2013년 11월 25일 01시,월요일,인천광역시 남구 도화동,중상사고,0,1,1,0,차대차 - 기타,안전거리미확보,습기,비,교차로 - 교차로부근,승용,남,56세,상해없음,승용,남,55세,경상
2013112500100042,2013년 11월 25일 01시,월요일,인천광역시 계양구 작전동,중상사고,0,1,0,0,차대사람 - 기타,안전운전불이행,습기,비,단일로 - 기타,이륜,남,31세,상해없음,보행자,남,52세,중상
2013112500100043,2013년 11월 25일 01시,월요일,인천광역시 서구 가좌동,중상사고,0,3,0,0,차대차 - 측면직각충돌,안전운전불이행,습기,비,단일로 - 기타,승용,남,51세,상해없음,승용,남,40세,중상
2013112500100077,2013년 11월 25일 05시,월요일,인천광역시 계양구 장기동,중상사고,0,1,1,0,차대차 - 측면직각충돌,중앙선침범,습기,비,단일로 - 기타,승용,남,43세,상해없음,화물,남,45세,중상
2013112500100094,2013년 11월 25일 06시,월요일,인천광역시 부평구 부평동,중상사고,0,1,0,0,차대차 - 추돌 - 진행중,안전운전불이행,건조,맑음,교차로 - 교차로부근,승용,여,54세,상해없음,자전거,남,61세,중상
2013112500100095,2013년 11월 25일 06시,월요일,인천광역시 남동구 남촌동,경상사고,0,0,1,0,차대사람 - 기타,보행자보호의무위반,건조,맑음,교차로 - 교차로부근,승용,남,40세,상해없음,보행자,여,34세,경상
2013112500100118,2013년 11월 25일 07시,월요일,인천광역시 부평구 산곡동,경상사고,0,0,1,0,차대사람 - 기타,안전운전불이행,건조,맑음,단일로 - 기타,승용,남,50세,상해없음,보행자,남,16세,경상
2013112500100119,2013년 11월 25일 07시,월요일,인천광역시 남동구 논현동,중상사고,0,1,0,0,차대차 - 기타,신호위반,습기,비,교차로 - 교차로안,승용,남,54세,상해없음,자전거,남,38세,중상
2013112500100120,2013년 11월 25일 07시,월요일,인천광역시 부평구 부평동,경상사고,0,0,1,0,차대차 - 추돌 - 주정차중,안전운전불이행,건조,맑음,단일로 - 기타,화물,남,19세,상해없음,승용,남,44세,경상
2013112500100169,2013년 11월 25일 08시,월요일,인천광역시 남구 주안동,부상신고사고,0,0,0,1,차대사람 - 기타,안전운전불이행,건조,맑음,단일로 - 기타,승용,남,50세,상해없음,보행자,남,7세,부상신고
2013112500100213,2013년 11월 25일 09시,월요일,인천광역시 중구 인현동,경상사고,0,0,2,0,차대차 - 측면직각충돌,신호위반,습기,비,교차로 - 교차로안,승용,남,78세,상해없음,승용,남,60세,경상
2013112500100214,2013년 11월 25일 09시,월요일,인천광역시 연수구 옥련동,경상사고,0,0,1,0,차대차 - 측면직각충돌,신호위반,건조,맑음,교차로 - 교차로안,승용,여,63세,상해없음,승용,남,44세,경상
2013112500100266,2013년 11월 25일 11시,월요일,인천광역시 중구 중산동,중상사고,0,1,1,0,차대차 - 측면직각충돌,직진우회전진행방해,건조,맑음,교차로 - 교차로안,승용,남,33세,중상,승용,여,40세,경상
2013112500100268,2013년 11월 25일 11시,월요일,인천광역시 남구 학익동,경상사고,0,0,1,0,차대차 - 추돌 - 주정차중,안전거리미확보,습기,흐림,단일로 - 기타,승합,남,55세,상해없음,승용,남,64세,상해없음
2013112500100292,2013년 11월 25일 12시,월요일,인천광역시 계양구 효성동,경상사고,0,0,2,0,차대차 - 측면직각충돌,교차로운행방법위반,습기,비,교차로 - 교차로안,승용,남,34세,상해없음,승용,여,54세,경상
2013112500100316,2013년 11월 25일 13시,월요일,인천광역시 부평구 부평동,사망사고,1,0,0,0,차대사람 - 기타,안전운전불이행,습기,흐림,교차로 - 교차로안,건설기계,남,71세,상해없음,보행자,남,90세,사망
2013112500100346,2013년 11월 25일 14시,월요일,인천광역시 서구 가좌동,경상사고,0,0,1,0,차대차 - 추돌 - 진행중,안전운전불이행,건조,맑음,단일로 - 기타,승용,남,48세,상해없음,화물,남,41세,경상
2013112500100372,2013년 11월 25일 15시,월요일,인천광역시 부평구 십정동,경상사고,0,0,1,0,차대차 - 추돌 - 주정차중,안전운전불이행,습기,비,교차로 - 교차로부근,특수,남,42세,상해없음,승용,남,28세,경상
2013112500100373,2013년 11월 25일 15시,월요일,인천광역시 강화군 강화읍,중상사고,0,1,0,0,차대차 - 기타,안전운전불이행,건조,맑음,교차로 - 교차로부근,승용,여,47세,상해없음,원동기,남,64세,상해없음
2013112500100399,2013년 11월 25일 16시,월요일,인천광역시 남구 숭의동,경상사고,0,0,1,1,차대차 - 기타,안전운전불이행,건조,맑음,교차로 - 교차로부근,승용,여,35세,부상신고,승용,남,38세,경상
2013112500100496,2013년 11월 25일 18시,월요일,인천광역시 남동구 고잔동,경상사고,0,0,1,0,차대차 - 추돌 - 진행중,안전운전불이행,건조,맑음,단일로 - 기타,승용,여,35세,상해없음,승용,남,31세,경상
2013112500100497,2013년 11월 25일 18시,월요일,인천광역시 서구 검암동,중상사고,0,1,0,0,차대차 - 기타,안전운전불이행,건조,맑음,교차로 - 교차로안,기타불명,기타불명,기타불명,기타불명,이륜,남,17세,중상
2013112500100623,2013년 11월 25일 23시,월요일,인천광역시 남동구 만수동,중상사고,0,1,0,0,차대사람 - 보도통행중,보행자보호의무위반,건조,맑음,단일로 - 기타,승용,여,53세,상해없음,보행자,여,45세,중상