사고번호,사고일시,요일,시군구,사고내용,사망자수,중상자수,경상자수,부상신고자수,사고유형,법규위반,노면상태,기상상태,도로형태,가해운전자 차종,가해운전자 성별,가해운전자 연령,가해운전자 상해정도,피해운전자 차종,피해운전자 성별,피해운전자 연령,피해운전자 상해정도
2013112600100031,2013년 11월 26일 01시,화요일,인천광역시 연수구 연수동,중상사고,0,2,0,0,차대차 - 측면직각충돌,불법유턴,건조,맑음,단일로 - 기타,승용,남,20세,상해없음,승용,남,26세,중상
2013112600100054,2013년 11월 26일 04시,화요일,인천광역시 남동구 간석동,경상사고,0,0,1,0,차대사람 - 길가장자리구역통행중,안전운전불이행,건조,맑음,단일로 - 기타,승용,기타불명,기타불명,기타불명,보행자,남,40세,경상
2013112600100082,2013년 11월 26일 06시,화요일,인천광역시 남동구 도림동,경상사고,0,0,1,0,차대차 - 기타,교차로운행방법위반,건조,맑음,교차로 - 교차로부근,화물,남,68세,상해없음,승용,남,52세,경상
2013112600100083,2013년 11월 26일 06시,화요일,인천광역시 연수구 옥련동,중상사고,0,1,0,0,차대차 - 정면충돌,중앙선침범,건조,맑음,교차로 - 교차로안,화물,남,43세,상해없음,화물,남,47세,중상
2013112600100109,2013년 11월 26일 07시,화요일,인천광역시 동구 송현동,중상사고,0,1,0,0,차대사람 - 기타,안전운전불이행,건조,맑음,단일로 - 기타,화물,남,30세,상해없음,보행자,남,62세,중상
2013112600100110,2013년 11월 26일 07시,화요일,인천광역시 연수구 송도동,중상사고,0,1,0,0,차대차 - 측면직각충돌,안전운전불이행,건조,맑음,교차로 - 교차로안,승용,남,53세,상해없음,승용,여,34세,중상
2013112600100172,2013년 11월 26일 08시,화요일,인천광역시 남동구 간석동,경상사고,0,0,1,0,차량단독 - 기타,안전운전불이행,건조,맑음,단일로 - 기타,승합,남,54세,상해없음,,,,
2013112600100173,2013년 11월 26일 08시,화요일,인천광역시 부평구 갈산동,중상사고,0,2,0,0,차대차 - 추돌 - 주정차중,안전운전불이행,건조,맑음,단일로 - 기타,승합,남,45세,상해없음,승합,남,59세,중상
2013112600100210,2013년 11월 26일 09시,화요일,인천광역시 남구 주안동,부상신고사고,0,0,0,1,차대사람 - 기타,안전운전불이행,건조,맑음,단일로 - 기타,승용,여,41세,상해없음,보행자,남,55세,부상신고
2013112600100211,2013년 11월 26일 09시,화요일,인천광역시 부평구 산곡동,중상사고,0,1,0,0,차대차 - 기타,안전운전불이행,건조,맑음,단일로 - 기타,승합,남,67세,상해없음,자전거,남,72세,중상
2013112600100212,2013년 11월 26일 09시,화요일,인천광역시 남동구 고잔동,중상사고,0,1,0,0,차대차 - 측면직각충돌,교차로운행방법위반,건조,맑음,교차로 - 교차로안,승합,남,58세,상해없음,화물,남,51세,중상
2013112600100213,2013년 11월 26일 09시,화요일,인천광역시 서구 가좌동,중상사고,0,1,0,0,차대차 - 기타,안전운전불이행,건조,맑음,교차로 - 교차로안,승용,남,51세,상해없음,이륜,남,26세,중상
2013112600100283,2013년 11월 26일 12시,화요일,인천광역시 남구 학익동,경상사고,0,0,1,0,차대사람 - 기타,안전운전불이행,건조,맑음,단일로 - 기타,승용,남,44세,상해없음,보행자,남,41세,경상
2013112600100284,2013년 11월 26일 12시,화요일,인천광역시 부평구 삼산동,중상사고,0,1,0,0,차대차 - 측면직각충돌,중앙선침범,건조,맑음,교차로 - 교차로부근,승용,남,74세,상해없음,이륜,남,75세,중상
2013112600100319,2013년 11월 26일 13시,화요일,인천광역시 서구 가좌동,경상사고,0,0,1,0,차대차 - 기타,안전운전불이행,건조,흐림,교차로 - 교차로안,화물,남,23세,상해없음,화물,남,43세,경상
2013112600100320,2013년 11월 26일 13시,화요일,인천광역시 서구 검암동,경상사고,0,0,1,0,차대사람 - 횡단중,안전운전불이행,건조,맑음,교차로 - 교차로부근,승합,남,75세,상해없음,보행자,남,7세,경상
2013112600100343,2013년 11월 26일 14시,화요일,인천광역시 남동구 간석동,경상사고,0,0,1,0,차대차 - 측면직각충돌,교차로운행방법위반,습기,흐림,교차로 - 교차로부근,승용,남,37세,상해없음,승용,남,60세,경상
2013112600100377,2013년 11월 26일 15시,화요일,인천광역시 남구 학익동,경상사고,0,0,1,0,차대차 - 기타,안전운전불이행,습기,비,교차로 - 교차로부근,원동기,남,39세,경상,승용,남,61세,상해없음
2013112600100378,2013년 11월 26일 15시,화요일,인천광역시 부평구 삼산동,중상사고,0,2,3,0,차대차 - 추돌 - 진행중,안전거리미확보,습기,비,단일로 - 교량,화물,남,52세,상해없음,승용,남,58세,경상
2013112600100409,2013년 11월 26일 16시,화요일,인천광역시 남구 학익동,사망사고,1,3,0,0,차대차 - 기타,중앙선침범,습기,비,단일로 - 기타,승용,남,60세,사망,승용,남,39세,중상
2013112600100410,2013년 11월 26일 16시,화요일,인천광역시 남동구 간석동,중상사고,0,1,0,0,차대차 - 기타,교차로운행방법위반,습기,비,교차로 - 교차로안,화물,기타불명,기타불명,기타불명,원동기,남,53세,중상
2013112600100411,2013년 11월 26일 16시,화요일,인천광역시 서구 검암동,경상사고,0,0,1,0,차대차 - 기타,교차로운행방법위반,건조,맑음,교차로 - 교차로안,승합,남,57세,상해없음,승용,여,40세,경상
2013112600100412,2013년 11월 26일 16시,화요일,인천광역시 계양구 계산동,중상사고,0,1,0,0,차대사람 - 횡단중,안전운전불이행,건조,맑음,단일로 - 기타,화물,남,56세,상해없음,보행자,남,7세,중상
2013112600100457,2013년 11월 26일 17시,화요일,인천광역시 옹진군 영흥면,경상사고,0,0,1,0,차대차 - 기타,안전운전불이행,건조,맑음,단일로 - 기타,승용,여,38세,상해없음,승용,남,49세,경상
2013112600100458,2013년 11월 26일 17시,화요일,인천광역시 남동구 서창동,경상사고,0,0,1,0,차대차 - 추돌 - 진행중,안전운전불이행,건조,맑음,단일로 - 기타,기타불명,기타불명,기타불명,기타불명,승용,남,32세,경상
2013112600100510,2013년 11월 26일 18시,화요일,인천광역시 남구 주안동,중상사고,0,1,0,0,차대사람 - 횡단중,신호위반,건조,맑음,단일로 - 횡단보도상,승용,남,59세,상해없음,보행자,여,13세,중상
2013112600100511,2013년 11월 26일 18시,화요일,인천광역시 남구 학익동,경상사고,0,0,1,0,차대차 - 측면직각충돌,안전거리미확보,건조,맑음,단일로 - 기타,승용,남,47세,상해없음,화물,남,43세,상해없음
2013112600100512,2013년 11월 26일 18시,화요일,인천광역시 서구 가좌동,경상사고,0,0,1,0,차대차 - 기타,안전거리미확보,습기,비,단일로 - 기타,승용,남,28세,상해없음,이륜,남,50세,경상
2013112600100513,2013년 11월 26일 18시,화요일,인천광역시 서구 마전동,경상사고,0,0,1,0,차대차 - 측면직각충돌,안전운전불이행,건조,맑음,단일로 - 기타,화물,남,33세,상해없음,승용,여,39세,경상
2013112600100514,2013년 11월 26일 18시,화요일,인천광역시 서구 가좌동,경상사고,0,0,1,0,차대차 - 기타,교차로운행방법위반,습기,흐림,교차로 - 교차로부근,승용,남,53세,상해없음,승용,남,43세,경상
2013112600100543,2013년 11월 26일 19시,화요일,인천광역시 남동구 간석동,중상사고,0,1,0,0,차대사람 - 기타,안전운전불이행,건조,맑음,기타 - 기타,기타불명,남,68세,상해없음,보행자,여,60세,중상
2013112600100544,2013년 11월 26일 19시,화요일,인천광역시 남동구 간석동,중상사고,0,1,0,0,차대사람 - 보도통행중,기타,건조,맑음,단일로 - 기타,원동기,남,44세,상해없음,보행자,여,23세,중상
2013112600100545,2013년 11월 26일 19시,화요일,인천광역시 서구 마전동,부상신고사고,0,0,0,1,차대차 - 기타,안전운전불이행,건조,맑음,교차로 - 교차로안,승용,기타불명,기타불명,기타불명,이륜,남,41세,부상신고
2013112600100546,2013년 11월 26일 19시,화요일,인천광역시 서구 석남동,중상사고,0,1,0,0,차대사람 - 기타,안전운전불이행,습기,비,교차로 - 교차로부근,화물,남,37세,상해없음,보행자,여,74세,중상
2013112600100570,2013년 11월 26일 20시,화요일,인천광역시 계양구 효성동,중상사고,0,1,0,0,차대사람 - 길가장자리구역통행중,신호위반,건조,맑음,교차로 - 교차로부근,승용,여,42세,상해없음,보행자,여,40세,중상
2013112600100571,2013년 11월 26일 20시,화요일,인천광역시 연수구 선학동,중상사고,0,1,0,0,차대차 - 측면직각충돌,신호위반,건조,맑음,교차로 - 교차로안,화물,남,41세,상해없음,이륜,남,29세,중상
2013112600100606,2013년 11월 26일 21시,화요일,인천광역시 부평구 산곡동,경상사고,0,0,1,0,차대사람 - 횡단중,안전운전불이행,건조,맑음,단일로 - 기타,승용,남,44세,상해없음,보행자,여,16세,경상
2013112600100634,2013년 11월 26일 22시,화요일,인천광역시 남구 학익동,경상사고,0,0,4,0,차대차 - 추돌 - 진행중,안전운전불이행,습기,비,단일로 - 기타,승용,남,38세,상해없음,승합,남,48세,경상
2013112600100667,2013년 11월 26일 23시,화요일,인천광역시 서구 석남동,경상사고,0,0,1,0,차대차 - 측면직각충돌,신호위반,건조,맑음,교차로 - 교차로안,원동기,남,16세,상해없음,승용,남,29세,경상
2013112700100022,2013년 11월 27일 00시,수요일,인천광역시 부평구 십정동,사망사고,1,0,0,0,차대차 - 기타,안전운전불이행,건조,맑음,단일로 - 기타,이륜,남,51세,사망,화물,남,57세,기타불명
2013112700100023,2013년 11월 27일 00시,수요일,인천광역시 계양구 작전동,중상사고,0,1,2,0,차대차 - 측면직각충돌,신호위반,습기,흐림,교차로 - 교차로안,승합,남,47세,상해없음,승용,남,33세,경상
2013112700100040,2013년 11월 27일 01시,수요일,인천광역시 남동구 간석동,경상사고,0,0,3,0,차대차 - 기타,안전운전불이행,습기,비,단일로 - 기타,승용,남,39세,상해없음,승용,남,59세,경상
2013112700100091,2013년 11월 27일 06시,수요일,인천광역시 동구 화수동,중상사고,0,1,0,0,차대사람 - 횡단중,보행자보호의무위반,건조,맑음,교차로 - 교차로안,승용,남,35세,상해없음,보행자,남,53세,중상
2013112700100146,2013년 11월 27일 08시,수요일,인천광역시 동구 송림동,경상사고,0,0,1,0,차대사람 - 기타,안전운전불이행,건조,흐림,단일로 - 기타,승용,남,39세,상해없음,보행자,남,16세,경상
2013112700100209,2013년 11월 27일 11시,수요일,인천광역시 계양구 귤현동,경상사고,0,0,1,0,차대차 - 추돌 - 진행중,안전운전불이행,습기,비,미분류 - 미분류,승용,남,53세,기타불명,승용,남,40세,경상
2013112700100237,2013년 11월 27일 12시,수요일,인천광역시 남동구 남촌동,중상사고,0,1,1,0,차대차 - 기타,안전거리미확보,습기,비,단일로 - 기타,화물,남,55세,상해없음,승용,남,52세,중상
2013112700100260,2013년 11월 27일 13시,수요일,인천광역시 중구 신흥동1가,경상사고,0,0,2,0,차대차 - 측면직각충돌,안전운전불이행,습기,흐림,단일로 - 기타,화물,남,46세,상해없음,승용,남,35세,경상
2013112700100291,2013년 11월 27일 14시,수요일,인천광역시 남동구 남촌동,중상사고,0,2,0,0,차대차 - 기타,신호위반,습기,맑음,교차로 - 교차로안,승용,남,56세,상해없음,승용,남,55세,중상
2013112700100330,2013년 11월 27일 15시,수요일,인천광역시 동구 송현동,사망사고,1,0,0,0,차대차 - 기타,안전운전불이행,건조,맑음,교차로 - 교차로안,화물,남,52세,상해없음,자전거,남,73세,사망
2013112700100331,2013년 11월 27일 15시,수요일,인천광역시 연수구 송도동,경상사고,0,0,1,0,차대사람 - 횡단중,신호위반,건조,맑음,교차로 - 교차로부근,승용,여,54세,상해없음,보행자,여,8세,경상
2013112700100332,2013년 11월 27일 15시,수요일,인천광역시 부평구 일신동,중상사고,0,1,0,0,차대사람 - 횡단중,안전운전불이행,건조,맑음,기타 - 기타,승합,남,66세,상해없음,보행자,여,82세,중상
2013112700100362,2013년 11월 27일 16시,수요일,인천광역시 부평구 산곡동,경상사고,0,0,1,0,차대차 - 기타,안전운전불이행,건조,기타,교차로 - 교차로안,승용,여,41세,상해없음,승용,여,43세,경상
2013112700100363,2013년 11월 27일 16시,수요일,인천광역시 서구 석남동,부상신고사고,0,0,0,1,차대사람 - 횡단중,신호위반,건조,맑음,교차로 - 교차로부근,이륜,기타불명,기타불명,기타불명,보행자,여,11세,부상신고
2013112700100411,2013년 11월 27일 17시,수요일,인천광역시 서구 가좌동,경상사고,0,0,1,0,차대차 - 측면직각충돌,교차로운행방법위반,건조,맑음,교차로 - 교차로부근,승용,남,53세,상해없음,이륜,남,36세,경상
2013112700100467,2013년 11월 27일 18시,수요일,인천광역시 서구 석남동,경상사고,0,0,1,0,차대차 - 추돌 - 주정차중,안전거리미확보,건조,맑음,단일로 - 기타,승용,남,25세,상해없음,화물,남,49세,경상
2013112700100514,2013년 11월 27일 19시,수요일,인천광역시 남구 도화동,경상사고,0,0,2,0,차대차 - 기타,안전운전불이행,건조,맑음,기타 - 기타,승용,여,49세,상해없음,승용,남,44세,상해없음
2013112700100555,2013년 11월 27일 20시,수요일,인천광역시 남구 숭의동,경상사고,0,0,1,0,차대차 - 기타,안전운전불이행,건조,맑음,단일로 - 기타,승용,여,38세,상해없음,이륜,남,17세,경상
2013112700100556,2013년 11월 27일 20시,수요일,인천광역시 서구 가좌동,경상사고,0,0,1,0,차대사람 - 기타,중앙선침범,건조,맑음,단일로 - 기타,승용,남,51세,상해없음,보행자,여,25세,경상
2013112700100582,2013년 11월 27일 21시,수요일,인천광역시 남동구 구월동,중상사고,0,1,5,1,차대차 - 추돌 - 진행중,안전운전불이행,건조,맑음,단일로 - 기타,승용,여,33세,상해없음,승용,여,32세,중상
2013112700100583,2013년 11월 27일 21시,수요일,인천광역시 계양구 작전동,부상신고사고,0,0,0,1,차대사람 - 횡단중,안전운전불이행,건조,맑음,교차로 - 교차로안,승합,남,61세,상해없음,보행자,남,47세,부상신고
2013112700100620,2013년 11월 27일 22시,수요일,인천광역시 남동구 간석동,경상사고,0,0,1,0,차대차 - 기타,중앙선침범,건조,맑음,단일로 - 기타,승용,기타불명,기타불명,기타불명,승용,남,47세,상해없음
2013112700100621,2013년 11월 27일 22시,수요일,인천광역시 연수구 연수동,경상사고,0,0,1,0,차대차 - 추돌 - 주정차중,안전운전불이행,건조,맑음,교차로 - 교차로부근,승용,남,31세,상해없음,승합,남,46세,경상
2013112700100622,2013년 11월 27일 22시,수요일,인천광역시 부평구 부평동,경상사고,0,0,2,0,차대차 - 추돌 - 주정차중,안전운전불이행,건조,흐림,교차로 - 교차로부근,승용,남,38세,상해없음,승용,남,27세,경상
2013112700100647,2013년 11월 27일 23시,수요일,인천광역시 서구 검암동,경상사고,0,0,3,0,차대차 - 기타,중앙선침범,건조,맑음,단일로 - 기타,승용,남,56세,상해없음,승용,남,54세,경상
2013112800100020,2013년 11월 28일 00시,목요일,인천광역시 남동구 간석동,중상사고,0,1,0,0,차대사람 - 차도통행중,안전운전불이행,건조,맑음,교차로 - 교차로부근,승용,남,59세,상해없음,보행자,남,46세,중상
2013112800100052,2013년 11월 28일 03시,목요일,인천광역시 남동구 간석동,중상사고,0,1,1,0,차대사람 - 차도통행중,안전운전불이행,건조,맑음,단일로 - 기타,승용,남,51세,상해없음,보행자,남,22세,중상
2013112800100053,2013년 11월 28일 03시,목요일,인천광역시 남동구 만수동,경상사고,0,0,1,0,차대차 - 측면직각충돌,중앙선침범,건조,맑음,단일로 - 횡단보도상,원동기,남,42세,경상,승용,남,56세,상해없음
2013112800100148,2013년 11월 28일 08시,목요일,인천광역시 서구 가좌동,경상사고,0,0,1,0,차대사람 - 기타,안전운전불이행,건조,맑음,단일로 - 기타,승합,남,33세,상해없음,보행자,여,69세,경상
2013112800100149,2013년 11월 28일 08시,목요일,인천광역시 연수구 선학동,중상사고,0,2,13,0,차대차 - 추돌 - 주정차중,안전운전불이행,결빙,맑음,기타 - 기타,승합,남,50세,상해없음,승합,남,52세,경상
2013112800100184,2013년 11월 28일 09시,목요일,인천광역시 계양구 서운동,경상사고,0,0,1,0,차대차 - 추돌 - 주정차중,안전운전불이행,건조,맑음,미분류 - 미분류,화물,남,47세,상해없음,승용,남,26세,경상
2013112800100223,2013년 11월 28일 11시,목요일,인천광역시 부평구 일신동,경상사고,0,0,1,0,차대차 - 기타,안전거리미확보,건조,맑음,미분류 - 미분류,승용,여,52세,상해없음,승용,여,55세,경상
2013112800100301,2013년 11월 28일 14시,목요일,인천광역시 연수구 연수동,경상사고,0,0,1,0,차대사람 - 기타,보행자보호의무위반,건조,맑음,교차로 - 교차로안,승용,여,56세,상해없음,보행자,여,36세,경상
2013112800100335,2013년 11월 28일 15시,목요일,인천광역시 부평구 십정동,중상사고,0,1,0,0,차대사람 - 기타,안전운전불이행,건조,맑음,교차로 - 교차로안,승용,여,49세,상해없음,보행자,여,54세,중상
2013112800100336,2013년 11월 28일 15시,목요일,인천광역시 남동구 논현동,중상사고,0,1,0,0,차대사람 - 횡단중,보행자보호의무위반,건조,맑음,교차로 - 교차로안,승용,여,54세,상해없음,보행자,여,45세,중상
2013112800100355,2013년 11월 28일 16시,목요일,인천광역시 남동구 간석동,경상사고,0,0,1,0,차량단독 - 기타,안전운전불이행,건조,맑음,단일로 - 기타,승합,남,56세,상해없음,,,,
2013112800100356,2013년 11월 28일 16시,목요일,인천광역시 연수구 송도동,중상사고,0,1,0,0,차대사람 - 횡단중,보행자보호의무위반,건조,맑음,단일로 - 횡단보도상,승용,여,36세,상해없음,보행자,여,6세,중상
2013112800100397,2013년 11월 28일 17시,목요일,인천광역시 강화군 강화읍,경상사고,0,0,2,0,차대차 - 기타,중앙선침범,결빙,흐림,단일로 - 기타,화물,남,54세,상해없음,승용,남,58세,경상
2013112800100456,2013년 11월 28일 18시,목요일,인천광역시 부평구 청천동,중상사고,0,1,0,0,차대사람 - 횡단중,안전운전불이행,건조,맑음,단일로 - 기타,승용,남,61세,상해없음,보행자,남,55세,중상
2013112800100457,2013년 11월 28일 18시,목요일,인천광역시 서구 당하동,중상사고,0,1,0,0,차대사람 - 횡단중,신호위반,건조,맑음,단일로 - 횡단보도상,이륜,남,18세,상해없음,보행자,남,10세,중상
2013112800100458,2013년 11월 28일 18시,목요일,인천광역시 계양구 작전동,경상사고,0,0,1,0,차대차 - 추돌 - 주정차중,안전운전불이행,건조,맑음,단일로 - 기타,승용,남,25세,상해없음,승용,남,44세,경상
2013112800100494,2013년 11월 28일 19시,목요일,인천광역시 남동구 간석동,경상사고,0,0,2,0,차대차 - 추돌 - 주정차중,안전거리미확보,건조,맑음,단일로 - 기타,승용,남,29세,상해없음,승용,여,25세,경상
2013112800100495,2013년 11월 28일 19시,목요일,인천광역시 부평구 부평동,경상사고,0,0,1,0,차대차 - 측면직각충돌,안전운전불이행,건조,맑음,교차로 - 교차로안,승용,기타불명,기타불명,기타불명,승용,남,54세,경상
2013112800100496,2013년 11월 28일 19시,목요일,인천광역시 남구 문학동,중상사고,0,3,1,0,차대차 - 측면직각충돌,안전운전불이행,건조,맑음,단일로 - 기타,승용,남,42세,상해없음,특수,남,52세,중상
2013112800100561,2013년 11월 28일 21시,목요일,인천광역시 중구 운서동,경상사고,0,0,1,0,차대차 - 측면직각충돌,교차로운행방법위반,건조,맑음,교차로 - 교차로안,화물,남,23세,상해없음,승용,여,39세,경상
2013112800100562,2013년 11월 28일 21시,목요일,인천광역시 부평구 십정동,경상사고,0,0,1,0,차대차 - 기타,안전운전불이행,건조,맑음,단일로 - 기타,이륜,남,18세,상해없음,승용,남,37세,경상
2013112800100625,2013년 11월 28일 23시,목요일,인천광역시 서구 가좌동,중상사고,0,1,0,0,차대차 - 측면직각충돌,교차로운행방법위반,건조,맑음,교차로 - 교차로안,이륜,남,18세,중상,승용,여,52세,상해없음
2013112800100626,2013년 11월 28일 23시,목요일,인천광역시 연수구 옥련동,경상사고,0,0,1,0,차대사람 - 기타,안전운전불이행,건조,맑음,교차로 - 교차로부근,승용,남,32세,상해없음,보행자,남,44세,경상
2013112900100048,2013년 11월 29일 03시,금요일,인천광역시 남구 주안동,중상사고,0,1,0,0,차대사람 - 횡단중,안전운전불이행,건조,맑음,단일로 - 기타,승용,남,42세,상해없음,보행자,남,20세,중상
2013112900100083,2013년 11월 29일 06시,금요일,인천광역시 남구 주안동,경상사고,0,0,1,0,차대차 - 기타,안전운전불이행,건조,맑음,교차로 - 교차로부근,기타불명,기타불명,기타불명,기타불명,원동기,남,23세,경상
2013112900100084,2013년 11월 29일 06시,금요일,인천광역시 서구 왕길동,중상사고,0,1,0,0,차대사람 - 보도통행중,신호위반,건조,맑음,교차로 - 교차로부근,화물,남,61세,상해없음,보행자,여,71세,중상
2013112900100108,2013년 11월 29일 07시,금요일,인천광역시 남구 주안동,중상사고,0,1,2,2,차대차 - 기타,안전거리미확보,건조,맑음,단일로 - 기타,승용,남,23세,상해없음,승용,남,30세,중상
2013112900100159,2013년 11월 29일 08시,금요일,인천광역시 서구 가좌동,경상사고,0,0,3,0,차량단독 - 기타,기타,건조,맑음,단일로 - 기타,승합,남,54세,상해없음,,,,
2013112900100160,2013년 11월 29일 08시,금요일,인천광역시 부평구 부평동,경상사고,0,0,1,0,차대사람 - 횡단중,안전운전불이행,건조,맑음,단일로 - 기타,승용,여,34세,상해없음,보행자,여,11세,경상
2013112900100189,2013년 11월 29일 09시,금요일,인천광역시 남동구 논현동,중상사고,0,1,0,0,차대차 - 기타,안전운전불이행,건조,맑음,교차로 - 교차로부근,승용,남,57세,상해없음,자전거,여,52세,중상
2013112900100216,2013년 11월 29일 10시,금요일,인천광역시 서구 가좌동,경상사고,0,0,1,0,차대차 - 기타,안전운전불이행,건조,맑음,단일로 - 기타,승용,남,59세,상해없음,승용,남,38세,경상
2013112900100280,2013년 11월 29일 12시,금요일,인천광역시 부평구 십정동,중상사고,0,2,0,0,차대차 - 기타,중앙선침범,건조,맑음,단일로 - 기타,승용,여,42세,상해없음,승용,남,30세,중상
2013112900100310,2013년 11월 29일 13시,금요일,인천광역시 남동구 남촌동,경상사고,0,0,1,0,차대차 - 기타,안전운전불이행,건조,맑음,단일로 - 기타,승용,남,38세,상해없음,승용,남,54세,경상
2013112900100413,2013년 11월 29일 16시,금요일,인천광역시 서구 검암동,경상사고,0,0,1,0,차대사람 - 기타,안전운전불이행,건조,맑음,단일로 - 기타,승용,기타불명,기타불명,기타불명,보행자,여,12세,경상
2013112900100452,2013년 11월 29일 17시,금요일,인천광역시 남구 용현동,부상신고사고,0,0,0,1,차대차 - 추돌 - 진행중,안전운전불이행,건조,맑음,교차로 - 교차로부근,승용,남,27세,상해없음,화물,남,60세,부상신고
2013112900100453,2013년 11월 29일 17시,금요일,인천광역시 남동구 간석동,부상신고사고,0,0,0,1,차대사람 - 기타,안전운전불이행,건조,맑음,교차로 - 교차로부근,기타불명,기타불명,기타불명,기타불명,보행자,여,54세,부상신고
2013112900100454,2013년 11월 29일 17시,금요일,인천광역시 서구 왕길동,경상사고,0,0,1,0,차대차 - 기타,안전운전불이행,건조,맑음,교차로 - 교차로부근,화물,남,54세,상해없음,화물,여,30세,경상
2013112900100507,2013년 11월 29일 18시,금요일,인천광역시 부평구 산곡동,경상사고,0,0,1,0,차량단독 - 기타,기타,건조,맑음,교차로 - 교차로부근,승합,남,51세,상해없음,,,,
2013112900100508,2013년 11월 29일 18시,금요일,인천광역시 남동구 구월동,경상사고,0,0,1,0,차대사람 - 횡단중,보행자보호의무위반,건조,맑음,교차로 - 교차로부근,승합,남,50세,상해없음,보행자,여,44세,경상
2013112900100509,2013년 11월 29일 18시,금요일,인천광역시 서구 경서동,경상사고,0,0,1,0,차대차 - 측면직각충돌,기타,건조,맑음,단일로 - 기타,승용,여,44세,상해없음,승용,남,44세,상해없음
2013112900100510,2013년 11월 29일 18시,금요일,인천광역시 연수구 송도동,중상사고,0,1,0,0,차대차 - 측면직각충돌,불법유턴,건조,맑음,단일로 - 기타,승용,남,54세,상해없음,이륜,남,19세,중상
2013112900100511,2013년 11월 29일 18시,금요일,인천광역시 부평구 삼산동,경상사고,0,0,1,0,차대차 - 측면직각충돌,신호위반,건조,맑음,교차로 - 교차로안,화물,남,50세,상해없음,자전거,여,53세,경상
2013112900100512,2013년 11월 29일 18시,금요일,인천광역시 중구 운북동,경상사고,0,0,1,0,차대차 - 측면직각충돌,안전운전불이행,건조,맑음,단일로 - 기타,승용,남,61세,상해없음,승합,남,30세,상해없음
2013112900100578,2013년 11월 29일 20시,금요일,인천광역시 남구 주안동,중상사고,0,1,0,0,차대사람 - 기타,안전운전불이행,건조,맑음,기타 - 기타,기타불명,기타불명,기타불명,기타불명,보행자,남,17세,중상
2013112900100613,2013년 11월 29일 21시,금요일,인천광역시 서구 석남동,부상신고사고,0,0,0,1,차대사람 - 보도통행중,안전운전불이행,건조,맑음,단일로 - 기타,승용,남,39세,상해없음,보행자,남,52세,부상신고
2013112900100642,2013년 11월 29일 22시,금요일,인천광역시 남구 용현동,경상사고,0,0,1,0,차대차 - 추돌 - 주정차중,안전운전불이행,건조,맑음,단일로 - 횡단보도부근,화물,남,53세,상해없음,승용,남,26세,경상
2013112900100643,2013년 11월 29일 22시,금요일,인천광역시 남동구 도림동,경상사고,0,0,1,0,차대차 - 측면직각충돌,안전거리미확보,건조,맑음,단일로 - 기타,승용,여,43세,상해없음,원동기,남,39세,경상
2013112900100644,2013년 11월 29일 22시,금요일,인천광역시 남동구 구월동,경상사고,0,0,1,0,차대차 - 측면직각충돌,안전거리미확보,건조,맑음,단일로 - 기타,승용,남,26세,상해없음,승용,남,57세,경상
2013112900100645,2013년 11월 29일 22시,금요일,인천광역시 서구 마전동,부상신고사고,0,0,0,1,차대사람 - 기타,보행자보호의무위반,건조,맑음,교차로 - 교차로안,승용,남,64세,상해없음,보행자,남,50세,부상신고
2013112900100688,2013년 11월 29일 23시,금요일,인천광역시 남구 주안동,경상사고,0,0,2,0,차대차 - 측면직각충돌,안전운전불이행,건조,맑음,교차로 - 교차로안,승용,남,32세,상해없음,승용,여,54세,경상
2013112900100689,2013년 11월 29일 23시,금요일,인천광역시 남동구 간석동,경상사고,0,0,2,0,차대차 - 측면직각충돌,안전운전불이행,건조,맑음,단일로 - 기타,승용,남,25세,상해없음,승합,남,53세,경상
2013112900100690,2013년 11월 29일 23시,금요일,인천광역시 남동구 구월동,경상사고,0,0,1,0,차대사람 - 횡단중,보행자보호의무위반,건조,맑음,교차로 - 교차로부근,승합,남,57세,상해없음,보행자,여,32세,경상
2013113000100024,2013년 11월 30일 00시,토요일,인천광역시 부평구 산곡동,경상사고,0,0,1,0,차대사람 - 횡단중,안전운전불이행,건조,맑음,단일로 - 횡단보도상,승용,남,56세,상해없음,보행자,여,17세,경상
2013113000100025,2013년 11월 30일 00시,토요일,인천광역시 서구 가좌동,중상사고,0,2,0,0,차대차 - 측면직각충돌,신호위반,건조,맑음,교차로 - 교차로안,승용,남,29세,상해없음,승용,남,62세,중상
2013113000100026,2013년 11월 30일 00시,토요일,인천광역시 강화군 송해면,경상사고,0,0,3,0,차대차 - 정면충돌,중앙선침범,건조,맑음,단일로 - 기타,승용,남,51세,상해없음,승용,남,38세,경상
2013113000100045,2013년 11월 30일 01시,토요일,인천광역시 남동구 남촌동,중상사고,0,3,0,0,차대차 - 측면직각충돌,신호위반,건조,맑음,교차로 - 교차로안,승용,여,39세,중상,승용,남,55세,중상
2013113000100067,2013년 11월 30일 02시,토요일,인천광역시 남구 주안동,중상사고,0,1,0,0,차대사람 - 횡단중,안전운전불이행,건조,맑음,단일로 - 기타,승용,남,60세,상해없음,보행자,남,22세,중상