사고번호,사고일시,요일,시군구,사고내용,사망자수,중상자수,경상자수,부상신고자수,사고유형,법규위반,노면상태,기상상태,도로형태,가해운전자 차종,가해운전자 성별,가해운전자 연령,가해운전자 상해정도,피해운전자 차종,피해운전자 성별,피해운전자 연령,피해운전자 상해정도
2013113000100068,2013년 11월 30일 02시,토요일,인천광역시 남동구 구월동,중상사고,0,1,1,0,차대사람 - 기타,안전운전불이행,건조,맑음,교차로 - 교차로부근,승용,남,50세,상해없음,보행자,여,49세,중상
2013113000100082,2013년 11월 30일 03시,토요일,인천광역시 남동구 만수동,중상사고,0,1,1,0,차대차 - 측면직각충돌,신호위반,건조,맑음,교차로 - 교차로안,승용,남,25세,상해없음,승용,남,59세,경상
2013113000100152,2013년 11월 30일 08시,토요일,인천광역시 부평구 십정동,경상사고,0,0,2,0,차대차 - 기타,안전운전불이행,건조,맑음,단일로 - 기타,승용,남,25세,상해없음,승용,남,56세,경상
2013113000100232,2013년 11월 30일 11시,토요일,인천광역시 연수구 동춘동,경상사고,0,0,1,0,차대사람 - 횡단중,안전운전불이행,건조,맑음,교차로 - 교차로안,승용,남,54세,기타불명,보행자,남,10세,경상
2013113000100270,2013년 11월 30일 12시,토요일,인천광역시 남동구 구월동,중상사고,0,1,0,0,차대차 - 정면충돌,안전운전불이행,건조,맑음,교차로 - 교차로안,승용,남,52세,상해없음,이륜,남,33세,중상
2013113000100271,2013년 11월 30일 12시,토요일,인천광역시 남동구 만수동,경상사고,0,0,1,0,차대차 - 측면직각충돌,교차로운행방법위반,건조,맑음,교차로 - 교차로안,승합,남,54세,상해없음,이륜,남,22세,경상
2013113000100272,2013년 11월 30일 12시,토요일,인천광역시 서구 당하동,경상사고,0,0,1,0,차대차 - 측면직각충돌,신호위반,건조,맑음,교차로 - 교차로부근,화물,남,46세,상해없음,이륜,남,28세,경상
2013113000100309,2013년 11월 30일 13시,토요일,인천광역시 남구 주안동,경상사고,0,0,1,0,차대사람 - 기타,기타,건조,맑음,단일로 - 기타,승용,남,66세,기타불명,보행자,남,38세,경상
2013113000100340,2013년 11월 30일 14시,토요일,인천광역시 남구 주안동,경상사고,0,0,2,0,차대차 - 추돌 - 주정차중,안전운전불이행,건조,맑음,단일로 - 기타,기타불명,기타불명,기타불명,기타불명,승용,남,54세,상해없음
2013113000100341,2013년 11월 30일 14시,토요일,인천광역시 남동구 만수동,경상사고,0,0,2,0,차대차 - 정면충돌,신호위반,건조,맑음,교차로 - 교차로안,승용,남,31세,상해없음,승용,남,26세,경상
2013113000100366,2013년 11월 30일 15시,토요일,인천광역시 남구 주안동,경상사고,0,0,1,0,차대사람 - 기타,안전운전불이행,건조,맑음,기타 - 기타,승용,남,54세,상해없음,보행자,남,58세,경상
2013113000100390,2013년 11월 30일 16시,토요일,인천광역시 중구 율목동,중상사고,0,1,1,0,차대차 - 추돌 - 진행중,안전운전불이행,건조,맑음,기타 - 기타,승용,남,31세,상해없음,승용,여,34세,경상
2013113000100391,2013년 11월 30일 16시,토요일,인천광역시 남동구 논현동,경상사고,0,0,1,0,차대차 - 측면직각충돌,신호위반,건조,맑음,교차로 - 교차로안,승합,남,63세,상해없음,승용,남,44세,경상
2013113000100432,2013년 11월 30일 17시,토요일,인천광역시 남동구 구월동,중상사고,0,1,0,0,차대사람 - 차도통행중,안전운전불이행,건조,맑음,교차로 - 교차로부근,승용,남,41세,상해없음,보행자,남,60세,중상
2013113000100487,2013년 11월 30일 18시,토요일,인천광역시 남구 주안동,경상사고,0,0,1,0,차대사람 - 횡단중,안전운전불이행,건조,맑음,단일로 - 기타,화물,남,37세,상해없음,보행자,남,45세,경상
2013113000100526,2013년 11월 30일 19시,토요일,인천광역시 남동구 도림동,경상사고,0,0,1,0,차대차 - 측면직각충돌,안전운전불이행,건조,맑음,단일로 - 기타,원동기,남,17세,경상,승용,남,48세,상해없음
2013113000100560,2013년 11월 30일 20시,토요일,인천광역시 부평구 청천동,경상사고,0,0,3,1,차대차 - 추돌 - 주정차중,안전운전불이행,건조,맑음,교차로 - 교차로부근,승용,남,57세,상해없음,승용,남,37세,부상신고
2013113000100592,2013년 11월 30일 21시,토요일,인천광역시 서구 심곡동,경상사고,0,0,1,0,차대차 - 기타,교차로운행방법위반,건조,맑음,교차로 - 교차로안,승용,여,46세,기타불명,승용,여,45세,경상
2013120100100024,2013년 12월 1일 00시,일요일,인천광역시 서구 경서동,중상사고,0,1,1,0,차대차 - 측면직각충돌,신호위반,건조,맑음,교차로 - 교차로안,승용,여,32세,경상,승용,남,27세,중상
2013120100100040,2013년 12월 1일 01시,일요일,인천광역시 서구 가좌동,중상사고,0,1,2,0,차대차 - 추돌 - 진행중,안전운전불이행,건조,맑음,단일로 - 기타,승용,남,40세,상해없음,승용,남,31세,중상
2013120100100041,2013년 12월 1일 01시,일요일,인천광역시 부평구 삼산동,경상사고,0,0,2,0,차대차 - 측면직각충돌,안전운전불이행,건조,맑음,단일로 - 기타,승용,남,42세,상해없음,승용,남,48세,경상
2013120100100060,2013년 12월 1일 02시,일요일,인천광역시 남구 주안동,경상사고,0,0,1,0,차대차 - 기타,안전거리미확보,건조,맑음,단일로 - 기타,승용,남,23세,상해없음,승용,남,53세,경상
2013120100100061,2013년 12월 1일 02시,일요일,인천광역시 서구 석남동,중상사고,0,2,0,0,차대차 - 측면직각충돌,중앙선침범,건조,맑음,단일로 - 기타,승용,여,28세,상해없음,승용,남,35세,중상
2013120100100071,2013년 12월 1일 03시,일요일,인천광역시 부평구 청천동,경상사고,0,0,3,0,차대차 - 추돌 - 주정차중,안전거리미확보,건조,맑음,교차로 - 교차로부근,화물,남,42세,상해없음,승용,남,39세,경상
2013120100100088,2013년 12월 1일 04시,일요일,인천광역시 계양구 계산동,경상사고,0,0,2,0,차대차 - 측면직각충돌,신호위반,건조,맑음,단일로 - 기타,승용,여,24세,상해없음,승용,여,42세,경상
2013120100100100,2013년 12월 1일 05시,일요일,인천광역시 부평구 부평동,경상사고,0,0,1,0,차대사람 - 기타,안전운전불이행,건조,맑음,단일로 - 기타,기타불명,기타불명,기타불명,기타불명,보행자,남,31세,경상
2013120100100150,2013년 12월 1일 09시,일요일,인천광역시 부평구 십정동,중상사고,0,1,0,0,차대차 - 기타,안전운전불이행,건조,맑음,단일로 - 기타,승합,남,48세,상해없음,자전거,남,75세,중상
2013120100100170,2013년 12월 1일 10시,일요일,인천광역시 남구 주안동,경상사고,0,0,1,0,차대차 - 기타,안전거리미확보,건조,맑음,단일로 - 기타,화물,남,54세,상해없음,승용,남,51세,경상
2013120100100187,2013년 12월 1일 11시,일요일,인천광역시 서구 불로동,중상사고,0,1,1,0,차대차 - 기타,신호위반,건조,맑음,교차로 - 교차로부근,이륜,남,33세,중상,승용,남,29세,경상
2013120100100188,2013년 12월 1일 11시,일요일,인천광역시 계양구 효성동,중상사고,0,1,0,0,차대사람 - 차도통행중,안전운전불이행,건조,맑음,교차로 - 교차로안,승용,남,43세,상해없음,보행자,여,62세,중상
2013120100100214,2013년 12월 1일 12시,일요일,인천광역시 연수구 송도동,중상사고,0,2,0,0,차대차 - 측면직각충돌,신호위반,건조,맑음,교차로 - 교차로안,승용,남,49세,상해없음,승용,남,32세,중상
2013120100100335,2013년 12월 1일 17시,일요일,인천광역시 서구 마전동,경상사고,0,0,1,0,차대차 - 측면직각충돌,안전운전불이행,건조,맑음,교차로 - 교차로부근,이륜,남,19세,경상,승용,남,52세,기타불명
2013120100100336,2013년 12월 1일 17시,일요일,인천광역시 계양구 병방동,중상사고,0,1,0,0,차대사람 - 횡단중,안전운전불이행,건조,맑음,단일로 - 기타,승용,여,53세,상해없음,보행자,남,48세,중상
2013120100100376,2013년 12월 1일 18시,일요일,인천광역시 남동구 논현동,중상사고,0,1,0,0,차대사람 - 횡단중,안전운전불이행,건조,맑음,교차로 - 교차로안,승용,남,34세,상해없음,보행자,남,17세,중상
2013120100100405,2013년 12월 1일 19시,일요일,인천광역시 동구 금곡동,경상사고,0,0,1,0,차대차 - 기타,차로위반,건조,맑음,단일로 - 기타,승용,남,50세,상해없음,승용,여,58세,경상
2013120100100437,2013년 12월 1일 20시,일요일,인천광역시 부평구 갈산동,중상사고,0,1,0,0,차대차 - 추돌 - 주정차중,안전운전불이행,건조,맑음,단일로 - 기타,승용,남,65세,상해없음,승용,남,31세,중상
2013120100100456,2013년 12월 1일 21시,일요일,인천광역시 계양구 작전동,중상사고,0,1,6,0,차대차 - 측면직각충돌,중앙선침범,건조,맑음,기타 - 기타,승용,남,20세,상해없음,승용,남,59세,중상
2013120100100490,2013년 12월 1일 23시,일요일,인천광역시 서구 당하동,경상사고,0,0,1,0,차대사람 - 기타,안전운전불이행,건조,맑음,단일로 - 기타,승합,남,51세,상해없음,보행자,남,46세,경상
2013120200100031,2013년 12월 2일 03시,월요일,인천광역시 남구 숭의동,경상사고,0,0,1,0,차량단독 - 기타,안전운전불이행,건조,맑음,기타 - 기타,승용,남,43세,상해없음,,,,
2013120200100133,2013년 12월 2일 08시,월요일,인천광역시 남구 용현동,경상사고,0,0,1,0,차대차 - 기타,안전운전불이행,건조,흐림,교차로 - 교차로부근,승용,남,61세,상해없음,승용,남,43세,상해없음
2013120200100134,2013년 12월 2일 08시,월요일,인천광역시 남구 도화동,경상사고,0,0,1,0,차대차 - 기타,안전운전불이행,건조,흐림,단일로 - 기타,기타불명,기타불명,기타불명,기타불명,승용,남,43세,경상
2013120200100209,2013년 12월 2일 11시,월요일,인천광역시 서구 마전동,중상사고,0,1,0,0,차대사람 - 기타,안전운전불이행,건조,맑음,단일로 - 기타,화물,남,50세,상해없음,보행자,여,68세,중상
2013120200100285,2013년 12월 2일 14시,월요일,인천광역시 계양구 효성동,경상사고,0,0,1,0,차대차 - 측면직각충돌,안전운전불이행,건조,맑음,단일로 - 기타,자전거,남,47세,경상,화물,남,37세,상해없음
2013120200100321,2013년 12월 2일 15시,월요일,인천광역시 부평구 산곡동,중상사고,0,1,0,0,차대차 - 측면직각충돌,안전운전불이행,건조,맑음,교차로 - 교차로부근,승용,여,52세,상해없음,원동기,남,40세,중상
2013120200100322,2013년 12월 2일 15시,월요일,인천광역시 부평구 청천동,경상사고,0,0,1,0,차대차 - 측면직각충돌,안전운전불이행,건조,맑음,단일로 - 기타,승용,여,47세,상해없음,자전거,여,57세,경상
2013120200100379,2013년 12월 2일 17시,월요일,인천광역시 계양구 계산동,경상사고,0,0,1,0,차대차 - 측면직각충돌,직진우회전진행방해,건조,맑음,교차로 - 교차로안,승용,여,54세,상해없음,이륜,남,45세,경상
2013120200100432,2013년 12월 2일 18시,월요일,인천광역시 동구 송현동,경상사고,0,0,1,0,차대사람 - 기타,보행자보호의무위반,습기,흐림,단일로 - 횡단보도상,승용,여,47세,상해없음,보행자,남,34세,경상
2013120200100433,2013년 12월 2일 18시,월요일,인천광역시 남구 숭의동,중상사고,0,1,0,0,차대사람 - 횡단중,안전운전불이행,건조,맑음,교차로 - 교차로부근,승용,남,63세,상해없음,보행자,여,72세,중상
2013120200100434,2013년 12월 2일 18시,월요일,인천광역시 부평구 십정동,중상사고,0,1,0,0,차대사람 - 횡단중,안전운전불이행,건조,맑음,단일로 - 횡단보도상,승용,남,54세,상해없음,보행자,여,28세,중상
2013120200100496,2013년 12월 2일 20시,월요일,인천광역시 중구 중산동,경상사고,0,0,1,0,차대차 - 추돌 - 진행중,안전운전불이행,건조,맑음,단일로 - 기타,승용,남,43세,상해없음,승용,여,33세,경상
2013120200100497,2013년 12월 2일 20시,월요일,인천광역시 남동구 만수동,경상사고,0,0,1,0,차대사람 - 기타,안전운전불이행,건조,맑음,단일로 - 기타,승용,남,49세,상해없음,보행자,여,71세,경상
2013120200100498,2013년 12월 2일 20시,월요일,인천광역시 연수구 연수동,중상사고,0,1,0,0,차대사람 - 기타,안전운전불이행,건조,맑음,단일로 - 기타,승용,남,58세,상해없음,보행자,여,80세,중상
2013120200100567,2013년 12월 2일 23시,월요일,인천광역시 서구 가좌동,경상사고,0,0,2,0,차대차 - 기타,안전운전불이행,건조,맑음,단일로 - 기타,승용,남,56세,상해없음,승용,남,23세,경상
2013120300100022,2013년 12월 3일 02시,화요일,인천광역시 서구 불로동,경상사고,0,0,1,0,차대차 - 기타,안전운전불이행,건조,맑음,단일로 - 기타,기타불명,기타불명,기타불명,기타불명,화물,여,49세,경상
2013120300100040,2013년 12월 3일 05시,화요일,인천광역시 남동구 구월동,중상사고,0,1,0,0,차대사람 - 기타,안전운전불이행,건조,맑음,단일로 - 횡단보도상,화물,남,42세,상해없음,보행자,여,61세,중상
2013120300100041,2013년 12월 3일 05시,화요일,인천광역시 남동구 구월동,경상사고,0,0,1,0,차대차 - 기타,안전거리미확보,건조,맑음,단일로 - 기타,승용,여,26세,상해없음,승합,남,69세,경상
2013120300100059,2013년 12월 3일 06시,화요일,인천광역시 계양구 효성동,중상사고,0,1,0,0,차대사람 - 차도통행중,안전운전불이행,건조,맑음,단일로 - 기타,화물,남,66세,상해없음,보행자,여,20세,중상
2013120300100060,2013년 12월 3일 06시,화요일,인천광역시 계양구 계산동,경상사고,0,0,1,0,차대사람 - 횡단중,보행자보호의무위반,건조,맑음,단일로 - 횡단보도상,승용,여,31세,상해없음,보행자,남,28세,경상
2013120300100088,2013년 12월 3일 07시,화요일,인천광역시 남동구 고잔동,경상사고,0,0,2,0,차대차 - 기타,신호위반,건조,맑음,교차로 - 교차로안,승용,남,36세,상해없음,승용,여,60세,경상
2013120300100089,2013년 12월 3일 07시,화요일,인천광역시 서구 석남동,중상사고,0,1,0,0,차대사람 - 차도통행중,안전운전불이행,건조,맑음,단일로 - 기타,화물,여,53세,상해없음,보행자,남,32세,중상
2013120300100120,2013년 12월 3일 08시,화요일,인천광역시 남동구 구월동,경상사고,0,0,1,0,차대차 - 기타,안전운전불이행,건조,맑음,단일로 - 기타,승용,남,69세,상해없음,이륜,남,49세,경상
2013120300100121,2013년 12월 3일 08시,화요일,인천광역시 남동구 논현동,중상사고,0,1,0,0,차대사람 - 기타,안전운전불이행,건조,맑음,단일로 - 횡단보도상,승용,남,65세,상해없음,보행자,여,74세,중상
2013120300100177,2013년 12월 3일 10시,화요일,인천광역시 계양구 서운동,경상사고,0,0,1,0,차대사람 - 횡단중,보행자보호의무위반,건조,맑음,교차로 - 교차로부근,화물,남,52세,상해없음,보행자,여,32세,경상
2013120300100201,2013년 12월 3일 11시,화요일,인천광역시 부평구 산곡동,경상사고,0,0,1,0,차대사람 - 차도통행중,안전운전불이행,건조,맑음,교차로 - 교차로안,승용,여,51세,상해없음,보행자,여,17세,경상
2013120300100274,2013년 12월 3일 14시,화요일,인천광역시 남구 도화동,경상사고,0,0,1,0,차대차 - 기타,안전운전불이행,건조,맑음,단일로 - 기타,승용,남,58세,상해없음,승용,남,31세,경상
2013120300100300,2013년 12월 3일 15시,화요일,인천광역시 부평구 부평동,중상사고,0,1,0,0,차대사람 - 기타,안전운전불이행,건조,맑음,단일로 - 기타,건설기계,남,27세,상해없음,보행자,여,78세,중상
2013120300100412,2013년 12월 3일 18시,화요일,인천광역시 계양구 작전동,중상사고,0,1,0,0,차대사람 - 횡단중,안전운전불이행,건조,맑음,교차로 - 교차로부근,승용,여,51세,상해없음,보행자,여,61세,중상
2013120300100448,2013년 12월 3일 19시,화요일,인천광역시 남동구 간석동,경상사고,0,0,1,0,차대사람 - 기타,안전운전불이행,건조,맑음,단일로 - 기타,승용,남,41세,상해없음,보행자,여,13세,경상
2013120300100450,2013년 12월 3일 19시,화요일,인천광역시 연수구 연수동,사망사고,1,0,0,0,차대사람 - 기타,안전운전불이행,건조,맑음,단일로 - 기타,화물,남,72세,상해없음,보행자,여,77세,사망
2013120300100451,2013년 12월 3일 19시,화요일,인천광역시 연수구 송도동,경상사고,0,0,7,0,차대차 - 측면직각충돌,신호위반,건조,맑음,교차로 - 교차로안,승용,여,52세,경상,승용,남,30세,경상
2013120300100473,2013년 12월 3일 20시,화요일,인천광역시 부평구 청천동,중상사고,0,1,2,0,차대차 - 추돌 - 진행중,안전운전불이행,건조,맑음,교차로 - 교차로부근,승용,남,51세,상해없음,승용,남,65세,중상
2013120300100509,2013년 12월 3일 21시,화요일,인천광역시 중구 중산동,경상사고,0,0,1,0,차대차 - 기타,교차로운행방법위반,건조,맑음,교차로 - 교차로부근,승용,남,39세,상해없음,원동기,여,53세,경상
2013120300100510,2013년 12월 3일 21시,화요일,인천광역시 남구 주안동,부상신고사고,0,0,0,1,차량단독 - 기타,기타,건조,맑음,단일로 - 기타,승합,남,57세,상해없음,,,,
2013120300100511,2013년 12월 3일 21시,화요일,인천광역시 남동구 구월동,경상사고,0,0,1,0,차대차 - 측면직각충돌,신호위반,건조,맑음,교차로 - 교차로안,승용,남,47세,상해없음,승용,여,51세,경상
2013120300100512,2013년 12월 3일 21시,화요일,인천광역시 남동구 구월동,중상사고,0,1,0,0,차대사람 - 횡단중,보행자보호의무위반,건조,맑음,단일로 - 기타,승합,남,42세,상해없음,보행자,여,24세,중상
2013120300100513,2013년 12월 3일 21시,화요일,인천광역시 연수구 옥련동,경상사고,0,0,1,0,차대차 - 측면직각충돌,신호위반,건조,맑음,교차로 - 교차로안,승용,남,50세,상해없음,승용,여,53세,경상
2013120300100541,2013년 12월 3일 22시,화요일,인천광역시 계양구 계산동,경상사고,0,0,1,0,차대차 - 측면직각충돌,안전운전불이행,건조,맑음,교차로 - 교차로부근,승용,여,41세,상해없음,승용,남,65세,경상
2013120300100569,2013년 12월 3일 23시,화요일,인천광역시 남구 주안동,중상사고,0,1,0,0,차대사람 - 기타,안전운전불이행,건조,맑음,단일로 - 기타,승합,남,53세,상해없음,보행자,남,52세,중상
2013120400100011,2013년 12월 4일 00시,수요일,인천광역시 중구 운서동,부상신고사고,0,0,0,1,차대차 - 추돌 - 주정차중,안전운전불이행,건조,맑음,단일로 - 기타,승용,기타불명,기타불명,기타불명,승용,여,22세,부상신고
2013120400100012,2013년 12월 4일 00시,수요일,인천광역시 남동구 장수동,경상사고,0,0,1,0,차대차 - 측면직각충돌,안전운전불이행,건조,맑음,단일로 - 기타,승용,남,54세,기타불명,승용,남,50세,상해없음
2013120400100037,2013년 12월 4일 01시,수요일,인천광역시 계양구 작전동,중상사고,0,2,0,0,차대차 - 측면직각충돌,신호위반,건조,맑음,교차로 - 교차로안,승용,기타불명,기타불명,기타불명,이륜,남,18세,중상
2013120400100063,2013년 12월 4일 04시,수요일,인천광역시 연수구 연수동,경상사고,0,0,3,0,차대차 - 추돌 - 주정차중,안전운전불이행,건조,맑음,교차로 - 교차로부근,승용,남,40세,상해없음,승용,남,23세,경상
2013120400100110,2013년 12월 4일 07시,수요일,인천광역시 남동구 만수동,중상사고,0,1,0,0,차대사람 - 횡단중,보행자보호의무위반,건조,기타,교차로 - 교차로안,화물,남,50세,상해없음,보행자,남,47세,중상
2013120400100153,2013년 12월 4일 08시,수요일,인천광역시 남구 주안동,경상사고,0,0,1,0,차대사람 - 횡단중,신호위반,건조,흐림,기타 - 기타,승용,남,56세,상해없음,보행자,남,21세,경상
2013120400100154,2013년 12월 4일 08시,수요일,인천광역시 남동구 고잔동,경상사고,0,0,2,0,차대차 - 정면충돌,중앙선침범,건조,흐림,단일로 - 기타,승용,남,45세,상해없음,승용,남,32세,경상
2013120400100155,2013년 12월 4일 08시,수요일,인천광역시 서구 가좌동,경상사고,0,0,1,0,차대차 - 측면직각충돌,안전운전불이행,건조,맑음,단일로 - 기타,승용,남,34세,상해없음,승용,남,32세,경상
2013120400100252,2013년 12월 4일 12시,수요일,인천광역시 남구 도화동,중상사고,0,1,0,0,차대차 - 기타,안전거리미확보,건조,맑음,기타 - 기타,승용,여,45세,상해없음,특수,남,27세,중상
2013120400100253,2013년 12월 4일 12시,수요일,인천광역시 남구 주안동,경상사고,0,0,5,0,차대차 - 측면직각충돌,안전운전불이행,건조,맑음,교차로 - 교차로안,승용,남,64세,기타불명,화물,남,70세,경상
2013120400100254,2013년 12월 4일 12시,수요일,인천광역시 부평구 청천동,경상사고,0,0,1,0,차대차 - 기타,안전운전불이행,건조,맑음,단일로 - 기타,승용,남,71세,상해없음,자전거,남,41세,경상
2013120400100300,2013년 12월 4일 14시,수요일,인천광역시 옹진군 영흥면,중상사고,0,1,1,0,차대차 - 정면충돌,중앙선침범,건조,맑음,교차로 - 교차로부근,화물,남,57세,중상,승용,여,53세,경상
2013120400100301,2013년 12월 4일 14시,수요일,인천광역시 남동구 간석동,경상사고,0,0,3,0,차대차 - 추돌 - 진행중,교차로운행방법위반,건조,맑음,교차로 - 교차로안,승용,여,56세,기타불명,승합,남,51세,상해없음
2013120400100344,2013년 12월 4일 16시,수요일,인천광역시 서구 검암동,중상사고,0,1,1,0,차대차 - 기타,안전운전불이행,건조,맑음,단일로 - 기타,기타불명,기타불명,기타불명,기타불명,승용,남,67세,경상
2013120400100385,2013년 12월 4일 17시,수요일,인천광역시 남구 학익동,경상사고,0,0,1,0,차대사람 - 횡단중,안전운전불이행,건조,맑음,교차로 - 교차로안,기타불명,기타불명,기타불명,기타불명,보행자,남,13세,경상
2013120400100386,2013년 12월 4일 17시,수요일,인천광역시 부평구 십정동,경상사고,0,0,1,0,차대차 - 기타,안전운전불이행,건조,맑음,단일로 - 기타,화물,남,56세,상해없음,승용,여,56세,경상
2013120400100387,2013년 12월 4일 17시,수요일,인천광역시 서구 심곡동,중상사고,0,1,0,0,차대사람 - 기타,기타,건조,맑음,교차로 - 교차로안,승합,남,55세,상해없음,보행자,여,52세,중상
2013120400100426,2013년 12월 4일 18시,수요일,인천광역시 남동구 간석동,부상신고사고,0,0,0,1,차대사람 - 횡단중,안전운전불이행,건조,맑음,교차로 - 교차로부근,승용,남,43세,상해없음,보행자,남,52세,부상신고
2013120400100427,2013년 12월 4일 18시,수요일,인천광역시 계양구 계산동,경상사고,0,0,1,0,차대차 - 측면직각충돌,안전운전불이행,건조,맑음,단일로 - 기타,기타불명,기타불명,기타불명,기타불명,승용,여,52세,경상
2013120400100428,2013년 12월 4일 18시,수요일,인천광역시 부평구 부개동,경상사고,0,0,1,0,차대차 - 추돌 - 주정차중,안전운전불이행,건조,맑음,교차로 - 교차로부근,화물,남,60세,상해없음,승용,여,40세,경상
2013120400100429,2013년 12월 4일 18시,수요일,인천광역시 부평구 삼산동,중상사고,0,2,0,0,차대차 - 기타,교차로운행방법위반,건조,맑음,단일로 - 기타,승용,여,53세,상해없음,승용,남,44세,상해없음
2013120400100486,2013년 12월 4일 20시,수요일,인천광역시 남구 학익동,중상사고,0,1,0,0,차대사람 - 기타,기타,건조,맑음,교차로 - 교차로부근,승용,남,46세,상해없음,보행자,남,74세,중상
2013120400100487,2013년 12월 4일 20시,수요일,인천광역시 남동구 구월동,경상사고,0,0,1,0,차대사람 - 횡단중,안전운전불이행,건조,맑음,교차로 - 교차로부근,승용,기타불명,기타불명,기타불명,보행자,남,17세,경상
2013120400100488,2013년 12월 4일 20시,수요일,인천광역시 서구 가정동,경상사고,0,0,1,0,차대차 - 추돌 - 진행중,안전운전불이행,건조,맑음,단일로 - 기타,화물,남,30세,상해없음,승용,여,48세,경상
2013120400100489,2013년 12월 4일 20시,수요일,인천광역시 부평구 부개동,중상사고,0,1,0,0,차대차 - 측면직각충돌,중앙선침범,건조,맑음,교차로 - 교차로안,승용,남,29세,상해없음,이륜,남,48세,중상
2013120400100522,2013년 12월 4일 21시,수요일,인천광역시 연수구 동춘동,경상사고,0,0,2,0,차대차 - 기타,신호위반,건조,맑음,교차로 - 교차로안,승용,여,46세,상해없음,승용,남,65세,경상
2013120500100014,2013년 12월 5일 00시,목요일,인천광역시 남동구 구월동,경상사고,0,0,4,0,차대차 - 기타,신호위반,건조,맑음,교차로 - 교차로안,승용,여,39세,상해없음,승용,남,55세,경상
2013120500100015,2013년 12월 5일 00시,목요일,인천광역시 남동구 구월동,경상사고,0,0,1,0,차대차 - 추돌 - 진행중,안전운전불이행,건조,맑음,단일로 - 기타,승용,남,20세,상해없음,승용,남,39세,경상
2013120500100042,2013년 12월 5일 02시,목요일,인천광역시 부평구 삼산동,경상사고,0,0,2,0,차대차 - 추돌 - 주정차중,안전운전불이행,건조,맑음,교차로 - 교차로안,승용,남,52세,상해없음,승용,남,41세,경상
2013120500100088,2013년 12월 5일 06시,목요일,인천광역시 서구 원창동,경상사고,0,0,1,0,차대차 - 기타,안전운전불이행,건조,맑음,교차로 - 교차로부근,승합,남,57세,상해없음,승용,남,54세,경상
2013120500100089,2013년 12월 5일 06시,목요일,인천광역시 부평구 부개동,경상사고,0,0,1,0,차대차 - 측면직각충돌,안전운전불이행,건조,맑음,단일로 - 기타,승용,남,61세,상해없음,이륜,여,33세,경상
2013120500100143,2013년 12월 5일 08시,목요일,인천광역시 남동구 구월동,중상사고,0,1,0,0,차대사람 - 기타,안전운전불이행,건조,맑음,단일로 - 기타,승용,기타불명,기타불명,기타불명,보행자,여,54세,중상
2013120500100144,2013년 12월 5일 08시,목요일,인천광역시 남동구 고잔동,경상사고,0,0,1,0,차대사람 - 횡단중,보행자보호의무위반,건조,맑음,교차로 - 교차로안,승용,남,51세,상해없음,보행자,남,40세,경상
2013120500100274,2013년 12월 5일 14시,목요일,인천광역시 남동구 남촌동,경상사고,0,0,1,0,차대차 - 기타,신호위반,건조,맑음,단일로 - 횡단보도상,승용,여,42세,상해없음,원동기,남,63세,경상
2013120500100371,2013년 12월 5일 17시,목요일,인천광역시 서구 가정동,경상사고,0,0,1,0,차대차 - 기타,안전거리미확보,건조,맑음,단일로 - 기타,승용,여,56세,기타불명,승용,여,53세,경상
2013120500100372,2013년 12월 5일 17시,목요일,인천광역시 서구 석남동,경상사고,0,0,3,0,차대차 - 기타,안전운전불이행,건조,맑음,교차로 - 교차로부근,승용,남,28세,상해없음,승용,남,45세,경상
2013120500100418,2013년 12월 5일 18시,목요일,인천광역시 남동구 만수동,중상사고,0,1,0,0,차대사람 - 차도통행중,안전운전불이행,건조,맑음,단일로 - 기타,승용,남,34세,상해없음,보행자,여,44세,중상
2013120500100469,2013년 12월 5일 19시,목요일,인천광역시 계양구 임학동,경상사고,0,0,1,0,차대사람 - 횡단중,안전운전불이행,건조,맑음,단일로 - 기타,승용,여,48세,상해없음,보행자,남,58세,경상
2013120500100470,2013년 12월 5일 19시,목요일,인천광역시 강화군 강화읍,중상사고,0,1,0,0,차대사람 - 횡단중,안전운전불이행,건조,맑음,단일로 - 기타,승용,남,42세,상해없음,보행자,남,71세,중상
2013120500100501,2013년 12월 5일 20시,목요일,인천광역시 남구 학익동,경상사고,0,0,1,0,차대차 - 기타,신호위반,건조,맑음,교차로 - 교차로안,승용,남,48세,경상,승용,여,67세,상해없음
2013120500100502,2013년 12월 5일 20시,목요일,인천광역시 남동구 논현동,경상사고,0,0,1,0,차대사람 - 기타,안전운전불이행,건조,맑음,교차로 - 교차로부근,승용,남,31세,상해없음,보행자,여,77세,경상
2013120500100532,2013년 12월 5일 21시,목요일,인천광역시 남동구 간석동,중상사고,0,1,0,0,차대차 - 추돌 - 진행중,안전운전불이행,건조,맑음,단일로 - 기타,승용,남,32세,상해없음,이륜,남,63세,중상
2013120500100557,2013년 12월 5일 22시,목요일,인천광역시 계양구 용종동,경상사고,0,0,2,0,차대차 - 추돌 - 주정차중,안전운전불이행,건조,맑음,교차로 - 교차로부근,승용,남,48세,상해없음,승용,여,39세,경상