사고번호,사고일시,요일,시군구,사고내용,사망자수,중상자수,경상자수,부상신고자수,사고유형,법규위반,노면상태,기상상태,도로형태,가해운전자 차종,가해운전자 성별,가해운전자 연령,가해운전자 상해정도,피해운전자 차종,피해운전자 성별,피해운전자 연령,피해운전자 상해정도
2013120900100617,2013년 12월 9일 22시,월요일,인천광역시 서구 심곡동,경상사고,0,0,1,0,차대차 - 기타,기타,건조,맑음,기타 - 기타,승용,남,29세,상해없음,이륜,남,42세,경상
2013120900100618,2013년 12월 9일 22시,월요일,인천광역시 계양구 계산동,중상사고,0,1,0,0,차대사람 - 횡단중,신호위반,습기,비,기타 - 기타,원동기,남,18세,상해없음,보행자,여,19세,중상
2013120900100642,2013년 12월 9일 23시,월요일,인천광역시 중구 항동6가,사망사고,1,0,0,0,차대사람 - 기타,안전운전불이행,습기,흐림,교차로 - 교차로안,승용,남,61세,상해없음,보행자,남,32세,사망
2013120900100643,2013년 12월 9일 23시,월요일,인천광역시 서구 검암동,경상사고,0,0,3,0,차대차 - 추돌 - 주정차중,안전거리미확보,습기,맑음,교차로 - 교차로부근,승용,남,48세,상해없음,승용,남,36세,경상
2013120900100644,2013년 12월 9일 23시,월요일,인천광역시 계양구 용종동,경상사고,0,0,2,0,차대차 - 기타,안전운전불이행,건조,맑음,교차로 - 교차로부근,승용,남,32세,상해없음,승용,남,54세,경상
2013121000100082,2013년 12월 10일 07시,화요일,인천광역시 서구 석남동,경상사고,0,0,1,0,차대사람 - 보도통행중,안전운전불이행,건조,맑음,단일로 - 기타,기타불명,기타불명,기타불명,기타불명,보행자,여,52세,경상
2013121000100141,2013년 12월 10일 10시,화요일,인천광역시 동구 송림동,경상사고,0,0,1,0,차대차 - 측면직각충돌,안전거리미확보,건조,맑음,교차로 - 교차로안,승용,남,37세,경상,승용,남,57세,상해없음
2013121000100206,2013년 12월 10일 13시,화요일,인천광역시 서구 왕길동,경상사고,0,0,1,0,차대차 - 기타,안전운전불이행,건조,맑음,단일로 - 기타,승용,남,40세,상해없음,승합,남,57세,경상
2013121000100249,2013년 12월 10일 15시,화요일,인천광역시 부평구 산곡동,부상신고사고,0,0,0,1,차대차 - 측면직각충돌,안전운전불이행,건조,맑음,교차로 - 교차로부근,화물,남,30세,상해없음,승용,남,38세,부상신고
2013121000100274,2013년 12월 10일 16시,화요일,인천광역시 부평구 산곡동,경상사고,0,0,2,0,차대차 - 추돌 - 주정차중,안전운전불이행,건조,맑음,교차로 - 교차로부근,화물,남,27세,상해없음,승용,여,40세,경상
2013121000100275,2013년 12월 10일 16시,화요일,인천광역시 남동구 서창동,중상사고,0,2,0,0,차대차 - 추돌 - 진행중,안전거리미확보,건조,맑음,단일로 - 기타,승용,여,33세,상해없음,승용,여,54세,중상
2013121000100276,2013년 12월 10일 16시,화요일,인천광역시 서구 심곡동,중상사고,0,1,0,0,차대차 - 기타,안전거리미확보,건조,맑음,단일로 - 기타,화물,남,35세,상해없음,승합,남,64세,상해없음
2013121000100312,2013년 12월 10일 17시,화요일,인천광역시 서구 가좌동,사망사고,1,0,0,0,차대사람 - 횡단중,안전운전불이행,건조,맑음,교차로 - 교차로안,화물,남,36세,상해없음,보행자,남,26세,사망
2013121000100355,2013년 12월 10일 18시,화요일,인천광역시 서구 경서동,경상사고,0,0,1,0,차대차 - 기타,안전운전불이행,건조,맑음,단일로 - 기타,승용,기타불명,기타불명,기타불명,승용,남,51세,경상
2013121000100390,2013년 12월 10일 19시,화요일,인천광역시 남동구 만수동,중상사고,0,1,0,0,차대차 - 기타,안전운전불이행,건조,맑음,교차로 - 교차로안,승합,남,52세,상해없음,원동기,남,19세,중상
2013121000100391,2013년 12월 10일 19시,화요일,인천광역시 계양구 효성동,중상사고,0,1,0,0,차대사람 - 횡단중,안전운전불이행,건조,흐림,단일로 - 기타,승용,남,45세,상해없음,보행자,남,73세,중상
2013121000100456,2013년 12월 10일 21시,화요일,인천광역시 부평구 십정동,중상사고,0,1,0,0,차대차 - 측면직각충돌,교차로운행방법위반,건조,맑음,교차로 - 교차로안,승용,남,49세,상해없음,원동기,여,35세,중상
2013121000100457,2013년 12월 10일 21시,화요일,인천광역시 계양구 작전동,중상사고,0,1,0,0,차대사람 - 횡단중,안전운전불이행,건조,맑음,단일로 - 기타,이륜,남,18세,상해없음,보행자,남,56세,중상
2013121000100458,2013년 12월 10일 21시,화요일,인천광역시 연수구 송도동,경상사고,0,0,2,0,차대차 - 추돌 - 진행중,안전운전불이행,건조,맑음,단일로 - 기타,승용,남,27세,상해없음,승용,남,31세,경상
2013121000100459,2013년 12월 10일 21시,화요일,인천광역시 부평구 부개동,경상사고,0,0,1,0,차대차 - 추돌 - 주정차중,안전운전불이행,건조,맑음,교차로 - 교차로부근,승용,여,49세,상해없음,승용,남,49세,경상
2013121000100482,2013년 12월 10일 22시,화요일,인천광역시 연수구 연수동,중상사고,0,1,0,0,차대차 - 기타,중앙선침범,건조,맑음,교차로 - 교차로안,이륜,남,25세,상해없음,이륜,남,28세,중상
2013121100100018,2013년 12월 11일 00시,수요일,인천광역시 부평구 산곡동,중상사고,0,1,1,0,차대차 - 측면직각충돌,신호위반,건조,맑음,교차로 - 교차로안,승용,남,29세,상해없음,승용,남,55세,경상
2013121100100128,2013년 12월 11일 07시,수요일,인천광역시 동구 만석동,중상사고,0,1,0,0,차대차 - 정면충돌,중앙선침범,결빙,흐림,미분류 - 미분류,특수,남,53세,상해없음,승용,남,34세,중상
2013121100100129,2013년 12월 11일 07시,수요일,인천광역시 연수구 옥련동,경상사고,0,0,4,0,차대차 - 추돌 - 진행중,안전거리미확보,적설,눈,단일로 - 교량,승용,여,57세,상해없음,승용,남,36세,경상
2013121100100172,2013년 12월 11일 08시,수요일,인천광역시 부평구 산곡동,중상사고,0,1,0,0,차대사람 - 횡단중,신호위반,습기,맑음,단일로 - 기타,승용,여,34세,상해없음,보행자,남,19세,중상
2013121100100173,2013년 12월 11일 08시,수요일,인천광역시 남동구 고잔동,경상사고,0,0,1,0,차대사람 - 기타,안전운전불이행,건조,맑음,단일로 - 기타,승용,기타불명,기타불명,기타불명,보행자,여,24세,경상
2013121100100174,2013년 12월 11일 08시,수요일,인천광역시 계양구 작전동,경상사고,0,0,1,0,차대차 - 측면직각충돌,신호위반,습기,흐림,교차로 - 교차로안,승용,여,42세,상해없음,승용,남,45세,경상
2013121100100175,2013년 12월 11일 08시,수요일,인천광역시 연수구 송도동,중상사고,0,3,1,0,차대사람 - 기타,안전운전불이행,결빙,맑음,단일로 - 교량,승합,남,49세,상해없음,보행자,남,52세,중상
2013121100100239,2013년 12월 11일 10시,수요일,인천광역시 부평구 산곡동,중상사고,0,1,0,0,차대사람 - 횡단중,안전운전불이행,적설,맑음,단일로 - 기타,승용,남,51세,상해없음,보행자,여,75세,중상
2013121100100293,2013년 12월 11일 12시,수요일,인천광역시 서구 가좌동,경상사고,0,0,1,0,차대차 - 측면직각충돌,안전운전불이행,습기,맑음,단일로 - 기타,승용,남,34세,상해없음,이륜,남,46세,경상
2013121100100294,2013년 12월 11일 12시,수요일,인천광역시 서구 검암동,경상사고,0,0,1,0,차대차 - 측면직각충돌,안전운전불이행,건조,맑음,교차로 - 교차로안,승용,여,33세,상해없음,승용,남,50세,경상
2013121100100318,2013년 12월 11일 13시,수요일,인천광역시 서구 석남동,경상사고,0,0,1,0,차대사람 - 횡단중,안전운전불이행,건조,맑음,단일로 - 기타,기타불명,기타불명,기타불명,기타불명,보행자,여,45세,경상
2013121100100373,2013년 12월 11일 15시,수요일,인천광역시 동구 송림동,경상사고,0,0,1,0,차대사람 - 기타,안전운전불이행,건조,맑음,단일로 - 기타,승용,남,66세,상해없음,보행자,여,60세,경상
2013121100100433,2013년 12월 11일 17시,수요일,인천광역시 남동구 논현동,경상사고,0,0,1,0,차대차 - 추돌 - 진행중,안전운전불이행,건조,맑음,단일로 - 기타,승용,남,28세,상해없음,승용,여,43세,상해없음
2013121100100434,2013년 12월 11일 17시,수요일,인천광역시 서구 불로동,중상사고,0,1,0,0,차대사람 - 기타,안전운전불이행,건조,맑음,교차로 - 교차로부근,승용,여,36세,상해없음,보행자,여,76세,중상
2013121100100489,2013년 12월 11일 18시,수요일,인천광역시 남동구 논현동,중상사고,0,1,2,0,차대차 - 추돌 - 진행중,안전운전불이행,건조,맑음,단일로 - 기타,승용,여,45세,상해없음,승용,남,28세,경상
2013121100100523,2013년 12월 11일 19시,수요일,인천광역시 남구 학익동,경상사고,0,0,1,0,차대차 - 추돌 - 주정차중,안전운전불이행,건조,맑음,단일로 - 기타,화물,남,52세,상해없음,화물,남,42세,경상
2013121100100524,2013년 12월 11일 19시,수요일,인천광역시 부평구 부평동,중상사고,0,1,0,0,차대차 - 측면직각충돌,안전운전불이행,건조,맑음,교차로 - 교차로안,승용,남,48세,상해없음,승용,남,46세,중상
2013121100100555,2013년 12월 11일 20시,수요일,인천광역시 연수구 선학동,경상사고,0,0,1,0,차대차 - 기타,안전운전불이행,건조,맑음,교차로 - 교차로부근,승용,남,58세,상해없음,승합,여,43세,경상
2013121100100612,2013년 12월 11일 22시,수요일,인천광역시 남동구 구월동,경상사고,0,0,2,0,차대차 - 추돌 - 주정차중,안전운전불이행,건조,맑음,단일로 - 기타,승용,남,42세,상해없음,승용,남,56세,경상
2013121100100613,2013년 12월 11일 22시,수요일,인천광역시 계양구 계산동,경상사고,0,0,1,0,차대사람 - 길가장자리구역통행중,안전운전불이행,건조,맑음,단일로 - 기타,승합,여,45세,상해없음,보행자,남,52세,경상
2013121100100614,2013년 12월 11일 22시,수요일,인천광역시 연수구 동춘동,경상사고,0,0,1,0,차대차 - 기타,중앙선침범,건조,맑음,단일로 - 기타,승용,여,54세,상해없음,이륜,남,18세,경상
2013121200100032,2013년 12월 12일 01시,목요일,인천광역시 남동구 논현동,중상사고,0,1,2,0,차대차 - 기타,안전운전불이행,건조,맑음,미분류 - 미분류,승용,남,45세,상해없음,승용,남,27세,경상
2013121200100060,2013년 12월 12일 04시,목요일,인천광역시 계양구 작전동,중상사고,0,4,0,0,차대차 - 측면직각충돌,신호위반,건조,흐림,교차로 - 교차로안,승용,남,36세,상해없음,승용,남,58세,중상
2013121200100092,2013년 12월 12일 06시,목요일,인천광역시 부평구 부개동,중상사고,0,1,0,0,차대사람 - 기타,안전운전불이행,습기,맑음,단일로 - 기타,승용,남,55세,상해없음,보행자,남,37세,중상
2013121200100176,2013년 12월 12일 09시,목요일,인천광역시 남구 학익동,경상사고,0,0,2,0,차대차 - 기타,안전운전불이행,건조,맑음,단일로 - 기타,승용,여,36세,경상,승용,남,76세,경상
2013121200100230,2013년 12월 12일 12시,목요일,인천광역시 강화군 불은면,중상사고,0,2,0,0,차대차 - 정면충돌,안전운전불이행,적설,눈,단일로 - 기타,화물,남,41세,상해없음,승용,남,33세,중상
2013121200100231,2013년 12월 12일 12시,목요일,인천광역시 부평구 삼산동,경상사고,0,0,1,0,차대차 - 측면직각충돌,교차로운행방법위반,습기,눈,교차로 - 교차로안,승용,여,36세,상해없음,승합,남,45세,상해없음
2013121200100291,2013년 12월 12일 14시,목요일,인천광역시 서구 연희동,경상사고,0,0,1,0,차대차 - 기타,안전운전불이행,적설,눈,단일로 - 기타,승용,남,70세,상해없음,화물,남,34세,경상
2013121200100337,2013년 12월 12일 16시,목요일,인천광역시 남동구 구월동,경상사고,0,0,3,0,차대차 - 추돌 - 진행중,안전운전불이행,건조,맑음,교차로 - 교차로부근,승용,남,51세,상해없음,승용,남,38세,경상
2013121200100368,2013년 12월 12일 17시,목요일,인천광역시 남구 주안동,중상사고,0,1,1,0,차대차 - 측면직각충돌,신호위반,습기,맑음,교차로 - 교차로안,화물,남,42세,상해없음,승용,남,58세,경상
2013121200100403,2013년 12월 12일 18시,목요일,인천광역시 남동구 구월동,경상사고,0,0,1,0,차대사람 - 횡단중,안전운전불이행,건조,맑음,단일로 - 기타,승용,여,42세,상해없음,보행자,여,31세,경상
2013121200100499,2013년 12월 12일 21시,목요일,인천광역시 연수구 선학동,사망사고,1,1,0,0,차대사람 - 횡단중,안전운전불이행,건조,흐림,단일로 - 기타,승용,남,59세,중상,보행자,여,59세,사망
2013121200100533,2013년 12월 12일 22시,목요일,인천광역시 연수구 송도동,경상사고,0,0,1,0,차대차 - 측면직각충돌,안전운전불이행,건조,맑음,교차로 - 교차로부근,승용,여,40세,상해없음,승용,여,54세,경상
2013121200100561,2013년 12월 12일 23시,목요일,인천광역시 남구 주안동,중상사고,0,1,0,0,차대사람 - 횡단중,안전운전불이행,결빙,흐림,단일로 - 횡단보도상,승용,남,38세,상해없음,보행자,남,35세,중상
2013121300100042,2013년 12월 13일 02시,금요일,인천광역시 중구 운서동,부상신고사고,0,0,0,1,차량단독 - 공작물충돌,안전운전불이행,건조,맑음,단일로 - 기타,승용,남,61세,상해없음,,,,
2013121300100055,2013년 12월 13일 04시,금요일,인천광역시 부평구 십정동,중상사고,0,1,0,1,차대차 - 기타,중앙선침범,건조,맑음,단일로 - 기타,승용,남,32세,상해없음,승용,남,53세,중상
2013121300100087,2013년 12월 13일 07시,금요일,인천광역시 남동구 만수동,경상사고,0,0,1,0,차대사람 - 횡단중,신호위반,건조,맑음,교차로 - 교차로부근,기타불명,기타불명,기타불명,기타불명,보행자,여,20세,경상
2013121300100116,2013년 12월 13일 08시,금요일,인천광역시 부평구 십정동,경상사고,0,0,3,0,차대차 - 기타,안전운전불이행,기타,맑음,교차로 - 교차로안,승용,남,44세,상해없음,승합,남,51세,경상
2013121300100143,2013년 12월 13일 09시,금요일,인천광역시 중구 운북동,중상사고,0,2,0,0,차대차 - 정면충돌,안전운전불이행,결빙,눈,교차로 - 교차로부근,승합,남,47세,상해없음,승용,여,56세,중상
2013121300100191,2013년 12월 13일 11시,금요일,인천광역시 연수구 옥련동,경상사고,0,0,2,0,차대차 - 기타,안전운전불이행,건조,맑음,단일로 - 기타,승합,남,66세,기타불명,승용,남,38세,경상
2013121300100211,2013년 12월 13일 12시,금요일,인천광역시 남동구 논현동,경상사고,0,0,1,0,차대차 - 기타,중앙선침범,건조,맑음,단일로 - 기타,승용,여,55세,상해없음,승용,남,26세,경상
2013121300100212,2013년 12월 13일 12시,금요일,인천광역시 서구 당하동,경상사고,0,0,1,0,차대차 - 기타,안전운전불이행,결빙,맑음,단일로 - 기타,승용,남,36세,상해없음,승용,남,31세,경상
2013121300100264,2013년 12월 13일 14시,금요일,인천광역시 중구 항동7가,경상사고,0,0,3,0,차대차 - 측면직각충돌,차로위반,건조,맑음,교차로 - 교차로부근,화물,남,58세,상해없음,화물,남,43세,경상
2013121300100265,2013년 12월 13일 14시,금요일,인천광역시 부평구 십정동,경상사고,0,0,1,0,차대차 - 추돌 - 주정차중,안전거리미확보,건조,맑음,단일로 - 기타,승합,남,33세,상해없음,승용,여,57세,경상
2013121300100266,2013년 12월 13일 14시,금요일,인천광역시 남동구 구월동,경상사고,0,0,1,0,차대사람 - 기타,안전운전불이행,건조,맑음,단일로 - 기타,승용,남,63세,상해없음,보행자,여,32세,경상
2013121300100267,2013년 12월 13일 14시,금요일,인천광역시 서구 경서동,경상사고,0,0,1,0,차대차 - 추돌 - 주정차중,안전운전불이행,결빙,맑음,단일로 - 기타,승용,남,21세,상해없음,승용,여,58세,경상
2013121300100268,2013년 12월 13일 14시,금요일,인천광역시 남동구 남촌동,경상사고,0,0,2,0,차대차 - 추돌 - 진행중,안전운전불이행,건조,맑음,단일로 - 기타,승용,남,46세,상해없음,승용,여,41세,상해없음
2013121300100296,2013년 12월 13일 15시,금요일,인천광역시 서구 마전동,중상사고,0,1,1,0,차대차 - 측면직각충돌,안전운전불이행,결빙,흐림,단일로 - 기타,승용,남,72세,상해없음,승용,여,40세,중상
2013121300100360,2013년 12월 13일 17시,금요일,인천광역시 서구 가정동,중상사고,0,1,0,0,차대사람 - 기타,안전운전불이행,건조,맑음,단일로 - 기타,승합,남,64세,상해없음,보행자,남,76세,중상
2013121300100361,2013년 12월 13일 17시,금요일,인천광역시 연수구 연수동,경상사고,0,0,1,0,차량단독 - 기타,안전운전불이행,건조,맑음,교차로 - 교차로안,승합,남,61세,상해없음,,,,
2013121300100403,2013년 12월 13일 18시,금요일,인천광역시 부평구 십정동,경상사고,0,0,1,0,차대사람 - 기타,안전운전불이행,건조,맑음,단일로 - 기타,승용,남,56세,상해없음,보행자,남,8세,경상
2013121300100433,2013년 12월 13일 19시,금요일,인천광역시 남구 숭의동,경상사고,0,0,2,0,차대차 - 측면직각충돌,안전운전불이행,건조,맑음,교차로 - 교차로안,승용,여,25세,상해없음,승용,남,53세,상해없음
2013121300100434,2013년 12월 13일 19시,금요일,인천광역시 남구 주안동,경상사고,0,0,1,0,차량단독 - 기타,안전운전불이행,건조,맑음,단일로 - 기타,승합,남,58세,상해없음,,,,
2013121300100460,2013년 12월 13일 20시,금요일,인천광역시 남동구 구월동,부상신고사고,0,0,0,1,차대사람 - 횡단중,안전운전불이행,건조,맑음,교차로 - 교차로부근,이륜,남,17세,상해없음,보행자,여,13세,부상신고
2013121300100486,2013년 12월 13일 21시,금요일,인천광역시 부평구 부평동,경상사고,0,0,1,1,차대차 - 측면직각충돌,안전운전불이행,건조,맑음,단일로 - 기타,승용,기타불명,기타불명,기타불명,승합,남,47세,부상신고
2013121300100487,2013년 12월 13일 21시,금요일,인천광역시 남동구 간석동,경상사고,0,0,1,0,차대사람 - 차도통행중,안전운전불이행,건조,맑음,단일로 - 기타,이륜,남,19세,상해없음,보행자,여,64세,경상
2013121300100488,2013년 12월 13일 21시,금요일,인천광역시 계양구 계산동,경상사고,0,0,1,0,차대사람 - 횡단중,안전운전불이행,건조,맑음,단일로 - 횡단보도상,기타불명,기타불명,기타불명,기타불명,보행자,여,42세,경상
2013121300100545,2013년 12월 13일 23시,금요일,인천광역시 서구 신현동,중상사고,0,1,0,0,차량단독 - 기타,기타,건조,맑음,단일로 - 기타,승합,남,53세,상해없음,,,,
2013121400100025,2013년 12월 14일 00시,토요일,인천광역시 서구 마전동,경상사고,0,0,1,0,차대차 - 측면직각충돌,안전운전불이행,결빙,눈,단일로 - 기타,승용,남,25세,상해없음,승용,남,45세,경상
2013121400100042,2013년 12월 14일 01시,토요일,인천광역시 서구 가좌동,경상사고,0,0,1,0,차대차 - 기타,안전거리미확보,건조,맑음,단일로 - 기타,승용,남,25세,상해없음,승용,남,44세,경상
2013121400100068,2013년 12월 14일 02시,토요일,인천광역시 연수구 연수동,중상사고,0,1,0,0,차대사람 - 횡단중,안전운전불이행,적설,눈,단일로 - 기타,승용,남,25세,상해없음,보행자,여,53세,중상
2013121400100093,2013년 12월 14일 03시,토요일,인천광역시 남동구 구월동,경상사고,0,0,1,0,차대차 - 정면충돌,신호위반,결빙,눈,교차로 - 교차로안,이륜,여,51세,경상,승용,남,59세,상해없음
2013121400100116,2013년 12월 14일 05시,토요일,인천광역시 남동구 간석동,경상사고,0,0,2,0,차대차 - 측면직각충돌,신호위반,습기,흐림,교차로 - 교차로안,승용,남,26세,상해없음,승용,남,53세,경상
2013121400100131,2013년 12월 14일 06시,토요일,인천광역시 남동구 간석동,중상사고,0,2,1,0,차대차 - 측면직각충돌,안전운전불이행,적설,눈,단일로 - 기타,승용,여,27세,상해없음,화물,남,42세,상해없음
2013121400100144,2013년 12월 14일 07시,토요일,인천광역시 서구 가좌동,중상사고,0,1,0,0,차대사람 - 횡단중,보행자보호의무위반,결빙,흐림,단일로 - 횡단보도상,승합,남,61세,상해없음,보행자,여,59세,중상
2013121400100201,2013년 12월 14일 09시,토요일,인천광역시 남동구 만수동,경상사고,0,0,1,0,차대차 - 추돌 - 진행중,안전거리미확보,결빙,맑음,교차로 - 교차로부근,승용,여,61세,기타불명,승용,남,38세,경상
2013121400100202,2013년 12월 14일 09시,토요일,인천광역시 서구 가정동,중상사고,0,1,0,0,차대사람 - 기타,안전운전불이행,습기,흐림,단일로 - 기타,승합,남,52세,상해없음,보행자,남,76세,중상
2013121400100268,2013년 12월 14일 12시,토요일,인천광역시 중구 북성동1가,경상사고,0,0,1,0,차대차 - 추돌 - 진행중,안전운전불이행,적설,눈,미분류 - 미분류,특수,남,38세,상해없음,승합,남,31세,경상
2013121400100269,2013년 12월 14일 12시,토요일,인천광역시 옹진군 백령면,중상사고,0,1,0,0,차대사람 - 길가장자리구역통행중,안전운전불이행,건조,맑음,단일로 - 기타,화물,남,76세,상해없음,보행자,남,57세,중상
2013121400100304,2013년 12월 14일 13시,토요일,인천광역시 남동구 구월동,경상사고,0,0,1,0,차대차 - 측면직각충돌,안전운전불이행,적설,눈,단일로 - 기타,승용,여,39세,상해없음,승용,남,57세,경상
2013121400100305,2013년 12월 14일 13시,토요일,인천광역시 남동구 논현동,경상사고,0,0,1,0,차대차 - 추돌 - 진행중,안전거리미확보,결빙,맑음,교차로 - 교차로부근,승용,남,42세,기타불명,승용,남,71세,상해없음
2013121400100329,2013년 12월 14일 14시,토요일,인천광역시 부평구 청천동,중상사고,0,1,3,0,차대차 - 측면직각충돌,중앙선침범,습기,맑음,교차로 - 교차로부근,승용,남,70세,상해없음,승용,여,40세,중상
2013121400100355,2013년 12월 14일 15시,토요일,인천광역시 중구 운남동,경상사고,0,0,1,0,차대차 - 측면직각충돌,신호위반,건조,흐림,교차로 - 교차로안,승합,남,60세,상해없음,승용,남,47세,경상
2013121400100356,2013년 12월 14일 15시,토요일,인천광역시 부평구 청천동,중상사고,0,1,0,0,차대사람 - 보도통행중,중앙선침범,결빙,맑음,단일로 - 기타,화물,남,32세,상해없음,보행자,남,78세,중상
2013121400100357,2013년 12월 14일 15시,토요일,인천광역시 서구 금곡동,중상사고,0,2,5,0,차대차 - 추돌 - 주정차중,안전운전불이행,건조,맑음,단일로 - 기타,승용,남,62세,상해없음,승용,남,54세,경상
2013121400100358,2013년 12월 14일 15시,토요일,인천광역시 서구 신현동,중상사고,0,1,0,0,차대사람 - 기타,안전운전불이행,건조,맑음,단일로 - 기타,승합,남,62세,상해없음,보행자,여,64세,중상
2013121400100428,2013년 12월 14일 18시,토요일,인천광역시 서구 석남동,중상사고,0,3,8,0,차대차 - 기타,신호위반,건조,맑음,교차로 - 교차로안,승용,남,48세,상해없음,승용,남,54세,경상
2013121400100455,2013년 12월 14일 19시,토요일,인천광역시 남구 용현동,경상사고,0,0,1,0,차대사람 - 기타,기타,건조,맑음,단일로 - 기타,승합,남,44세,상해없음,보행자,여,69세,경상
2013121400100456,2013년 12월 14일 19시,토요일,인천광역시 부평구 부평동,경상사고,0,0,5,0,차대차 - 측면직각충돌,안전거리미확보,건조,맑음,단일로 - 기타,승용,남,41세,상해없음,승용,남,21세,경상
2013121400100457,2013년 12월 14일 19시,토요일,인천광역시 연수구 연수동,경상사고,0,0,1,0,차대사람 - 기타,안전운전불이행,적설,눈,단일로 - 기타,원동기,남,18세,상해없음,보행자,남,51세,경상
2013121400100521,2013년 12월 14일 22시,토요일,인천광역시 부평구 십정동,경상사고,0,0,3,0,차대차 - 추돌 - 주정차중,안전운전불이행,습기,흐림,교차로 - 교차로부근,승용,남,50세,상해없음,승용,여,20세,경상
2013121400100522,2013년 12월 14일 22시,토요일,인천광역시 계양구 계산동,경상사고,0,0,1,0,차대사람 - 횡단중,안전운전불이행,결빙,맑음,교차로 - 교차로부근,승용,남,40세,상해없음,보행자,남,41세,경상
2013121400100544,2013년 12월 14일 23시,토요일,인천광역시 남구 주안동,경상사고,0,0,2,0,차대차 - 측면직각충돌,안전운전불이행,건조,맑음,단일로 - 기타,승용,남,58세,상해없음,승용,남,51세,경상
2013121500100059,2013년 12월 15일 02시,일요일,인천광역시 계양구 동양동,중상사고,0,1,1,0,차대차 - 정면충돌,중앙선침범,결빙,눈,단일로 - 기타,승용,남,60세,상해없음,승용,남,55세,중상
2013121500100072,2013년 12월 15일 03시,일요일,인천광역시 연수구 연수동,경상사고,0,0,1,0,차대차 - 추돌 - 주정차중,안전운전불이행,결빙,맑음,단일로 - 기타,승용,남,27세,상해없음,승용,남,54세,경상
2013121500100096,2013년 12월 15일 06시,일요일,인천광역시 남동구 남촌동,중상사고,0,1,0,0,차대차 - 정면충돌,중앙선침범,건조,맑음,단일로 - 기타,승용,남,28세,상해없음,화물,남,58세,중상
2013121500100130,2013년 12월 15일 09시,일요일,인천광역시 남구 주안동,중상사고,0,1,0,0,차대사람 - 기타,기타,결빙,맑음,단일로 - 기타,기타불명,기타불명,기타불명,기타불명,보행자,여,78세,중상
2013121500100229,2013년 12월 15일 15시,일요일,인천광역시 남동구 남촌동,경상사고,0,0,1,0,차대차 - 기타,안전운전불이행,건조,맑음,교차로 - 교차로부근,승용,남,52세,상해없음,승용,남,33세,경상
2013121500100251,2013년 12월 15일 16시,일요일,인천광역시 서구 가정동,경상사고,0,0,2,0,차대차 - 추돌 - 진행중,안전운전불이행,건조,맑음,단일로 - 기타,승용,남,29세,상해없음,승용,남,30세,경상
2013121500100276,2013년 12월 15일 17시,일요일,인천광역시 연수구 동춘동,경상사고,0,0,3,0,차대차 - 기타,안전운전불이행,건조,맑음,기타 - 기타,화물,남,24세,상해없음,승용,남,39세,경상
2013121500100304,2013년 12월 15일 18시,일요일,인천광역시 남동구 만수동,중상사고,0,1,0,0,차대사람 - 횡단중,안전운전불이행,적설,흐림,단일로 - 기타,이륜,남,20세,상해없음,보행자,남,15세,중상
2013121500100350,2013년 12월 15일 20시,일요일,인천광역시 부평구 구산동,중상사고,0,1,1,0,차대차 - 추돌 - 주정차중,안전운전불이행,건조,맑음,단일로 - 기타,승합,남,50세,상해없음,화물,남,44세,기타불명
2013121500100398,2013년 12월 15일 23시,일요일,인천광역시 계양구 병방동,중상사고,0,2,4,0,차대차 - 추돌 - 진행중,안전운전불이행,건조,맑음,단일로 - 기타,승합,남,47세,상해없음,승용,남,41세,중상
2013121600100022,2013년 12월 16일 02시,월요일,인천광역시 서구 연희동,중상사고,0,12,6,1,차대차 - 추돌 - 주정차중,기타,건조,맑음,교차로 - 교차로부근,승합,남,40세,상해없음,특수,남,36세,중상
2013121600100023,2013년 12월 16일 02시,월요일,인천광역시 계양구 효성동,경상사고,0,0,1,0,차대차 - 측면직각충돌,신호위반,건조,맑음,교차로 - 교차로안,승용,남,50세,상해없음,승용,남,48세,경상
2013121600100068,2013년 12월 16일 07시,월요일,인천광역시 남동구 도림동,경상사고,0,0,1,0,차대차 - 기타,차로위반,건조,맑음,단일로 - 기타,승용,남,32세,상해없음,승용,남,59세,경상
2013121600100069,2013년 12월 16일 07시,월요일,인천광역시 계양구 서운동,중상사고,0,1,0,0,차대차 - 측면직각충돌,교차로운행방법위반,건조,맑음,교차로 - 교차로안,승용,남,52세,상해없음,승용,남,54세,중상
2013121600100070,2013년 12월 16일 07시,월요일,인천광역시 연수구 청학동,경상사고,0,0,1,0,차대사람 - 길가장자리구역통행중,안전운전불이행,건조,맑음,교차로 - 교차로부근,승용,남,23세,상해없음,보행자,여,16세,경상
2013121600100101,2013년 12월 16일 08시,월요일,인천광역시 남구 용현동,경상사고,0,0,1,0,차대차 - 기타,안전운전불이행,건조,맑음,교차로 - 교차로안,기타불명,기타불명,기타불명,기타불명,승용,여,41세,상해없음
2013121600100102,2013년 12월 16일 08시,월요일,인천광역시 남동구 구월동,경상사고,0,0,1,0,차대차 - 추돌 - 주정차중,안전운전불이행,건조,맑음,단일로 - 기타,승용,여,30세,상해없음,승용,여,35세,경상