사고번호,사고일시,요일,시군구,사고내용,사망자수,중상자수,경상자수,부상신고자수,사고유형,법규위반,노면상태,기상상태,도로형태,가해운전자 차종,가해운전자 성별,가해운전자 연령,가해운전자 상해정도,피해운전자 차종,피해운전자 성별,피해운전자 연령,피해운전자 상해정도
2013122600100378,2013년 12월 26일 17시,목요일,인천광역시 서구 오류동,경상사고,0,0,2,0,차대차 - 기타,안전운전불이행,건조,맑음,교차로 - 교차로부근,건설기계,남,50세,경상,건설기계,남,50세,경상
2013122600100379,2013년 12월 26일 17시,목요일,인천광역시 계양구 장기동,경상사고,0,0,2,0,차대차 - 정면충돌,신호위반,건조,맑음,교차로 - 교차로안,승용,남,51세,상해없음,승용,여,44세,경상
2013122600100380,2013년 12월 26일 17시,목요일,인천광역시 부평구 갈산동,경상사고,0,0,3,0,차대차 - 측면직각충돌,직진우회전진행방해,습기,맑음,교차로 - 교차로안,승용,여,25세,경상,승용,여,35세,경상
2013122600100427,2013년 12월 26일 18시,목요일,인천광역시 부평구 청천동,경상사고,0,0,1,0,차대사람 - 횡단중,중앙선침범,건조,맑음,교차로 - 교차로부근,승용,남,47세,상해없음,보행자,여,16세,경상
2013122600100428,2013년 12월 26일 18시,목요일,인천광역시 남동구 장수동,경상사고,0,0,1,0,차대차 - 추돌 - 진행중,차로위반,건조,맑음,단일로 - 기타,승용,남,33세,상해없음,승용,남,32세,경상
2013122600100429,2013년 12월 26일 18시,목요일,인천광역시 부평구 삼산동,경상사고,0,0,2,0,차대차 - 추돌 - 진행중,안전거리미확보,건조,맑음,단일로 - 기타,화물,남,56세,상해없음,승용,남,24세,경상
2013122600100566,2013년 12월 26일 23시,목요일,인천광역시 부평구 부평동,경상사고,0,0,3,0,차대차 - 측면직각충돌,안전운전불이행,건조,맑음,교차로 - 교차로부근,승용,남,44세,상해없음,승용,남,34세,경상
2013122600100568,2013년 12월 26일 23시,목요일,인천광역시 남동구 구월동,중상사고,0,1,0,0,차대사람 - 기타,안전운전불이행,건조,맑음,단일로 - 기타,승합,남,55세,상해없음,보행자,여,21세,중상
2013122600100569,2013년 12월 26일 23시,목요일,인천광역시 부평구 삼산동,경상사고,0,0,1,0,차대차 - 추돌 - 진행중,안전운전불이행,건조,맑음,단일로 - 기타,승용,남,61세,상해없음,승용,남,25세,경상
2013122700100022,2013년 12월 27일 00시,금요일,인천광역시 계양구 작전동,중상사고,0,1,0,0,차대사람 - 차도통행중,안전운전불이행,건조,맑음,단일로 - 기타,승합,남,70세,상해없음,보행자,남,40세,중상
2013122700100033,2013년 12월 27일 01시,금요일,인천광역시 부평구 부평동,중상사고,0,1,1,1,차대차 - 추돌 - 주정차중,안전운전불이행,건조,맑음,단일로 - 기타,승용,남,34세,상해없음,승용,남,61세,중상
2013122700100073,2013년 12월 27일 06시,금요일,인천광역시 부평구 구산동,경상사고,0,0,1,0,차대차 - 추돌 - 주정차중,안전운전불이행,건조,맑음,단일로 - 기타,승용,남,23세,상해없음,승용,남,55세,경상
2013122700100092,2013년 12월 27일 07시,금요일,인천광역시 남동구 고잔동,사망사고,1,0,0,0,차대차 - 측면직각충돌,차로위반,건조,맑음,단일로 - 기타,자전거,남,59세,사망,화물,남,25세,상해없음
2013122700100136,2013년 12월 27일 09시,금요일,인천광역시 서구 당하동,경상사고,0,0,1,0,차대차 - 기타,안전운전불이행,건조,맑음,단일로 - 기타,화물,남,54세,상해없음,승용,여,54세,경상
2013122700100158,2013년 12월 27일 10시,금요일,인천광역시 남구 도화동,경상사고,0,0,1,0,차대사람 - 기타,안전운전불이행,건조,맑음,단일로 - 기타,승용,남,24세,상해없음,보행자,여,27세,경상
2013122700100159,2013년 12월 27일 10시,금요일,인천광역시 남구 도화동,경상사고,0,0,2,0,차대차 - 기타,안전운전불이행,건조,맑음,단일로 - 기타,승합,남,70세,상해없음,승용,남,59세,상해없음
2013122700100237,2013년 12월 27일 13시,금요일,인천광역시 남구 주안동,중상사고,0,1,0,0,차대차 - 기타,안전운전불이행,건조,맑음,교차로 - 교차로안,승용,남,55세,상해없음,승합,남,52세,중상
2013122700100260,2013년 12월 27일 14시,금요일,인천광역시 서구 가정동,경상사고,0,0,3,0,차대차 - 측면직각충돌,교차로운행방법위반,건조,맑음,단일로 - 기타,승용,남,69세,상해없음,승용,남,24세,경상
2013122700100313,2013년 12월 27일 16시,금요일,인천광역시 서구 심곡동,경상사고,0,0,1,0,차대차 - 기타,안전거리미확보,건조,맑음,단일로 - 기타,화물,남,66세,상해없음,승용,여,57세,경상
2013122700100314,2013년 12월 27일 16시,금요일,인천광역시 강화군 강화읍,부상신고사고,0,0,0,1,차대차 - 추돌 - 주정차중,안전운전불이행,건조,맑음,단일로 - 기타,이륜,남,80세,부상신고,승용,남,53세,상해없음
2013122700100343,2013년 12월 27일 17시,금요일,인천광역시 남구 관교동,경상사고,0,0,1,0,차대차 - 측면직각충돌,안전운전불이행,건조,맑음,단일로 - 기타,승용,남,58세,경상,승합,남,48세,상해없음
2013122700100344,2013년 12월 27일 17시,금요일,인천광역시 부평구 부평동,경상사고,0,0,1,0,차대사람 - 보도통행중,기타,건조,맑음,단일로 - 기타,승용,여,47세,상해없음,보행자,여,19세,경상
2013122700100384,2013년 12월 27일 18시,금요일,인천광역시 남동구 구월동,경상사고,0,0,3,0,차대차 - 추돌 - 진행중,안전거리미확보,건조,맑음,단일로 - 기타,승용,남,34세,상해없음,승합,남,58세,경상
2013122700100385,2013년 12월 27일 18시,금요일,인천광역시 남동구 만수동,경상사고,0,0,1,0,차대사람 - 기타,안전운전불이행,건조,맑음,교차로 - 교차로부근,승합,남,59세,상해없음,보행자,여,58세,경상
2013122700100422,2013년 12월 27일 19시,금요일,인천광역시 중구 운북동,부상신고사고,0,0,0,2,차대차 - 기타,안전거리미확보,건조,맑음,단일로 - 기타,승용,기타불명,기타불명,기타불명,승용,남,25세,부상신고
2013122700100461,2013년 12월 27일 20시,금요일,인천광역시 중구 중산동,중상사고,0,1,2,0,차대차 - 측면직각충돌,안전운전불이행,건조,맑음,단일로 - 기타,승용,남,74세,상해없음,승용,남,37세,경상
2013122700100495,2013년 12월 27일 21시,금요일,인천광역시 중구 신포동,경상사고,0,0,2,0,차대차 - 기타,안전운전불이행,건조,맑음,단일로 - 기타,승용,남,44세,상해없음,승용,여,34세,경상
2013122700100523,2013년 12월 27일 22시,금요일,인천광역시 서구 검암동,경상사고,0,0,2,0,차대차 - 추돌 - 진행중,안전운전불이행,건조,맑음,교차로 - 교차로부근,승용,남,27세,상해없음,승용,남,31세,경상
2013122700100559,2013년 12월 27일 23시,금요일,인천광역시 서구 심곡동,중상사고,0,2,0,0,차대차 - 추돌 - 주정차중,안전거리미확보,건조,맑음,교차로 - 교차로부근,승합,남,48세,상해없음,승용,남,26세,중상
2013122700100560,2013년 12월 27일 23시,금요일,인천광역시 서구 공촌동,경상사고,0,0,1,0,차대차 - 기타,안전거리미확보,건조,맑음,단일로 - 기타,기타불명,기타불명,기타불명,기타불명,승용,남,32세,상해없음
2013122700100561,2013년 12월 27일 23시,금요일,인천광역시 연수구 옥련동,경상사고,0,0,1,0,차대차 - 측면직각충돌,안전운전불이행,건조,맑음,단일로 - 기타,승용,남,32세,상해없음,승용,여,38세,경상
2013122800100031,2013년 12월 28일 00시,토요일,인천광역시 남동구 만수동,경상사고,0,0,2,0,차대차 - 추돌 - 진행중,안전운전불이행,건조,맑음,기타 - 기타,승용,남,26세,상해없음,승용,남,39세,경상
2013122800100032,2013년 12월 28일 00시,토요일,인천광역시 남동구 논현동,중상사고,0,1,1,1,차대차 - 측면직각충돌,신호위반,건조,맑음,교차로 - 교차로안,승용,남,41세,상해없음,승합,남,39세,경상
2013122800100056,2013년 12월 28일 01시,토요일,인천광역시 남구 주안동,경상사고,0,0,1,0,차대사람 - 기타,안전운전불이행,건조,맑음,단일로 - 횡단보도상,승용,남,39세,상해없음,보행자,남,29세,경상
2013122800100057,2013년 12월 28일 01시,토요일,인천광역시 부평구 부개동,경상사고,0,0,5,0,차대차 - 추돌 - 주정차중,안전운전불이행,건조,맑음,단일로 - 횡단보도부근,승합,남,41세,상해없음,승용,남,53세,경상
2013122800100150,2013년 12월 28일 06시,토요일,인천광역시 계양구 박촌동,경상사고,0,0,2,0,차대차 - 측면직각충돌,신호위반,건조,맑음,교차로 - 교차로안,승용,남,56세,상해없음,화물,남,56세,경상
2013122800100163,2013년 12월 28일 07시,토요일,인천광역시 동구 송림동,중상사고,0,1,0,0,차대차 - 추돌 - 진행중,안전운전불이행,건조,맑음,단일로 - 기타,승용,남,26세,상해없음,승용,남,58세,중상
2013122800100218,2013년 12월 28일 10시,토요일,인천광역시 남구 문학동,경상사고,0,0,2,0,차대차 - 기타,신호위반,건조,맑음,교차로 - 교차로안,건설기계,남,54세,상해없음,승용,남,58세,경상
2013122800100243,2013년 12월 28일 11시,토요일,인천광역시 남구 용현동,경상사고,0,0,2,0,차대차 - 추돌 - 진행중,안전운전불이행,건조,맑음,기타 - 기타,승용,남,50세,상해없음,승용,남,51세,경상
2013122800100273,2013년 12월 28일 12시,토요일,인천광역시 남구 도화동,경상사고,0,0,1,0,차대차 - 추돌 - 주정차중,안전거리미확보,건조,맑음,교차로 - 교차로안,승용,남,57세,상해없음,승용,남,37세,경상
2013122800100326,2013년 12월 28일 14시,토요일,인천광역시 서구 석남동,경상사고,0,0,2,0,차대차 - 기타,신호위반,건조,맑음,교차로 - 교차로안,승용,남,40세,상해없음,승용,남,31세,경상
2013122800100327,2013년 12월 28일 14시,토요일,인천광역시 강화군 길상면,경상사고,0,0,2,0,차대차 - 기타,교차로운행방법위반,건조,맑음,교차로 - 교차로안,승용,남,27세,경상,승합,남,48세,상해없음
2013122800100328,2013년 12월 28일 14시,토요일,인천광역시 부평구 부개동,경상사고,0,0,2,0,차대차 - 추돌 - 진행중,안전운전불이행,습기,맑음,교차로 - 교차로부근,화물,남,46세,상해없음,화물,남,45세,경상
2013122800100354,2013년 12월 28일 15시,토요일,인천광역시 부평구 산곡동,경상사고,0,0,1,0,차대차 - 기타,안전거리미확보,건조,맑음,단일로 - 기타,승용,남,54세,상해없음,화물,남,50세,경상
2013122800100379,2013년 12월 28일 16시,토요일,인천광역시 서구 경서동,중상사고,0,1,0,0,차대차 - 기타,안전거리미확보,건조,맑음,교차로 - 교차로부근,승용,여,45세,상해없음,승용,여,43세,중상
2013122800100380,2013년 12월 28일 16시,토요일,인천광역시 계양구 계산동,중상사고,0,1,0,0,차대사람 - 횡단중,안전운전불이행,건조,맑음,단일로 - 기타,승용,남,54세,상해없음,보행자,여,39세,중상
2013122800100381,2013년 12월 28일 16시,토요일,인천광역시 계양구 용종동,경상사고,0,0,1,0,차대차 - 측면직각충돌,안전운전불이행,건조,맑음,교차로 - 교차로부근,이륜,남,18세,경상,승합,남,50세,상해없음
2013122800100453,2013년 12월 28일 18시,토요일,인천광역시 남구 주안동,경상사고,0,0,1,0,차대차 - 측면직각충돌,기타,건조,맑음,단일로 - 기타,승용,남,53세,상해없음,승합,남,55세,상해없음
2013122800100454,2013년 12월 28일 18시,토요일,인천광역시 부평구 산곡동,경상사고,0,0,1,0,차대사람 - 기타,안전운전불이행,건조,맑음,단일로 - 기타,승용,남,42세,상해없음,보행자,여,53세,경상
2013122800100455,2013년 12월 28일 18시,토요일,인천광역시 연수구 청학동,경상사고,0,0,1,0,차대차 - 추돌 - 진행중,안전운전불이행,건조,맑음,단일로 - 기타,승용,남,57세,상해없음,승용,여,56세,경상
2013122800100513,2013년 12월 28일 20시,토요일,인천광역시 부평구 산곡동,경상사고,0,0,4,0,차대차 - 기타,안전운전불이행,건조,맑음,단일로 - 기타,승용,남,62세,상해없음,승용,남,40세,경상
2013122800100514,2013년 12월 28일 20시,토요일,인천광역시 부평구 갈산동,중상사고,0,1,0,0,차대차 - 측면직각충돌,안전운전불이행,건조,맑음,단일로 - 기타,이륜,남,15세,상해없음,이륜,남,52세,중상
2013122800100515,2013년 12월 28일 20시,토요일,인천광역시 부평구 부평동,경상사고,0,0,1,0,차대차 - 기타,안전운전불이행,건조,맑음,단일로 - 기타,이륜,남,15세,상해없음,승용,남,31세,상해없음
2013122800100539,2013년 12월 28일 21시,토요일,인천광역시 중구 신포동,경상사고,0,0,1,0,차대차 - 추돌 - 주정차중,안전운전불이행,건조,맑음,단일로 - 기타,승용,남,43세,상해없음,승용,남,66세,상해없음
2013122800100589,2013년 12월 28일 23시,토요일,인천광역시 남구 용현동,중상사고,0,1,0,0,차대사람 - 기타,안전운전불이행,건조,맑음,단일로 - 기타,승용,여,47세,상해없음,보행자,남,52세,중상
2013122800100590,2013년 12월 28일 23시,토요일,인천광역시 남동구 간석동,경상사고,0,0,1,0,차대사람 - 기타,안전운전불이행,건조,맑음,단일로 - 기타,승용,남,66세,상해없음,보행자,남,58세,경상
2013122800100591,2013년 12월 28일 23시,토요일,인천광역시 남동구 간석동,사망사고,1,0,0,0,차대차 - 기타,안전운전불이행,건조,맑음,단일로 - 횡단보도부근,승용,여,34세,상해없음,승용,남,28세,상해없음
2013122800100592,2013년 12월 28일 23시,토요일,인천광역시 남동구 논현동,중상사고,0,1,1,0,차대차 - 기타,안전운전불이행,건조,맑음,단일로 - 기타,승용,남,43세,상해없음,승용,남,27세,경상
2013122800100593,2013년 12월 28일 23시,토요일,인천광역시 계양구 계산동,경상사고,0,0,1,0,차대사람 - 횡단중,안전운전불이행,건조,맑음,단일로 - 기타,화물,남,22세,상해없음,보행자,남,20세,경상
2013122900100039,2013년 12월 29일 01시,일요일,인천광역시 서구 가정동,경상사고,0,0,1,0,차량단독 - 기타,안전운전불이행,습기,흐림,교차로 - 교차로부근,승용,남,61세,상해없음,,,,
2013122900100066,2013년 12월 29일 02시,일요일,인천광역시 계양구 효성동,중상사고,0,1,1,0,차대차 - 측면직각충돌,신호위반,건조,맑음,교차로 - 교차로안,승용,남,61세,상해없음,승용,여,60세,중상
2013122900100130,2013년 12월 29일 07시,일요일,인천광역시 중구 인현동,경상사고,0,0,1,0,차대사람 - 횡단중,안전운전불이행,건조,맑음,교차로 - 교차로부근,승용,남,55세,상해없음,보행자,남,54세,경상
2013122900100155,2013년 12월 29일 09시,일요일,인천광역시 부평구 부평동,중상사고,0,2,1,0,차대차 - 측면직각충돌,안전운전불이행,건조,맑음,단일로 - 기타,승합,남,34세,중상,승용,남,35세,경상
2013122900100208,2013년 12월 29일 13시,일요일,인천광역시 중구 운서동,중상사고,0,1,0,0,차대차 - 추돌 - 진행중,안전운전불이행,건조,맑음,미분류 - 미분류,승합,남,30세,상해없음,승용,여,59세,중상
2013122900100209,2013년 12월 29일 13시,일요일,인천광역시 남동구 고잔동,경상사고,0,0,1,0,차대차 - 기타,교차로운행방법위반,건조,맑음,교차로 - 교차로안,승용,남,27세,상해없음,화물,남,64세,경상
2013122900100245,2013년 12월 29일 15시,일요일,인천광역시 부평구 부평동,경상사고,0,0,2,0,차대차 - 추돌 - 주정차중,안전운전불이행,건조,흐림,교차로 - 교차로안,승용,남,56세,상해없음,승용,남,38세,경상
2013122900100262,2013년 12월 29일 16시,일요일,인천광역시 남동구 만수동,경상사고,0,0,3,0,차대차 - 측면직각충돌,안전운전불이행,건조,맑음,단일로 - 기타,승용,남,34세,상해없음,승용,여,36세,경상
2013122900100291,2013년 12월 29일 17시,일요일,인천광역시 중구 신흥동2가,중상사고,0,1,0,0,차대사람 - 기타,안전운전불이행,결빙,눈,단일로 - 기타,승용,남,33세,상해없음,보행자,여,75세,중상
2013122900100293,2013년 12월 29일 17시,일요일,인천광역시 계양구 작전동,경상사고,0,0,1,0,차대차 - 측면직각충돌,중앙선침범,건조,맑음,단일로 - 기타,자전거,남,61세,경상,승용,남,38세,상해없음
2013122900100294,2013년 12월 29일 17시,일요일,인천광역시 부평구 일신동,경상사고,0,0,1,0,차대차 - 측면직각충돌,안전운전불이행,습기,눈,교차로 - 교차로부근,승용,남,62세,상해없음,승용,남,44세,경상
2013122900100333,2013년 12월 29일 18시,일요일,인천광역시 남동구 논현동,경상사고,0,0,2,0,차대차 - 추돌 - 주정차중,안전운전불이행,적설,눈,교차로 - 교차로부근,승용,여,36세,상해없음,승용,여,54세,경상
2013122900100334,2013년 12월 29일 18시,일요일,인천광역시 남동구 논현동,경상사고,0,0,1,0,차량단독 - 기타,안전운전불이행,결빙,눈,단일로 - 기타,승합,남,45세,상해없음,,,,
2013122900100335,2013년 12월 29일 18시,일요일,인천광역시 서구 왕길동,중상사고,0,2,0,0,차대차 - 기타,안전거리미확보,건조,맑음,단일로 - 기타,승용,남,36세,상해없음,승용,남,28세,중상
2013122900100336,2013년 12월 29일 18시,일요일,인천광역시 부평구 부평동,경상사고,0,0,1,0,차대차 - 측면직각충돌,교차로운행방법위반,건조,맑음,교차로 - 교차로안,승용,남,36세,상해없음,이륜,남,47세,경상
2013122900100360,2013년 12월 29일 19시,일요일,인천광역시 부평구 십정동,중상사고,0,1,0,0,차대사람 - 횡단중,안전운전불이행,건조,맑음,단일로 - 횡단보도부근,승용,남,33세,상해없음,보행자,남,64세,중상
2013122900100387,2013년 12월 29일 20시,일요일,인천광역시 남구 학익동,경상사고,0,0,2,0,차대차 - 추돌 - 주정차중,안전운전불이행,건조,맑음,단일로 - 기타,승용,남,42세,상해없음,승용,남,64세,경상
2013122900100417,2013년 12월 29일 21시,일요일,인천광역시 서구 원창동,중상사고,0,1,0,0,차대차 - 측면직각충돌,신호위반,건조,맑음,교차로 - 교차로안,화물,남,51세,상해없음,승용,남,32세,중상
2013123000100092,2013년 12월 30일 07시,월요일,인천광역시 중구 유동,중상사고,0,1,0,0,차대차 - 추돌 - 진행중,안전운전불이행,건조,맑음,단일로 - 기타,승용,남,36세,상해없음,승용,남,54세,중상
2013123000100093,2013년 12월 30일 07시,월요일,인천광역시 부평구 부평동,중상사고,0,4,0,0,차대차 - 정면충돌,중앙선침범,건조,맑음,단일로 - 횡단보도상,승용,남,55세,중상,승합,남,61세,중상
2013123000100094,2013년 12월 30일 07시,월요일,인천광역시 연수구 옥련동,사망사고,1,0,0,0,차대차 - 기타,중앙선침범,결빙,맑음,단일로 - 기타,승용,남,32세,상해없음,화물,남,48세,사망
2013123000100123,2013년 12월 30일 08시,월요일,인천광역시 서구 경서동,경상사고,0,0,1,0,차대차 - 측면직각충돌,안전운전불이행,건조,맑음,기타 - 기타,승용,여,50세,기타불명,승용,남,32세,경상
2013123000100145,2013년 12월 30일 09시,월요일,인천광역시 부평구 갈산동,경상사고,0,0,1,0,차대사람 - 기타,안전운전불이행,습기,맑음,단일로 - 기타,승용,남,61세,상해없음,보행자,남,33세,경상
2013123000100146,2013년 12월 30일 09시,월요일,인천광역시 남동구 간석동,경상사고,0,0,2,0,차대차 - 추돌 - 진행중,안전운전불이행,건조,맑음,교차로 - 교차로부근,승용,여,34세,경상,승용,남,32세,경상
2013123000100170,2013년 12월 30일 10시,월요일,인천광역시 연수구 청학동,경상사고,0,0,1,0,차대차 - 측면직각충돌,신호위반,건조,맑음,교차로 - 교차로안,승합,남,70세,상해없음,승용,여,45세,경상
2013123000100224,2013년 12월 30일 12시,월요일,인천광역시 남동구 남촌동,경상사고,0,0,1,0,차대차 - 측면직각충돌,신호위반,건조,맑음,교차로 - 교차로안,승용,남,24세,상해없음,승용,남,36세,경상
2013123000100225,2013년 12월 30일 12시,월요일,인천광역시 계양구 다남동,중상사고,0,1,0,0,차대차 - 정면충돌,중앙선침범,습기,맑음,단일로 - 기타,승합,남,57세,상해없음,승용,남,44세,중상
2013123000100256,2013년 12월 30일 13시,월요일,인천광역시 남구 도화동,중상사고,0,2,0,0,차대차 - 측면직각충돌,안전운전불이행,건조,맑음,단일로 - 기타,승용,남,33세,상해없음,승합,남,67세,상해없음
2013123000100257,2013년 12월 30일 13시,월요일,인천광역시 부평구 부개동,경상사고,0,0,1,0,차대차 - 측면직각충돌,안전운전불이행,건조,맑음,교차로 - 교차로부근,승용,남,44세,상해없음,승용,남,53세,경상
2013123000100281,2013년 12월 30일 14시,월요일,인천광역시 부평구 십정동,경상사고,0,0,1,0,차대차 - 기타,안전운전불이행,건조,맑음,교차로 - 교차로부근,화물,남,63세,상해없음,승용,여,40세,경상
2013123000100282,2013년 12월 30일 14시,월요일,인천광역시 남동구 간석동,경상사고,0,0,1,0,차대사람 - 보도통행중,보행자보호의무위반,건조,맑음,단일로 - 횡단보도상,승용,남,69세,상해없음,보행자,여,17세,경상
2013123000100306,2013년 12월 30일 15시,월요일,인천광역시 남구 주안동,중상사고,0,1,0,0,차대차 - 기타,안전운전불이행,건조,맑음,교차로 - 교차로안,화물,남,64세,상해없음,승용,여,50세,중상
2013123000100307,2013년 12월 30일 15시,월요일,인천광역시 부평구 부평동,경상사고,0,0,2,0,차대차 - 추돌 - 주정차중,안전운전불이행,건조,맑음,단일로 - 기타,승용,남,53세,상해없음,승용,남,63세,경상
2013123000100337,2013년 12월 30일 16시,월요일,인천광역시 남동구 구월동,경상사고,0,0,3,0,차대차 - 추돌 - 주정차중,안전운전불이행,건조,맑음,교차로 - 교차로부근,승용,여,33세,상해없음,승용,남,37세,경상
2013123000100377,2013년 12월 30일 17시,월요일,인천광역시 서구 금곡동,중상사고,0,1,0,0,차대차 - 추돌 - 주정차중,안전운전불이행,건조,맑음,단일로 - 기타,승용,여,53세,상해없음,화물,남,52세,중상
2013123000100378,2013년 12월 30일 17시,월요일,인천광역시 계양구 작전동,경상사고,0,0,1,0,차대사람 - 횡단중,보행자보호의무위반,건조,맑음,단일로 - 횡단보도상,승용,여,52세,상해없음,보행자,여,67세,경상
2013123000100425,2013년 12월 30일 18시,월요일,인천광역시 동구 화평동,중상사고,0,1,0,0,차대사람 - 기타,보행자보호의무위반,건조,맑음,단일로 - 횡단보도상,승용,남,59세,상해없음,보행자,남,55세,중상
2013123000100426,2013년 12월 30일 18시,월요일,인천광역시 동구 송현동,중상사고,0,1,0,0,차대사람 - 보도통행중,안전운전불이행,습기,맑음,단일로 - 횡단보도상,승용,남,31세,상해없음,보행자,여,81세,중상
2013123000100509,2013년 12월 30일 20시,월요일,인천광역시 동구 송림동,경상사고,0,0,2,0,차대차 - 추돌 - 주정차중,안전운전불이행,건조,맑음,단일로 - 기타,승용,남,24세,상해없음,이륜,남,46세,경상
2013123000100510,2013년 12월 30일 20시,월요일,인천광역시 남구 용현동,경상사고,0,0,2,1,차대차 - 추돌 - 진행중,안전운전불이행,건조,맑음,교차로 - 교차로부근,승용,남,26세,상해없음,승용,남,50세,경상
2013123000100551,2013년 12월 30일 21시,월요일,인천광역시 중구 운서동,중상사고,0,1,1,0,차대차 - 기타,신호위반,건조,맑음,교차로 - 교차로안,승용,여,29세,중상,건설기계,남,55세,경상
2013123000100552,2013년 12월 30일 21시,월요일,인천광역시 서구 가정동,중상사고,0,1,0,0,차대사람 - 기타,안전운전불이행,건조,맑음,단일로 - 기타,승용,남,44세,상해없음,보행자,여,28세,중상
2013123000100593,2013년 12월 30일 22시,월요일,인천광역시 중구 신흥동3가,중상사고,0,1,1,0,차대차 - 측면직각충돌,교차로운행방법위반,건조,맑음,교차로 - 교차로안,승용,여,32세,상해없음,승용,남,35세,중상
2013123000100594,2013년 12월 30일 22시,월요일,인천광역시 남구 학익동,경상사고,0,0,1,0,차대차 - 기타,신호위반,건조,맑음,교차로 - 교차로안,승용,여,53세,상해없음,승용,남,48세,상해없음
2013123000100595,2013년 12월 30일 22시,월요일,인천광역시 계양구 작전동,경상사고,0,0,1,0,차대차 - 측면직각충돌,교차로운행방법위반,건조,맑음,교차로 - 교차로안,승용,남,39세,상해없음,승합,남,61세,상해없음
2013123100100030,2013년 12월 31일 00시,화요일,인천광역시 계양구 용종동,중상사고,0,1,0,0,차대사람 - 횡단중,신호위반,건조,맑음,교차로 - 교차로부근,승용,기타불명,기타불명,기타불명,보행자,남,49세,중상
2013123100100068,2013년 12월 31일 02시,화요일,인천광역시 부평구 부평동,경상사고,0,0,1,0,차대사람 - 횡단중,안전운전불이행,건조,맑음,단일로 - 기타,승용,남,43세,상해없음,보행자,남,46세,경상
2013123100100069,2013년 12월 31일 02시,화요일,인천광역시 남동구 만수동,경상사고,0,0,2,0,차대차 - 기타,안전운전불이행,습기,흐림,단일로 - 기타,이륜,남,30세,상해없음,승용,남,60세,상해없음
2013123100100151,2013년 12월 31일 07시,화요일,인천광역시 남동구 만수동,중상사고,0,1,0,0,차대사람 - 횡단중,보행자보호의무위반,건조,맑음,교차로 - 교차로안,승합,남,39세,상해없음,보행자,남,28세,중상
2013123100100249,2013년 12월 31일 11시,화요일,인천광역시 부평구 청천동,경상사고,0,0,1,0,차대차 - 추돌 - 진행중,안전운전불이행,건조,맑음,교차로 - 교차로부근,승용,남,52세,상해없음,승용,남,33세,경상
2013123100100250,2013년 12월 31일 11시,화요일,인천광역시 서구 가정동,경상사고,0,0,1,1,차대차 - 측면직각충돌,교차로운행방법위반,건조,맑음,교차로 - 교차로안,화물,남,50세,상해없음,승용,남,51세,부상신고
2013123100100277,2013년 12월 31일 12시,화요일,인천광역시 서구 가정동,경상사고,0,0,1,0,차대사람 - 기타,안전운전불이행,건조,맑음,단일로 - 기타,기타불명,기타불명,기타불명,기타불명,보행자,여,27세,경상
2013123100100299,2013년 12월 31일 13시,화요일,인천광역시 동구 송현동,경상사고,0,0,1,0,차대차 - 측면직각충돌,중앙선침범,건조,맑음,교차로 - 교차로부근,승용,여,60세,상해없음,원동기,남,17세,경상
2013123100100356,2013년 12월 31일 15시,화요일,인천광역시 남동구 구월동,경상사고,0,0,1,0,차대사람 - 기타,안전운전불이행,건조,맑음,단일로 - 기타,승용,남,53세,상해없음,보행자,여,54세,경상
2013123100100357,2013년 12월 31일 15시,화요일,인천광역시 계양구 계산동,경상사고,0,0,1,0,차대차 - 추돌 - 진행중,안전거리미확보,건조,맑음,단일로 - 기타,화물,남,38세,상해없음,승용,여,23세,경상
2013123100100416,2013년 12월 31일 17시,화요일,인천광역시 남동구 서창동,사망사고,1,0,0,0,차대차 - 측면직각충돌,안전운전불이행,건조,맑음,교차로 - 교차로안,승합,남,58세,상해없음,이륜,남,59세,사망
2013123100100417,2013년 12월 31일 17시,화요일,인천광역시 부평구 삼산동,경상사고,0,0,2,0,차대차 - 추돌 - 진행중,안전운전불이행,건조,맑음,단일로 - 횡단보도부근,승용,여,34세,상해없음,승용,남,25세,경상
2013123100100466,2013년 12월 31일 18시,화요일,인천광역시 강화군 양도면,경상사고,0,0,1,0,차대차 - 측면직각충돌,중앙선침범,건조,맑음,단일로 - 기타,승용,여,57세,상해없음,화물,남,56세,경상
2013123100100525,2013년 12월 31일 19시,화요일,인천광역시 부평구 부평동,경상사고,0,0,1,0,차대사람 - 기타,안전운전불이행,건조,맑음,단일로 - 기타,승용,남,55세,상해없음,보행자,여,52세,경상
2013123100100570,2013년 12월 31일 20시,화요일,인천광역시 계양구 효성동,중상사고,0,1,0,0,차대차 - 측면직각충돌,신호위반,건조,맑음,교차로 - 교차로안,화물,남,57세,상해없음,승용,남,60세,중상
2013123100100601,2013년 12월 31일 21시,화요일,인천광역시 서구 마전동,경상사고,0,0,1,0,차대차 - 추돌 - 주정차중,안전운전불이행,건조,맑음,교차로 - 교차로부근,승용,남,42세,상해없음,승용,남,44세,상해없음